{
  "behaviour": "antonym_operation",
  "n_prompts": 20,
  "full_matrix_missingness": 0.9479166666666666,
  "structural_missingness": 0.9375,
  "effective_missingness": 0.16666666666666666,
  "n_features": 72,
  "n_experiment_types": 3,
  "subsampling_curve": {
    "ks": [
      1,
      2,
      3,
      4,
      5,
      6,
      7,
      8,
      9,
      10,
      11,
      12,
      13,
      14,
      15,
      16,
      17,
      18,
      19,
      20
    ],
    "coverages": [
      0.9611111111111111,
      0.9777777777777777,
      1.0,
      0.9944444444444445,
      0.9944444444444445,
      1.0,
      1.0,
      1.0,
      1.0,
      1.0,
      1.0,
      1.0,
      1.0,
      1.0,
      1.0,
      1.0,
      1.0,
      1.0,
      1.0,
      1.0
    ]
  },
  "target_n": {
    "0.8": 1,
    "0.9": 1
  }
}