layer,feature_idx,mean_activation,std_activation,activation_frequency,correlation_with_logit_diff,abs_correlation
15,127839,6.75625,1.1598171,1.0,0.28321595639110664,0.28321595639110664
15,27553,3.5265625,0.5120639,1.0,-0.2055456727897801,0.2055456727897801
15,144842,1.2654297,0.86598706,0.85,0.1912279892153747,0.1912279892153747
15,111371,1.1768799,1.1763711,0.65,0.18143983049722356,0.18143983049722356
15,32893,0.7589844,0.7549356,0.6,-0.14020311096171473,0.14020311096171473
15,135551,0.73950195,0.9268002,0.55,-0.1133344895396144,0.1133344895396144
15,126720,2.991797,0.90465736,1.0,-0.003839880182041952,0.003839880182041952
