layer,feature_idx,mean_activation,std_activation,activation_frequency,correlation_with_logit_diff,abs_correlation
17,65581,0.03956299,0.055344783,0.5,0.33715585251193464,0.33715585251193464
17,3637,0.058860015,0.06350117,0.75,0.2996476730434662,0.2996476730434662
17,44675,1.826355,1.2315309,0.9,0.2485199889252315,0.2485199889252315
17,111317,6.1875,1.1765531,1.0,-0.12647505978590096,0.12647505978590096
17,151157,3.7226562,0.42864576,1.0,0.011718353216936489,0.011718353216936489
