layer,feature_idx,mean_activation,std_activation,activation_frequency,correlation_with_logit_diff,abs_correlation
18,143489,0.033869933,0.08062872,0.35,0.46551652462208193,0.46551652462208193
18,152973,9.685938,0.9120758,1.0,-0.06224660524211742,0.06224660524211742
18,109919,3.8152344,0.8342977,1.0,0.03551266252457668,0.03551266252457668
