layer,feature_idx,mean_activation,std_activation,activation_frequency,correlation_with_logit_diff,abs_correlation
19,135661,0.021911621,0.033204343,0.45,0.4555081442117732,0.4555081442117732
19,103010,0.08206177,0.08877105,0.75,0.39215355334512947,0.39215355334512947
19,11545,1.313916,1.0729496,0.95,0.3002140450722168,0.3002140450722168
19,44984,2.6339843,0.6689401,1.0,-0.20678317383948006,0.20678317383948006
19,68247,1.7609375,1.592632,0.6,-0.16582812802339483,0.16582812802339483
19,141119,2.672168,1.0125962,1.0,0.0556991492531512,0.0556991492531512
