{
  "timestamp": "2026-05-05T10:22:46.693309",
  "model": "Qwen/Qwen3-4B-Instruct-2507",
  "split": "train",
  "behaviours": {
    "physics_particle_candidate_selection": {
      "accuracy": 0.8295819935691319,
      "accuracy_valid_only": 0.8295819935691319,
      "accuracy_sign": 0.8488745980707395,
      "mean_logprob_diff": 5.409428010452119,
      "mean_logprob_diff_normalized": 4.470968133850784,
      "median_logprob_diff_normalized": 4.146432518959045,
      "std_logprob_diff_normalized": 4.0357142925177785,
      "mean_correct_token_len": 1.257234726688103,
      "mean_incorrect_token_len": 1.3344051446945338,
      "length_mismatch_rate": 0.4115755627009646,
      "n_success": 258,
      "n_total": 311,
      "n_valid": 311,
      "n_errors": 0,
      "passed": false,
      "score_method": "teacher_forced_logprob",
      "success_metric": "normalized_per_token",
      "threshold": 0.5
    }
  }
}