feature_id,layer,feature_idx_0,mean_effect_en,mean_effect_fr,n_en,n_fr,sem_effect_en,sem_effect_fr,is_bridge,bridge_score
L25_F43384,25,43384,-1.1681547619047619,-0.8645833333333334,21.0,24.0,0.2728190385957234,0.15101823906266876,True,0.8645833333333334
L20_F89162,20,89162,-0.7879464285714286,-0.625,7.0,1.0,0.34065600869903223,,True,0.625
L23_F5853,23,5853,-0.5381944444444444,-0.7220394736842105,9.0,19.0,0.4112861512685646,0.29137178405527164,True,0.5381944444444444
L22_F41906,22,41906,-0.6026785714285714,-0.35625,14.0,20.0,0.24029114155942355,0.18379564416979383,True,0.35625
L22_F78043,22,78043,-0.30625,-1.1953125,10.0,4.0,0.16149529146902908,0.45040039334232007,True,0.30625
L11_F22932,11,22932,-0.19401041666666666,-0.16145833333333334,24.0,24.0,0.17447980038550284,0.06670805157948627,True,0.16145833333333334
L20_F145235,20,145235,-0.11029411764705882,-0.561141304347826,17.0,23.0,0.18023847845419808,0.11395899861848646,True,0.11029411764705882
L12_F146578,12,146578,-1.4776785714285714,-0.1015625,14.0,4.0,0.43449009478315864,0.023437500000000003,True,0.1015625
L14_F41052,14,41052,-0.07682291666666667,-0.10026041666666667,24.0,24.0,0.1768965390423838,0.12331832967808924,True,0.07682291666666667
