cluster_id,cluster_layers,cluster_n_features,cluster_iia,cue_type,correct_ans,n_prompts,n_flipped,flip_rate,mean_signed_effect,median_signed_effect,std_signed_effect,mean_abs_effect,max_abs_effect,mean_baseline,strength
1,L22,12,0.057,AUX,alpha,174,0,0.0,0.336566091954023,0.3125,0.2776117906362153,0.3588362068965517,0.875,1.2377873563218391,0.0
1,L22,12,0.057,cluster_ejection,alpha,10,0,0.0,0.3,0.34375,0.2648374763678451,0.3125,0.875,1.64375,0.0
1,L22,12,0.057,cluster_ejection_daughter,alpha,10,0,0.0,0.3,0.3125,0.20369844269300527,0.3,0.5625,1.04375,0.0
1,L22,12,0.057,cluster_no_creation,alpha,8,0,0.0,0.1015625,0.09375,0.2476169907480964,0.2109375,0.5,1.203125,0.0
1,L22,12,0.057,daughter_a_minus4,alpha,10,0,0.0,0.21875,0.15625,0.172426514137988,0.21875,0.4375,1.14375,0.0
1,L22,12,0.057,daughter_z_minus2,alpha,12,0,0.0,0.14583333333333334,0.09375,0.18907169555649006,0.15625,0.625,0.921875,0.0
1,L22,12,0.057,discrete_energy_spectrum,alpha,1,0,0.0,0.5625,0.5625,,0.5625,0.5625,1.25,0.0
1,L22,12,0.057,element_shift_minus2,alpha,1,0,0.0,0.125,0.125,,0.125,0.125,1.75,0.0
1,L22,12,0.057,emitted_2neutrons,alpha,8,0,0.0,0.328125,0.3125,0.15217911204517243,0.328125,0.5625,1.015625,0.0
1,L22,12,0.057,emitted_2protons,alpha,8,0,0.0,0.4375,0.4375,0.1336306209562122,0.4375,0.6875,1.078125,0.0
1,L22,12,0.057,emitted_charge_plus2,alpha,12,0,0.0,0.5833333333333334,0.5625,0.2104063528825433,0.5833333333333334,0.9375,1.109375,0.0
1,L22,12,0.057,emitted_mass4,alpha,12,0,0.0,0.4375,0.46875,0.21976226824788314,0.4375,0.875,1.0416666666666667,0.0
1,L22,12,0.057,no_new_particles,alpha,1,0,0.0,0.3125,0.3125,,0.3125,0.3125,1.0,0.0
1,L22,12,0.057,no_quark_flavour_change,alpha,1,0,0.0,0.1875,0.1875,,0.1875,0.1875,1.3125,0.0
1,L22,12,0.057,not_weak_force,alpha,1,0,0.0,0.1875,0.1875,,0.1875,0.1875,0.25,0.0
1,L22,12,0.057,AUX,beta,172,16,0.09302325581395349,-0.20094476744186046,-0.1875,0.3151945489006286,0.3012354651162791,1.1875,0.07667151162790697,0.02802190373174689
1,L22,12,0.057,antineutrino_emitted,beta,10,1,0.1,0.075,0.03125,0.22204854324123713,0.1625,0.4375,-0.00625,0.01625
1,L22,12,0.057,continuous_energy_spectrum,beta,1,1,1.0,-0.1875,-0.1875,,0.1875,0.1875,0.0625,0.1875
1,L22,12,0.057,daughter_a_unchanged,beta,12,0,0.0,0.11458333333333333,0.1875,0.21458425271941908,0.19791666666666666,0.5,-0.859375,0.0
1,L22,12,0.057,daughter_n_minus1,beta,8,1,0.125,0.046875,0.09375,0.18221724671391565,0.15625,0.3125,-0.1484375,0.01953125
1,L22,12,0.057,daughter_z_plus1,beta,12,2,0.16666666666666666,-0.03125,-0.0625,0.2072890493972125,0.16666666666666666,0.375,-0.22395833333333334,0.027777777777777776
1,L22,12,0.057,element_shift_plus1,beta,1,0,0.0,0.125,0.125,,0.125,0.125,-1.3125,0.0
1,L22,12,0.057,emitted_charge_minus1,beta,12,1,0.08333333333333333,-0.34375,-0.40625,0.24786016035440042,0.3645833333333333,0.6875,-0.3333333333333333,0.03038194444444444
1,L22,12,0.057,emitted_mass_negligible,beta,8,0,0.0,-0.15625,-0.125,0.17034628596731172,0.15625,0.4375,-0.921875,0.0
1,L22,12,0.057,lepton_number_increases,beta,1,0,0.0,0.3125,0.3125,,0.3125,0.3125,-1.0,0.0
1,L22,12,0.057,lightest_charged_elementary,beta,1,0,0.0,-0.5625,-0.5625,,0.5625,0.5625,-1.125,0.0
1,L22,12,0.057,new_particles_created,beta,1,0,0.0,-0.375,-0.375,,0.375,0.375,-0.5625,0.0
1,L22,12,0.057,quark_change_z_plus1,beta,10,1,0.1,-0.18125,-0.0625,0.24553300864310143,0.20625,0.6875,0.4625,0.020625
1,L22,12,0.057,quark_flavour_change,beta,10,3,0.3,-0.55,-0.59375,0.21205017749999122,0.55,0.8125,0.51875,0.165
1,L22,12,0.057,w_boson_mediation,beta,10,0,0.0,-0.0875,0.0,0.268741924943285,0.2,0.625,-0.6875,0.0
2,L22,2,0.054,AUX,alpha,174,0,0.0,0.40660919540229884,0.4375,0.2924374289607135,0.4267241379310345,1.0625,1.2377873563218391,0.0
2,L22,2,0.054,cluster_ejection,alpha,10,0,0.0,0.48125,0.46875,0.2917410619405884,0.48125,1.125,1.64375,0.0
2,L22,2,0.054,cluster_ejection_daughter,alpha,10,0,0.0,0.45,0.46875,0.21205017749999122,0.45,0.75,1.04375,0.0
2,L22,2,0.054,cluster_no_creation,alpha,8,0,0.0,0.3203125,0.21875,0.2639786162200048,0.3203125,0.8125,1.203125,0.0
2,L22,2,0.054,daughter_a_minus4,alpha,10,0,0.0,0.325,0.3125,0.233482095435365,0.325,0.625,1.14375,0.0
2,L22,2,0.054,daughter_z_minus2,alpha,12,0,0.0,0.265625,0.21875,0.2215726973868232,0.265625,0.8125,0.921875,0.0
2,L22,2,0.054,discrete_energy_spectrum,alpha,1,0,0.0,0.5625,0.5625,,0.5625,0.5625,1.25,0.0
2,L22,2,0.054,element_shift_minus2,alpha,1,0,0.0,0.125,0.125,,0.125,0.125,1.75,0.0
2,L22,2,0.054,emitted_2neutrons,alpha,8,0,0.0,0.453125,0.5,0.22596519169363863,0.453125,0.8125,1.015625,0.0
2,L22,2,0.054,emitted_2protons,alpha,8,0,0.0,0.53125,0.5,0.12938729237669142,0.53125,0.75,1.078125,0.0
2,L22,2,0.054,emitted_charge_plus2,alpha,12,0,0.0,0.5885416666666666,0.625,0.22841215322837846,0.5885416666666666,0.9375,1.109375,0.0
2,L22,2,0.054,emitted_mass4,alpha,12,0,0.0,0.453125,0.5,0.2599237759770772,0.453125,1.0,1.0416666666666667,0.0
2,L22,2,0.054,no_new_particles,alpha,1,0,0.0,0.3125,0.3125,,0.3125,0.3125,1.0,0.0
2,L22,2,0.054,no_quark_flavour_change,alpha,1,0,0.0,0.1875,0.1875,,0.1875,0.1875,1.3125,0.0
2,L22,2,0.054,not_weak_force,alpha,1,0,0.0,0.1875,0.1875,,0.1875,0.1875,0.25,0.0
2,L22,2,0.054,AUX,beta,172,17,0.09883720930232558,-0.22492732558139536,-0.25,0.3625907254208616,0.35210755813953487,1.125,0.07667151162790697,0.03480132842076798
2,L22,2,0.054,antineutrino_emitted,beta,10,3,0.3,0.0375,0.125,0.26549220536789986,0.225,0.4375,-0.00625,0.0675
2,L22,2,0.054,continuous_energy_spectrum,beta,1,1,1.0,-0.125,-0.125,,0.125,0.125,0.0625,0.125
2,L22,2,0.054,daughter_a_unchanged,beta,12,0,0.0,0.109375,0.125,0.293302366865818,0.24479166666666666,0.5625,-0.859375,0.0
2,L22,2,0.054,daughter_n_minus1,beta,8,0,0.0,-0.046875,0.03125,0.1940809385650371,0.125,0.4375,-0.1484375,0.0
2,L22,2,0.054,daughter_z_plus1,beta,12,4,0.3333333333333333,-0.109375,-0.15625,0.21340881861731104,0.203125,0.375,-0.22395833333333334,0.06770833333333333
2,L22,2,0.054,element_shift_plus1,beta,1,0,0.0,0.0625,0.0625,,0.0625,0.0625,-1.3125,0.0
2,L22,2,0.054,emitted_charge_minus1,beta,12,1,0.08333333333333333,-0.3385416666666667,-0.375,0.2562546193227401,0.3489583333333333,0.6875,-0.3333333333333333,0.02907986111111111
2,L22,2,0.054,emitted_mass_negligible,beta,8,0,0.0,-0.1953125,-0.1875,0.15824617745326877,0.1953125,0.4375,-0.921875,0.0
2,L22,2,0.054,lepton_number_increases,beta,1,0,0.0,0.0,0.0,,0.0,0.0,-1.0,0.0
2,L22,2,0.054,lightest_charged_elementary,beta,1,0,0.0,-0.5,-0.5,,0.5,0.5,-1.125,0.0
2,L22,2,0.054,new_particles_created,beta,1,0,0.0,-0.375,-0.375,,0.375,0.375,-0.5625,0.0
2,L22,2,0.054,quark_change_z_plus1,beta,10,1,0.1,-0.19375,-0.09375,0.30963968755815385,0.26875,0.6875,0.4625,0.026875
2,L22,2,0.054,quark_flavour_change,beta,10,4,0.4,-0.73125,-0.8125,0.29617058241643257,0.73125,1.1875,0.51875,0.2925
2,L22,2,0.054,w_boson_mediation,beta,10,0,0.0,-0.225,-0.125,0.3646726081173511,0.2625,1.0625,-0.6875,0.0
5,L23,18,0.057,AUX,alpha,174,1,0.005747126436781609,0.8541666666666666,0.875,0.3423485840287829,0.8556034482758621,1.9375,1.2377873563218391,0.0049172611969877135
5,L23,18,0.057,cluster_ejection,alpha,10,0,0.0,1.025,1.125,0.3598803813614864,1.025,1.5625,1.64375,0.0
5,L23,18,0.057,cluster_ejection_daughter,alpha,10,0,0.0,0.83125,0.9375,0.4930506650774678,0.85625,1.4375,1.04375,0.0
5,L23,18,0.057,cluster_no_creation,alpha,8,0,0.0,0.8359375,0.8125,0.32379153760008705,0.8359375,1.4375,1.203125,0.0
5,L23,18,0.057,daughter_a_minus4,alpha,10,0,0.0,0.6375,0.65625,0.33695944365259545,0.6375,1.1875,1.14375,0.0
5,L23,18,0.057,daughter_z_minus2,alpha,12,0,0.0,0.40625,0.375,0.3355160543510142,0.4166666666666667,1.3125,0.921875,0.0
5,L23,18,0.057,discrete_energy_spectrum,alpha,1,0,0.0,0.6875,0.6875,,0.6875,0.6875,1.25,0.0
5,L23,18,0.057,element_shift_minus2,alpha,1,0,0.0,-0.0625,-0.0625,,0.0625,0.0625,1.75,0.0
5,L23,18,0.057,emitted_2neutrons,alpha,8,0,0.0,0.96875,1.03125,0.33574277994577084,0.96875,1.375,1.015625,0.0
5,L23,18,0.057,emitted_2protons,alpha,8,0,0.0,0.8828125,0.8125,0.2862891816602826,0.8828125,1.375,1.078125,0.0
5,L23,18,0.057,emitted_charge_plus2,alpha,12,0,0.0,0.796875,0.84375,0.29571393770761883,0.796875,1.1875,1.109375,0.0
5,L23,18,0.057,emitted_mass4,alpha,12,0,0.0,1.03125,0.96875,0.2814077840236316,1.03125,1.625,1.0416666666666667,0.0
5,L23,18,0.057,no_new_particles,alpha,1,0,0.0,0.5625,0.5625,,0.5625,0.5625,1.0,0.0
5,L23,18,0.057,no_quark_flavour_change,alpha,1,0,0.0,0.0625,0.0625,,0.0625,0.0625,1.3125,0.0
5,L23,18,0.057,not_weak_force,alpha,1,0,0.0,0.5,0.5,,0.5,0.5,0.25,0.0
5,L23,18,0.057,AUX,beta,172,28,0.16279069767441862,-0.5054505813953488,-0.5,0.3840790521543105,0.5461482558139535,1.375,0.07667151162790697,0.08890785559762035
5,L23,18,0.057,antineutrino_emitted,beta,10,6,0.6,-0.63125,-0.59375,0.23468729194398236,0.63125,1.0,-0.00625,0.37875
5,L23,18,0.057,continuous_energy_spectrum,beta,1,1,1.0,-0.375,-0.375,,0.375,0.375,0.0625,0.375
5,L23,18,0.057,daughter_a_unchanged,beta,12,0,0.0,-0.5885416666666666,-0.625,0.3893634933121522,0.5989583333333334,1.25,-0.859375,0.0
5,L23,18,0.057,daughter_n_minus1,beta,8,2,0.25,-0.484375,-0.5,0.3129461101486051,0.484375,0.9375,-0.1484375,0.12109375
5,L23,18,0.057,daughter_z_plus1,beta,12,5,0.4166666666666667,-0.21875,-0.125,0.25906847989040904,0.22916666666666666,0.75,-0.22395833333333334,0.0954861111111111
5,L23,18,0.057,element_shift_plus1,beta,1,0,0.0,0.125,0.125,,0.125,0.125,-1.3125,0.0
5,L23,18,0.057,emitted_charge_minus1,beta,12,1,0.08333333333333333,-0.6197916666666666,-0.6875,0.2520629844028286,0.6197916666666666,1.0625,-0.3333333333333333,0.05164930555555555
5,L23,18,0.057,emitted_mass_negligible,beta,8,0,0.0,-0.9453125,-0.96875,0.22018027313674454,0.9453125,1.3125,-0.921875,0.0
5,L23,18,0.057,lepton_number_increases,beta,1,0,0.0,-0.3125,-0.3125,,0.3125,0.3125,-1.0,0.0
5,L23,18,0.057,lightest_charged_elementary,beta,1,0,0.0,-1.25,-1.25,,1.25,1.25,-1.125,0.0
5,L23,18,0.057,new_particles_created,beta,1,0,0.0,-0.6875,-0.6875,,0.6875,0.6875,-0.5625,0.0
5,L23,18,0.057,quark_change_z_plus1,beta,10,3,0.3,-0.33125,-0.375,0.35969943085242095,0.41875,0.9375,0.4625,0.125625
5,L23,18,0.057,quark_flavour_change,beta,10,5,0.5,-0.95625,-0.9375,0.4114781113390008,0.95625,1.625,0.51875,0.478125
5,L23,18,0.057,w_boson_mediation,beta,10,0,0.0,-0.675,-0.59375,0.3630025252437417,0.675,1.375,-0.6875,0.0
8,L23,2,0.06,AUX,alpha,174,1,0.005747126436781609,0.6652298850574713,0.6875,0.2872339513378298,0.6652298850574713,1.4375,1.2377873563218391,0.0038231602589509843
8,L23,2,0.06,cluster_ejection,alpha,10,0,0.0,0.83125,0.90625,0.2961705824164326,0.83125,1.3125,1.64375,0.0
8,L23,2,0.06,cluster_ejection_daughter,alpha,10,0,0.0,0.7125,0.78125,0.36940267098835833,0.7125,1.1875,1.04375,0.0
8,L23,2,0.06,cluster_no_creation,alpha,8,0,0.0,0.640625,0.625,0.302057675429237,0.640625,1.1875,1.203125,0.0
8,L23,2,0.06,daughter_a_minus4,alpha,10,0,0.0,0.525,0.5,0.21286732957408,0.525,0.875,1.14375,0.0
8,L23,2,0.06,daughter_z_minus2,alpha,12,0,0.0,0.3697916666666667,0.375,0.21888523958015213,0.3697916666666667,0.9375,0.921875,0.0
8,L23,2,0.06,discrete_energy_spectrum,alpha,1,0,0.0,0.625,0.625,,0.625,0.625,1.25,0.0
8,L23,2,0.06,element_shift_minus2,alpha,1,0,0.0,0.125,0.125,,0.125,0.125,1.75,0.0
8,L23,2,0.06,emitted_2neutrons,alpha,8,0,0.0,0.7890625,0.8125,0.21634519993684698,0.7890625,1.125,1.015625,0.0
8,L23,2,0.06,emitted_2protons,alpha,8,0,0.0,0.7109375,0.6875,0.17657928965684022,0.7109375,1.0,1.078125,0.0
8,L23,2,0.06,emitted_charge_plus2,alpha,12,0,0.0,0.6041666666666666,0.59375,0.16063911180787896,0.6041666666666666,0.875,1.109375,0.0
8,L23,2,0.06,emitted_mass4,alpha,12,0,0.0,0.8645833333333334,0.875,0.2454606831443622,0.8645833333333334,1.25,1.0416666666666667,0.0
8,L23,2,0.06,no_new_particles,alpha,1,0,0.0,0.5,0.5,,0.5,0.5,1.0,0.0
8,L23,2,0.06,no_quark_flavour_change,alpha,1,0,0.0,0.0,0.0,,0.0,0.0,1.3125,0.0
8,L23,2,0.06,not_weak_force,alpha,1,0,0.0,0.4375,0.4375,,0.4375,0.4375,0.25,0.0
8,L23,2,0.06,AUX,beta,172,22,0.12790697674418605,-0.42369186046511625,-0.4375,0.32980605827320914,0.4484011627906977,1.3125,0.07667151162790697,0.05735363710113575
8,L23,2,0.06,antineutrino_emitted,beta,10,6,0.6,-0.4,-0.40625,0.2433133553442739,0.4,0.75,-0.00625,0.24
8,L23,2,0.06,continuous_energy_spectrum,beta,1,1,1.0,-0.3125,-0.3125,,0.3125,0.3125,0.0625,0.3125
8,L23,2,0.06,daughter_a_unchanged,beta,12,0,0.0,-0.5989583333333334,-0.65625,0.30322407393733025,0.5989583333333334,1.125,-0.859375,0.0
8,L23,2,0.06,daughter_n_minus1,beta,8,2,0.25,-0.46875,-0.46875,0.16703827619526523,0.46875,0.75,-0.1484375,0.1171875
8,L23,2,0.06,daughter_z_plus1,beta,12,5,0.4166666666666667,-0.3229166666666667,-0.25,0.21786889649650787,0.34375,0.625,-0.22395833333333334,0.14322916666666669
8,L23,2,0.06,element_shift_plus1,beta,1,0,0.0,-0.0625,-0.0625,,0.0625,0.0625,-1.3125,0.0
8,L23,2,0.06,emitted_charge_minus1,beta,12,1,0.08333333333333333,-0.546875,-0.5625,0.1829466048530902,0.546875,0.875,-0.3333333333333333,0.045572916666666664
8,L23,2,0.06,emitted_mass_negligible,beta,8,0,0.0,-0.6640625,-0.71875,0.1827905588176182,0.6640625,0.875,-0.921875,0.0
8,L23,2,0.06,lepton_number_increases,beta,1,0,0.0,-0.125,-0.125,,0.125,0.125,-1.0,0.0
8,L23,2,0.06,lightest_charged_elementary,beta,1,0,0.0,-1.0,-1.0,,1.0,1.0,-1.125,0.0
8,L23,2,0.06,new_particles_created,beta,1,0,0.0,-0.5,-0.5,,0.5,0.5,-0.5625,0.0
8,L23,2,0.06,quark_change_z_plus1,beta,10,1,0.1,-0.15,-0.1875,0.3134707145634004,0.2875,0.5625,0.4625,0.028749999999999998
8,L23,2,0.06,quark_flavour_change,beta,10,5,0.5,-0.7625,-0.75,0.3211308144666282,0.7625,1.375,0.51875,0.38125
8,L23,2,0.06,w_boson_mediation,beta,10,0,0.0,-0.50625,-0.46875,0.2908470627131876,0.50625,1.125,-0.6875,0.0
10,L21,20,0.04,AUX,alpha,174,0,0.0,0.37895114942528735,0.3125,0.2451804494696495,0.38254310344827586,1.5,1.2377873563218391,0.0
10,L21,20,0.04,cluster_ejection,alpha,10,0,0.0,0.2625,0.3125,0.1927505584370063,0.2875,0.5,1.64375,0.0
10,L21,20,0.04,cluster_ejection_daughter,alpha,10,0,0.0,0.25625,0.25,0.2472943870953987,0.30625,0.625,1.04375,0.0
10,L21,20,0.04,cluster_no_creation,alpha,8,0,0.0,0.1640625,0.15625,0.1564730550743025,0.1796875,0.375,1.203125,0.0
10,L21,20,0.04,daughter_a_minus4,alpha,10,0,0.0,0.38125,0.375,0.1080525206657495,0.38125,0.625,1.14375,0.0
10,L21,20,0.04,daughter_z_minus2,alpha,12,0,0.0,0.34375,0.3125,0.17168119238338783,0.34375,0.75,0.921875,0.0
10,L21,20,0.04,discrete_energy_spectrum,alpha,1,0,0.0,-0.0625,-0.0625,,0.0625,0.0625,1.25,0.0
10,L21,20,0.04,element_shift_minus2,alpha,1,0,0.0,-0.0625,-0.0625,,0.0625,0.0625,1.75,0.0
10,L21,20,0.04,emitted_2neutrons,alpha,8,0,0.0,0.4375,0.375,0.4406772385447524,0.453125,1.375,1.015625,0.0
10,L21,20,0.04,emitted_2protons,alpha,8,0,0.0,0.421875,0.375,0.2132601948660033,0.421875,0.875,1.078125,0.0
10,L21,20,0.04,emitted_charge_plus2,alpha,12,0,0.0,0.40625,0.40625,0.1495732566032748,0.40625,0.6875,1.109375,0.0
10,L21,20,0.04,emitted_mass4,alpha,12,0,0.0,0.4270833333333333,0.46875,0.20441388866412155,0.4270833333333333,0.8125,1.0416666666666667,0.0
10,L21,20,0.04,no_new_particles,alpha,1,0,0.0,0.375,0.375,,0.375,0.375,1.0,0.0
10,L21,20,0.04,no_quark_flavour_change,alpha,1,0,0.0,0.4375,0.4375,,0.4375,0.4375,1.3125,0.0
10,L21,20,0.04,not_weak_force,alpha,1,0,0.0,1.0625,1.0625,,1.0625,1.0625,0.25,0.0
10,L21,20,0.04,AUX,beta,172,12,0.06976744186046512,-0.251453488372093,-0.25,0.25533001381089604,0.28851744186046513,0.875,0.07667151162790697,0.020129123850730124
10,L21,20,0.04,antineutrino_emitted,beta,10,4,0.4,-0.04375,-0.0625,0.2733060199767937,0.20625,0.625,-0.00625,0.0825
10,L21,20,0.04,continuous_energy_spectrum,beta,1,0,0.0,0.125,0.125,,0.125,0.125,0.0625,0.0
10,L21,20,0.04,daughter_a_unchanged,beta,12,0,0.0,-0.40625,-0.40625,0.26449458664334957,0.4270833333333333,0.875,-0.859375,0.0
10,L21,20,0.04,daughter_n_minus1,beta,8,2,0.25,-0.3359375,-0.34375,0.10531362600076291,0.3359375,0.5,-0.1484375,0.083984375
10,L21,20,0.04,daughter_z_plus1,beta,12,3,0.25,-0.3072916666666667,-0.3125,0.15183146433004607,0.3072916666666667,0.5,-0.22395833333333334,0.07682291666666667
10,L21,20,0.04,element_shift_plus1,beta,1,0,0.0,-0.0625,-0.0625,,0.0625,0.0625,-1.3125,0.0
10,L21,20,0.04,emitted_charge_minus1,beta,12,1,0.08333333333333333,-0.4166666666666667,-0.4375,0.24762125893951006,0.4375,0.8125,-0.3333333333333333,0.03645833333333333
10,L21,20,0.04,emitted_mass_negligible,beta,8,0,0.0,-0.25,-0.28125,0.2059386177619785,0.25,0.625,-0.921875,0.0
10,L21,20,0.04,lepton_number_increases,beta,1,0,0.0,-0.375,-0.375,,0.375,0.375,-1.0,0.0
10,L21,20,0.04,lightest_charged_elementary,beta,1,0,0.0,-0.4375,-0.4375,,0.4375,0.4375,-1.125,0.0
10,L21,20,0.04,new_particles_created,beta,1,0,0.0,-0.1875,-0.1875,,0.1875,0.1875,-0.5625,0.0
10,L21,20,0.04,quark_change_z_plus1,beta,10,1,0.1,0.15625,0.03125,0.30935921676911454,0.20625,0.875,0.4625,0.020625
10,L21,20,0.04,quark_flavour_change,beta,10,0,0.0,-0.1375,-0.1875,0.19720265943665385,0.2,0.4375,0.51875,0.0
10,L21,20,0.04,w_boson_mediation,beta,10,0,0.0,-0.34375,-0.3125,0.21700694433332973,0.34375,0.8125,-0.6875,0.0
12,L15,3,0.015,AUX,alpha,174,0,0.0,-0.07507183908045977,-0.125,0.1859861678617649,0.15768678160919541,0.875,1.2377873563218391,0.0
12,L15,3,0.015,cluster_ejection,alpha,10,0,0.0,0.175,0.15625,0.22783705190820527,0.225,0.5625,1.64375,0.0
12,L15,3,0.015,cluster_ejection_daughter,alpha,10,0,0.0,-0.175,-0.15625,0.2565123995270231,0.2625,0.5,1.04375,0.0
12,L15,3,0.015,cluster_no_creation,alpha,8,0,0.0,0.0390625,0.03125,0.19173054706689657,0.1171875,0.4375,1.203125,0.0
12,L15,3,0.015,daughter_a_minus4,alpha,10,0,0.0,-0.1875,-0.1875,0.05892556509887896,0.1875,0.25,1.14375,0.0
12,L15,3,0.015,daughter_z_minus2,alpha,12,0,0.0,-0.06770833333333333,-0.0625,0.10478038902505767,0.08854166666666667,0.3125,0.921875,0.0
12,L15,3,0.015,discrete_energy_spectrum,alpha,1,0,0.0,-0.125,-0.125,,0.125,0.125,1.25,0.0
12,L15,3,0.015,element_shift_minus2,alpha,1,0,0.0,-0.3125,-0.3125,,0.3125,0.3125,1.75,0.0
12,L15,3,0.015,emitted_2neutrons,alpha,8,0,0.0,-0.015625,-0.15625,0.23799290955824715,0.203125,0.4375,1.015625,0.0
12,L15,3,0.015,emitted_2protons,alpha,8,0,0.0,-0.125,-0.125,0.15309310892394862,0.15625,0.375,1.078125,0.0
12,L15,3,0.015,emitted_charge_plus2,alpha,12,0,0.0,-0.125,-0.125,0.09971550440218321,0.13541666666666666,0.3125,1.109375,0.0
12,L15,3,0.015,emitted_mass4,alpha,12,0,0.0,-0.19270833333333334,-0.1875,0.09021097956087903,0.19270833333333334,0.3125,1.0416666666666667,0.0
12,L15,3,0.015,no_new_particles,alpha,1,0,0.0,-0.125,-0.125,,0.125,0.125,1.0,0.0
12,L15,3,0.015,no_quark_flavour_change,alpha,1,0,0.0,-0.125,-0.125,,0.125,0.125,1.3125,0.0
12,L15,3,0.015,not_weak_force,alpha,1,0,0.0,0.25,0.25,,0.25,0.25,0.25,0.0
12,L15,3,0.015,AUX,beta,172,13,0.0755813953488372,0.03197674418604651,0.0625,0.19135753723943966,0.1504360465116279,0.9375,0.07667151162790697,0.01137016630611141
12,L15,3,0.015,antineutrino_emitted,beta,10,2,0.2,-0.06875,-0.0625,0.1080525206657495,0.08125,0.3125,-0.00625,0.01625
12,L15,3,0.015,continuous_energy_spectrum,beta,1,0,0.0,0.125,0.125,,0.125,0.125,0.0625,0.0
12,L15,3,0.015,daughter_a_unchanged,beta,12,0,0.0,0.09895833333333333,0.125,0.14464477779174828,0.140625,0.375,-0.859375,0.0
12,L15,3,0.015,daughter_n_minus1,beta,8,0,0.0,0.015625,0.0,0.11451567266411304,0.078125,0.1875,-0.1484375,0.0
12,L15,3,0.015,daughter_z_plus1,beta,12,1,0.08333333333333333,-0.020833333333333332,0.0,0.08566805210529274,0.052083333333333336,0.25,-0.22395833333333334,0.004340277777777778
12,L15,3,0.015,element_shift_plus1,beta,1,0,0.0,0.125,0.125,,0.125,0.125,-1.3125,0.0
12,L15,3,0.015,emitted_charge_minus1,beta,12,4,0.3333333333333333,0.234375,0.25,0.13621559198564606,0.24479166666666666,0.4375,-0.3333333333333333,0.08159722222222221
12,L15,3,0.015,emitted_mass_negligible,beta,8,0,0.0,0.0390625,0.09375,0.10531362600076294,0.1015625,0.125,-0.921875,0.0
12,L15,3,0.015,lepton_number_increases,beta,1,0,0.0,0.0625,0.0625,,0.0625,0.0625,-1.0,0.0
12,L15,3,0.015,lightest_charged_elementary,beta,1,0,0.0,0.0625,0.0625,,0.0625,0.0625,-1.125,0.0
12,L15,3,0.015,new_particles_created,beta,1,0,0.0,0.0,0.0,,0.0,0.0,-0.5625,0.0
12,L15,3,0.015,quark_change_z_plus1,beta,10,1,0.1,0.13125,0.125,0.09969571761671166,0.15625,0.25,0.4625,0.015625
12,L15,3,0.015,quark_flavour_change,beta,10,1,0.1,-0.04375,-0.03125,0.260291636652258,0.19375,0.5,0.51875,0.019375000000000003
12,L15,3,0.015,w_boson_mediation,beta,10,0,0.0,-0.06875,-0.0625,0.13959887973125795,0.10625,0.375,-0.6875,0.0
13,L15,3,0.019,AUX,alpha,174,0,0.0,-0.09482758620689655,-0.125,0.17377826759012605,0.15948275862068967,0.8125,1.2377873563218391,0.0
13,L15,3,0.019,cluster_ejection,alpha,10,0,0.0,0.1375,0.1875,0.23717082451262844,0.225,0.5,1.64375,0.0
13,L15,3,0.019,cluster_ejection_daughter,alpha,10,0,0.0,-0.18125,-0.15625,0.22716932622556635,0.24375,0.4375,1.04375,0.0
13,L15,3,0.019,cluster_no_creation,alpha,8,0,0.0,-0.0078125,0.0,0.16849352202469303,0.1171875,0.3125,1.203125,0.0
13,L15,3,0.019,daughter_a_minus4,alpha,10,0,0.0,-0.18125,-0.1875,0.06878155841341324,0.18125,0.25,1.14375,0.0
13,L15,3,0.019,daughter_z_minus2,alpha,12,0,0.0,-0.06770833333333333,-0.0625,0.10133460737337048,0.08854166666666667,0.3125,0.921875,0.0
13,L15,3,0.019,discrete_energy_spectrum,alpha,1,0,0.0,-0.1875,-0.1875,,0.1875,0.1875,1.25,0.0
13,L15,3,0.019,element_shift_minus2,alpha,1,0,0.0,-0.3125,-0.3125,,0.3125,0.3125,1.75,0.0
13,L15,3,0.019,emitted_2neutrons,alpha,8,1,0.125,-0.0234375,-0.125,0.22394968144971444,0.1796875,0.4375,1.015625,0.0224609375
13,L15,3,0.019,emitted_2protons,alpha,8,0,0.0,-0.1171875,-0.15625,0.13544528085962557,0.1484375,0.3125,1.078125,0.0
13,L15,3,0.019,emitted_charge_plus2,alpha,12,0,0.0,-0.14583333333333334,-0.125,0.09731236802019037,0.14583333333333334,0.375,1.109375,0.0
13,L15,3,0.019,emitted_mass4,alpha,12,0,0.0,-0.19791666666666666,-0.1875,0.1026403326124184,0.19791666666666666,0.3125,1.0416666666666667,0.0
13,L15,3,0.019,no_new_particles,alpha,1,0,0.0,-0.125,-0.125,,0.125,0.125,1.0,0.0
13,L15,3,0.019,no_quark_flavour_change,alpha,1,0,0.0,-0.125,-0.125,,0.125,0.125,1.3125,0.0
13,L15,3,0.019,not_weak_force,alpha,1,0,0.0,0.125,0.125,,0.125,0.125,0.25,0.0
13,L15,3,0.019,AUX,beta,172,9,0.05232558139534884,0.03379360465116279,0.0625,0.1861375399000157,0.1457122093023256,0.9375,0.07667151162790697,0.007624476068144944
13,L15,3,0.019,antineutrino_emitted,beta,10,1,0.1,-0.04375,-0.03125,0.08359334436557866,0.06875,0.1875,-0.00625,0.006875000000000001
13,L15,3,0.019,continuous_energy_spectrum,beta,1,0,0.0,0.0625,0.0625,,0.0625,0.0625,0.0625,0.0
13,L15,3,0.019,daughter_a_unchanged,beta,12,0,0.0,0.09375,0.09375,0.1495732566032748,0.13541666666666666,0.375,-0.859375,0.0
13,L15,3,0.019,daughter_n_minus1,beta,8,0,0.0,-0.0078125,-0.03125,0.1178182430392558,0.0859375,0.1875,-0.1484375,0.0
13,L15,3,0.019,daughter_z_plus1,beta,12,1,0.08333333333333333,-0.0625,-0.0625,0.08427498280790525,0.08333333333333333,0.25,-0.22395833333333334,0.006944444444444444
13,L15,3,0.019,element_shift_plus1,beta,1,0,0.0,0.125,0.125,,0.125,0.125,-1.3125,0.0
13,L15,3,0.019,emitted_charge_minus1,beta,12,3,0.25,0.21354166666666666,0.21875,0.10478038902505767,0.21354166666666666,0.375,-0.3333333333333333,0.053385416666666664
13,L15,3,0.019,emitted_mass_negligible,beta,8,0,0.0,0.0625,0.0625,0.12045301395742895,0.109375,0.1875,-0.921875,0.0
13,L15,3,0.019,lepton_number_increases,beta,1,0,0.0,0.0,0.0,,0.0,0.0,-1.0,0.0
13,L15,3,0.019,lightest_charged_elementary,beta,1,0,0.0,0.0625,0.0625,,0.0625,0.0625,-1.125,0.0
13,L15,3,0.019,new_particles_created,beta,1,0,0.0,0.0625,0.0625,,0.0625,0.0625,-0.5625,0.0
13,L15,3,0.019,quark_change_z_plus1,beta,10,1,0.1,0.1375,0.125,0.08228507357554792,0.15,0.25,0.4625,0.015
13,L15,3,0.019,quark_flavour_change,beta,10,0,0.0,-0.03125,-0.03125,0.22678688601122127,0.16875,0.4375,0.51875,0.0
13,L15,3,0.019,w_boson_mediation,beta,10,0,0.0,-0.04375,-0.0625,0.14448784070333084,0.11875,0.3125,-0.6875,0.0
14,L15,12,0.01,AUX,alpha,174,1,0.005747126436781609,-0.0966235632183908,-0.125,0.17963591298365936,0.1619971264367816,0.875,1.2377873563218391,0.0009310179680274805
14,L15,12,0.01,cluster_ejection,alpha,10,0,0.0,0.15625,0.15625,0.23058274605394433,0.21875,0.5625,1.64375,0.0
14,L15,12,0.01,cluster_ejection_daughter,alpha,10,0,0.0,-0.16875,-0.1875,0.2465913454820884,0.25625,0.4375,1.04375,0.0
14,L15,12,0.01,cluster_no_creation,alpha,8,0,0.0,0.0,0.0,0.17034628596731172,0.109375,0.3125,1.203125,0.0
14,L15,12,0.01,daughter_a_minus4,alpha,10,0,0.0,-0.2,-0.1875,0.06454972243679027,0.2,0.3125,1.14375,0.0
14,L15,12,0.01,daughter_z_minus2,alpha,12,0,0.0,-0.057291666666666664,-0.03125,0.09776745562193935,0.06770833333333333,0.3125,0.921875,0.0
14,L15,12,0.01,discrete_energy_spectrum,alpha,1,0,0.0,-0.1875,-0.1875,,0.1875,0.1875,1.25,0.0
14,L15,12,0.01,element_shift_minus2,alpha,1,0,0.0,-0.375,-0.375,,0.375,0.375,1.75,0.0
14,L15,12,0.01,emitted_2neutrons,alpha,8,1,0.125,-0.015625,-0.125,0.2667387365408867,0.21875,0.5,1.015625,0.02734375
14,L15,12,0.01,emitted_2protons,alpha,8,0,0.0,-0.109375,-0.125,0.1662009863302347,0.15625,0.375,1.078125,0.0
14,L15,12,0.01,emitted_charge_plus2,alpha,12,0,0.0,-0.11979166666666667,-0.125,0.09021097956087903,0.11979166666666667,0.3125,1.109375,0.0
14,L15,12,0.01,emitted_mass4,alpha,12,0,0.0,-0.1875,-0.21875,0.09231861823449955,0.1875,0.3125,1.0416666666666667,0.0
14,L15,12,0.01,no_new_particles,alpha,1,0,0.0,-0.1875,-0.1875,,0.1875,0.1875,1.0,0.0
14,L15,12,0.01,no_quark_flavour_change,alpha,1,0,0.0,-0.125,-0.125,,0.125,0.125,1.3125,0.0
14,L15,12,0.01,not_weak_force,alpha,1,0,0.0,0.1875,0.1875,,0.1875,0.1875,0.25,0.0
14,L15,12,0.01,AUX,beta,172,12,0.06976744186046512,0.04941860465116279,0.0625,0.18464351397810314,0.15479651162790697,0.75,0.07667151162790697,0.010799756625202812
14,L15,12,0.01,antineutrino_emitted,beta,10,1,0.1,-0.05625,0.0,0.12307546239784942,0.09375,0.25,-0.00625,0.009375000000000001
14,L15,12,0.01,continuous_energy_spectrum,beta,1,0,0.0,0.0625,0.0625,,0.0625,0.0625,0.0625,0.0
14,L15,12,0.01,daughter_a_unchanged,beta,12,0,0.0,0.11458333333333333,0.125,0.1550140511715182,0.15625,0.3125,-0.859375,0.0
14,L15,12,0.01,daughter_n_minus1,beta,8,0,0.0,0.0234375,0.0,0.09987436304105846,0.0703125,0.1875,-0.1484375,0.0
14,L15,12,0.01,daughter_z_plus1,beta,12,1,0.08333333333333333,-0.041666666666666664,0.0,0.08971757032065918,0.0625,0.25,-0.22395833333333334,0.005208333333333333
14,L15,12,0.01,element_shift_plus1,beta,1,0,0.0,0.1875,0.1875,,0.1875,0.1875,-1.3125,0.0
14,L15,12,0.01,emitted_charge_minus1,beta,12,4,0.3333333333333333,0.2552083333333333,0.25,0.11449721281509102,0.2552083333333333,0.4375,-0.3333333333333333,0.08506944444444443
14,L15,12,0.01,emitted_mass_negligible,beta,8,0,0.0,0.0859375,0.0625,0.08140438628933246,0.1015625,0.1875,-0.921875,0.0
14,L15,12,0.01,lepton_number_increases,beta,1,0,0.0,0.0,0.0,,0.0,0.0,-1.0,0.0
14,L15,12,0.01,lightest_charged_elementary,beta,1,0,0.0,0.0625,0.0625,,0.0625,0.0625,-1.125,0.0
14,L15,12,0.01,new_particles_created,beta,1,0,0.0,0.0,0.0,,0.0,0.0,-0.5625,0.0
14,L15,12,0.01,quark_change_z_plus1,beta,10,1,0.1,0.20625,0.21875,0.10643366478704001,0.20625,0.375,0.4625,0.020625
14,L15,12,0.01,quark_flavour_change,beta,10,1,0.1,0.11875,0.09375,0.2642632578404429,0.19375,0.75,0.51875,0.019375000000000003
14,L15,12,0.01,w_boson_mediation,beta,10,0,0.0,-0.01875,-0.03125,0.16150872869428587,0.11875,0.375,-0.6875,0.0
16,L24,2,0.172,AUX,alpha,174,0,0.0,-0.02658045977011494,-0.03125,0.324256066063502,0.25,0.9375,1.2377873563218391,0.0
16,L24,2,0.172,cluster_ejection,alpha,10,0,0.0,-0.35625,-0.3125,0.3160218215039377,0.39375,0.8125,1.64375,0.0
16,L24,2,0.172,cluster_ejection_daughter,alpha,10,0,0.0,0.06875,0.125,0.3778250072601218,0.28125,0.8125,1.04375,0.0
16,L24,2,0.172,cluster_no_creation,alpha,8,0,0.0,-0.1953125,-0.28125,0.3830060552952879,0.3671875,0.5625,1.203125,0.0
16,L24,2,0.172,daughter_a_minus4,alpha,10,0,0.0,0.01875,0.03125,0.18645542362720371,0.15625,0.3125,1.14375,0.0
16,L24,2,0.172,daughter_z_minus2,alpha,12,0,0.0,0.171875,0.21875,0.27839459609763195,0.2760416666666667,0.625,0.921875,0.0
16,L24,2,0.172,discrete_energy_spectrum,alpha,1,0,0.0,-0.1875,-0.1875,,0.1875,0.1875,1.25,0.0
16,L24,2,0.172,element_shift_minus2,alpha,1,0,0.0,0.1875,0.1875,,0.1875,0.1875,1.75,0.0
16,L24,2,0.172,emitted_2neutrons,alpha,8,0,0.0,0.3046875,0.28125,0.1988737822087165,0.3046875,0.6875,1.015625,0.0
16,L24,2,0.172,emitted_2protons,alpha,8,0,0.0,0.0390625,-0.03125,0.2288790131894391,0.1640625,0.4375,1.078125,0.0
16,L24,2,0.172,emitted_charge_plus2,alpha,12,0,0.0,-0.15625,-0.15625,0.1949285999819141,0.19791666666666666,0.4375,1.109375,0.0
16,L24,2,0.172,emitted_mass4,alpha,12,0,0.0,0.015625,0.0,0.22157269738682323,0.15104166666666666,0.375,1.0416666666666667,0.0
16,L24,2,0.172,no_new_particles,alpha,1,0,0.0,-0.0625,-0.0625,,0.0625,0.0625,1.0,0.0
16,L24,2,0.172,no_quark_flavour_change,alpha,1,0,0.0,-0.3125,-0.3125,,0.3125,0.3125,1.3125,0.0
16,L24,2,0.172,not_weak_force,alpha,1,1,1.0,-0.375,-0.375,,0.375,0.375,0.25,0.375
16,L24,2,0.172,AUX,beta,172,24,0.13953488372093023,-0.28997093023255816,-0.3125,0.2768664714436471,0.3372093023255814,1.0,0.07667151162790697,0.04705246078961601
16,L24,2,0.172,antineutrino_emitted,beta,10,2,0.2,0.08125,0.125,0.2483452178364267,0.19375,0.5,-0.00625,0.03875000000000001
16,L24,2,0.172,continuous_energy_spectrum,beta,1,0,0.0,0.125,0.125,,0.125,0.125,0.0625,0.0
16,L24,2,0.172,daughter_a_unchanged,beta,12,0,0.0,-0.015625,-0.0625,0.20835700623078302,0.171875,0.375,-0.859375,0.0
16,L24,2,0.172,daughter_n_minus1,beta,8,2,0.25,-0.21875,-0.25,0.2795084971874737,0.28125,0.625,-0.1484375,0.0703125
16,L24,2,0.172,daughter_z_plus1,beta,12,3,0.25,-0.15104166666666666,-0.125,0.24200032478690953,0.21354166666666666,0.5625,-0.22395833333333334,0.053385416666666664
16,L24,2,0.172,element_shift_plus1,beta,1,0,0.0,0.0,0.0,,0.0,0.0,-1.3125,0.0
16,L24,2,0.172,emitted_charge_minus1,beta,12,1,0.08333333333333333,0.005208333333333333,0.0,0.20201107736653423,0.15104166666666666,0.3125,-0.3333333333333333,0.012586805555555554
16,L24,2,0.172,emitted_mass_negligible,beta,8,0,0.0,0.2265625,0.25,0.18279055881761822,0.2421875,0.5,-0.921875,0.0
16,L24,2,0.172,lepton_number_increases,beta,1,0,0.0,-0.1875,-0.1875,,0.1875,0.1875,-1.0,0.0
16,L24,2,0.172,lightest_charged_elementary,beta,1,0,0.0,-0.1875,-0.1875,,0.1875,0.1875,-1.125,0.0
16,L24,2,0.172,new_particles_created,beta,1,0,0.0,0.0,0.0,,0.0,0.0,-0.5625,0.0
16,L24,2,0.172,quark_change_z_plus1,beta,10,2,0.2,-0.44375,-0.5,0.16522816715748626,0.44375,0.6875,0.4625,0.08875
16,L24,2,0.172,quark_flavour_change,beta,10,3,0.3,-0.525,-0.5625,0.17726706155152205,0.525,0.75,0.51875,0.1575
16,L24,2,0.172,w_boson_mediation,beta,10,0,0.0,-0.1625,-0.21875,0.18680426476216574,0.225,0.375,-0.6875,0.0
18,L24,10,0.159,AUX,alpha,174,1,0.005747126436781609,0.43803850574712644,0.4375,0.3403995112174232,0.4811419540229885,1.375,1.2377873563218391,0.0027651836438102786
18,L24,10,0.159,cluster_ejection,alpha,10,0,0.0,0.10313000000000001,0.09375,0.23201932893619015,0.21563,0.375,1.64375,0.0
18,L24,10,0.159,cluster_ejection_daughter,alpha,10,0,0.0,0.43125,0.5,0.3732017067068275,0.51875,0.875,1.04375,0.0
18,L24,10,0.159,cluster_no_creation,alpha,8,0,0.0,0.234375,0.1875,0.32346823094172855,0.3125,0.6875,1.203125,0.0
18,L24,10,0.159,daughter_a_minus4,alpha,10,0,0.0,0.44375,0.46875,0.194208686440357,0.44375,0.75,1.14375,0.0
18,L24,10,0.159,daughter_z_minus2,alpha,12,0,0.0,0.5729166666666666,0.59375,0.31850294941786456,0.5833333333333334,1.0,0.921875,0.0
18,L24,10,0.159,discrete_energy_spectrum,alpha,1,0,0.0,0.3125,0.3125,,0.3125,0.3125,1.25,0.0
18,L24,10,0.159,element_shift_minus2,alpha,1,0,0.0,0.2812000000000001,0.2812000000000001,,0.2812000000000001,0.2812000000000001,1.75,0.0
18,L24,10,0.159,emitted_2neutrons,alpha,8,0,0.0,0.8046875,0.8125,0.09110862335695781,0.8046875,0.9375,1.015625,0.0
18,L24,10,0.159,emitted_2protons,alpha,8,0,0.0,0.6484375,0.65625,0.14916995041610379,0.6484375,0.875,1.078125,0.0
18,L24,10,0.159,emitted_charge_plus2,alpha,12,0,0.0,0.2760416666666667,0.25,0.16740485198971078,0.2760416666666667,0.5625,1.109375,0.0
18,L24,10,0.159,emitted_mass4,alpha,12,0,0.0,0.5,0.46875,0.23836564731139812,0.5,0.875,1.0416666666666667,0.0
18,L24,10,0.159,no_new_particles,alpha,1,0,0.0,0.375,0.375,,0.375,0.375,1.0,0.0
18,L24,10,0.159,no_quark_flavour_change,alpha,1,0,0.0,0.25,0.25,,0.25,0.25,1.3125,0.0
18,L24,10,0.159,not_weak_force,alpha,1,0,0.0,-0.1875,-0.1875,,0.1875,0.1875,0.25,0.0
18,L24,10,0.159,AUX,beta,172,46,0.26744186046511625,-0.7634447674418605,-0.75,0.27510301340435384,0.764171511627907,1.4375,0.07667151162790697,0.20437145078420765
18,L24,10,0.159,antineutrino_emitted,beta,10,6,0.6,-0.6375,-0.625,0.15534459901922706,0.6375,0.875,-0.00625,0.38249999999999995
18,L24,10,0.159,continuous_energy_spectrum,beta,1,1,1.0,-0.6875,-0.6875,,0.6875,0.6875,0.0625,0.6875
18,L24,10,0.159,daughter_a_unchanged,beta,12,0,0.0,-0.5729166666666666,-0.59375,0.2178688964965079,0.5729166666666666,0.875,-0.859375,0.0
18,L24,10,0.159,daughter_n_minus1,beta,8,2,0.25,-0.703125,-0.78125,0.26038690306103013,0.703125,1.0,-0.1484375,0.17578125
18,L24,10,0.159,daughter_z_plus1,beta,12,5,0.4166666666666667,-0.6197916666666666,-0.53125,0.3043929471717089,0.6197916666666666,1.125,-0.22395833333333334,0.2582465277777778
18,L24,10,0.159,element_shift_plus1,beta,1,0,0.0,-0.1875,-0.1875,,0.1875,0.1875,-1.3125,0.0
18,L24,10,0.159,emitted_charge_minus1,beta,12,1,0.08333333333333333,-0.515625,-0.53125,0.2215726973868232,0.515625,0.8125,-0.3333333333333333,0.04296875
18,L24,10,0.159,emitted_mass_negligible,beta,8,0,0.0,-0.5078125,-0.5625,0.21244090564874069,0.5078125,0.75,-0.921875,0.0
18,L24,10,0.159,lepton_number_increases,beta,1,0,0.0,-0.4375,-0.4375,,0.4375,0.4375,-1.0,0.0
18,L24,10,0.159,lightest_charged_elementary,beta,1,0,0.0,-0.5625,-0.5625,,0.5625,0.5625,-1.125,0.0
18,L24,10,0.159,new_particles_created,beta,1,0,0.0,-0.5,-0.5,,0.5,0.5,-0.5625,0.0
18,L24,10,0.159,quark_change_z_plus1,beta,10,7,0.7,-0.9125,-0.96875,0.16718668873115736,0.9125,1.1875,0.4625,0.6387499999999999
18,L24,10,0.159,quark_flavour_change,beta,10,4,0.4,-0.94375,-0.875,0.20507874503874524,0.94375,1.25,0.51875,0.3775
18,L24,10,0.159,w_boson_mediation,beta,10,1,0.1,-0.6375,-0.6875,0.18819316317727025,0.6375,0.875,-0.6875,0.06375
19,L24,3,0.157,AUX,alpha,174,1,0.005747126436781609,0.26544597701149425,0.3125,0.3243210440412393,0.3491390804597701,1.0,1.2377873563218391,0.002006546439423966
19,L24,3,0.157,cluster_ejection,alpha,10,0,0.0,-0.13437,-0.14059999999999995,0.2610638961803966,0.23437000000000002,0.5,1.64375,0.0
19,L24,3,0.157,cluster_ejection_daughter,alpha,10,0,0.0,0.34375,0.375,0.3526314766627241,0.43125,0.8125,1.04375,0.0
19,L24,3,0.157,cluster_no_creation,alpha,8,0,0.0,0.0234375,-0.03125,0.32206348503494947,0.2578125,0.4375,1.203125,0.0
19,L24,3,0.157,daughter_a_minus4,alpha,10,0,0.0,0.275,0.28125,0.253790705547351,0.3125,0.625,1.14375,0.0
19,L24,3,0.157,daughter_z_minus2,alpha,12,0,0.0,0.419275,0.4375,0.2612720425672688,0.419275,0.8125,0.921875,0.0
19,L24,3,0.157,discrete_energy_spectrum,alpha,1,0,0.0,-0.0625,-0.0625,,0.0625,0.0625,1.25,0.0
19,L24,3,0.157,element_shift_minus2,alpha,1,0,0.0,0.2188000000000001,0.2188000000000001,,0.2188000000000001,0.2188000000000001,1.75,0.0
19,L24,3,0.157,emitted_2neutrons,alpha,8,0,0.0,0.625,0.59375,0.1336306209562122,0.625,0.8125,1.015625,0.0
19,L24,3,0.157,emitted_2protons,alpha,8,0,0.0,0.4453125,0.34375,0.168493522024693,0.4453125,0.6875,1.078125,0.0
19,L24,3,0.157,emitted_charge_plus2,alpha,12,0,0.0,0.078125,0.03125,0.20142426108725198,0.16145833333333334,0.5,1.109375,0.0
19,L24,3,0.157,emitted_mass4,alpha,12,0,0.0,0.2708333333333333,0.21875,0.2748105407973525,0.3020833333333333,0.75,1.0416666666666667,0.0
19,L24,3,0.157,no_new_particles,alpha,1,0,0.0,0.25,0.25,,0.25,0.25,1.0,0.0
19,L24,3,0.157,no_quark_flavour_change,alpha,1,0,0.0,-0.125,-0.125,,0.125,0.125,1.3125,0.0
19,L24,3,0.157,not_weak_force,alpha,1,1,1.0,-0.25,-0.25,,0.25,0.25,0.25,0.25
19,L24,3,0.157,AUX,beta,172,45,0.2616279069767442,-0.641896511627907,-0.625,0.28242275037482484,0.644803488372093,1.375,0.07667151162790697,0.1686985870740941
19,L24,3,0.157,antineutrino_emitted,beta,10,6,0.6,-0.49375,-0.5625,0.19196082499649073,0.49375,0.8125,-0.00625,0.29625
19,L24,3,0.157,continuous_energy_spectrum,beta,1,1,1.0,-0.3125,-0.3125,,0.3125,0.3125,0.0625,0.3125
19,L24,3,0.157,daughter_a_unchanged,beta,12,0,0.0,-0.3229166666666667,-0.34375,0.17644157329801494,0.3229166666666667,0.5,-0.859375,0.0
19,L24,3,0.157,daughter_n_minus1,beta,8,2,0.25,-0.5625,-0.625,0.2544251222995537,0.5625,0.875,-0.1484375,0.140625
19,L24,3,0.157,daughter_z_plus1,beta,12,5,0.4166666666666667,-0.484375,-0.4375,0.28470104934825935,0.484375,0.9375,-0.22395833333333334,0.20182291666666669
19,L24,3,0.157,element_shift_plus1,beta,1,0,0.0,-0.1875,-0.1875,,0.1875,0.1875,-1.3125,0.0
19,L24,3,0.157,emitted_charge_minus1,beta,12,1,0.08333333333333333,-0.3541666666666667,-0.40625,0.19094065395649334,0.3645833333333333,0.625,-0.3333333333333333,0.03038194444444444
19,L24,3,0.157,emitted_mass_negligible,beta,8,0,0.0,-0.28125,-0.25,0.24549512651549144,0.3125,0.6875,-0.921875,0.0
19,L24,3,0.157,lepton_number_increases,beta,1,0,0.0,-0.375,-0.375,,0.375,0.375,-1.0,0.0
19,L24,3,0.157,lightest_charged_elementary,beta,1,0,0.0,-0.5625,-0.5625,,0.5625,0.5625,-1.125,0.0
19,L24,3,0.157,new_particles_created,beta,1,0,0.0,-0.3125,-0.3125,,0.3125,0.3125,-0.5625,0.0
19,L24,3,0.157,quark_change_z_plus1,beta,10,6,0.6,-0.8625,-0.875,0.20581815058714115,0.8625,1.1875,0.4625,0.5175
19,L24,3,0.157,quark_flavour_change,beta,10,4,0.4,-0.85,-0.8125,0.22282903261868228,0.85,1.1875,0.51875,0.34
19,L24,3,0.157,w_boson_mediation,beta,10,1,0.1,-0.5125,-0.5625,0.22592402852876597,0.5125,0.8125,-0.6875,0.05125
20,L24,5,0.155,AUX,alpha,174,1,0.005747126436781609,0.6100936781609195,0.5625,0.35644216989581134,0.6244614942528736,1.4375,1.2377873563218391,0.0035888591623728363
20,L24,5,0.155,cluster_ejection,alpha,10,0,0.0,0.3375,0.375,0.24509068616421237,0.35,0.6875,1.64375,0.0
20,L24,5,0.155,cluster_ejection_daughter,alpha,10,0,0.0,0.7625,0.90625,0.433813836160679,0.8,1.1875,1.04375,0.0
20,L24,5,0.155,cluster_no_creation,alpha,8,0,0.0,0.5703125,0.53125,0.3558150540359014,0.5703125,1.0625,1.203125,0.0
20,L24,5,0.155,daughter_a_minus4,alpha,10,0,0.0,0.76875,0.75,0.19993488523350128,0.76875,1.0,1.14375,0.0
20,L24,5,0.155,daughter_z_minus2,alpha,12,0,0.0,0.8333333333333334,0.84375,0.2811973856510222,0.8333333333333334,1.25,0.921875,0.0
20,L24,5,0.155,discrete_energy_spectrum,alpha,1,0,0.0,0.4375,0.4375,,0.4375,0.4375,1.25,0.0
20,L24,5,0.155,element_shift_minus2,alpha,1,0,0.0,0.8437999999999999,0.8437999999999999,,0.8437999999999999,0.8437999999999999,1.75,0.0
20,L24,5,0.155,emitted_2neutrons,alpha,8,0,0.0,0.765625,0.71875,0.1940809385650371,0.765625,1.0,1.015625,0.0
20,L24,5,0.155,emitted_2protons,alpha,8,0,0.0,0.6171875,0.59375,0.187313895735779,0.6171875,0.875,1.078125,0.0
20,L24,5,0.155,emitted_charge_plus2,alpha,12,0,0.0,0.3802083333333333,0.40625,0.1586930224640891,0.3802083333333333,0.6875,1.109375,0.0
20,L24,5,0.155,emitted_mass4,alpha,12,0,0.0,0.59375,0.59375,0.2788725270865461,0.59375,1.0625,1.0416666666666667,0.0
20,L24,5,0.155,no_new_particles,alpha,1,0,0.0,0.375,0.375,,0.375,0.375,1.0,0.0
20,L24,5,0.155,no_quark_flavour_change,alpha,1,0,0.0,0.375,0.375,,0.375,0.375,1.3125,0.0
20,L24,5,0.155,not_weak_force,alpha,1,0,0.0,-0.0625,-0.0625,,0.0625,0.0625,0.25,0.0
20,L24,5,0.155,AUX,beta,172,50,0.29069767441860467,-0.8733651162790697,-0.875,0.2713022387318654,0.8740918604651162,1.4375,0.07667151162790697,0.25409647106544075
20,L24,5,0.155,antineutrino_emitted,beta,10,6,0.6,-0.65625,-0.65625,0.20036858397574317,0.65625,0.9375,-0.00625,0.39375
20,L24,5,0.155,continuous_energy_spectrum,beta,1,1,1.0,-0.75,-0.75,,0.75,0.75,0.0625,0.75
20,L24,5,0.155,daughter_a_unchanged,beta,12,0,0.0,-0.75,-0.78125,0.24279387067297153,0.75,1.0,-0.859375,0.0
20,L24,5,0.155,daughter_n_minus1,beta,8,2,0.25,-0.921875,-0.90625,0.27700164388372445,0.921875,1.3125,-0.1484375,0.23046875
20,L24,5,0.155,daughter_z_plus1,beta,12,5,0.4166666666666667,-0.7760416666666666,-0.75,0.2863593148423318,0.7760416666666666,1.25,-0.22395833333333334,0.3233506944444444
20,L24,5,0.155,element_shift_plus1,beta,1,0,0.0,-0.5625,-0.5625,,0.5625,0.5625,-1.3125,0.0
20,L24,5,0.155,emitted_charge_minus1,beta,12,1,0.08333333333333333,-0.578125,-0.625,0.19424423765876908,0.578125,0.9375,-0.3333333333333333,0.04817708333333333
20,L24,5,0.155,emitted_mass_negligible,beta,8,0,0.0,-0.5078125,-0.5625,0.21763106683100186,0.5078125,0.8125,-0.921875,0.0
20,L24,5,0.155,lepton_number_increases,beta,1,0,0.0,-0.625,-0.625,,0.625,0.625,-1.0,0.0
20,L24,5,0.155,lightest_charged_elementary,beta,1,0,0.0,-0.4375,-0.4375,,0.4375,0.4375,-1.125,0.0
20,L24,5,0.155,new_particles_created,beta,1,0,0.0,-0.6875,-0.6875,,0.6875,0.6875,-0.5625,0.0
20,L24,5,0.155,quark_change_z_plus1,beta,10,8,0.8,-1.01875,-1.0625,0.16937897186814874,1.01875,1.25,0.4625,0.8150000000000001
20,L24,5,0.155,quark_flavour_change,beta,10,5,0.5,-1.00625,-0.9375,0.22331545326436025,1.00625,1.375,0.51875,0.503125
20,L24,5,0.155,w_boson_mediation,beta,10,1,0.1,-0.66875,-0.71875,0.19554500050428858,0.66875,0.9375,-0.6875,0.066875
24,L20,8,0.034,AUX,alpha,174,0,0.0,-0.01257183908045977,0.0,0.15557729250203242,0.11817528735632184,0.5,1.2377873563218391,0.0
24,L20,8,0.034,cluster_ejection,alpha,10,0,0.0,-0.2125,-0.25,0.14191155304938666,0.2125,0.5,1.64375,0.0
24,L20,8,0.034,cluster_ejection_daughter,alpha,10,0,0.0,-0.025,0.03125,0.1723006094011278,0.125,0.375,1.04375,0.0
24,L20,8,0.034,cluster_no_creation,alpha,8,0,0.0,0.03125,0.0625,0.273453443412742,0.203125,0.5,1.203125,0.0
24,L20,8,0.034,daughter_a_minus4,alpha,10,0,0.0,-0.04375,-0.0625,0.12517349071499836,0.10625,0.1875,1.14375,0.0
24,L20,8,0.034,daughter_z_minus2,alpha,12,0,0.0,0.06770833333333333,0.0625,0.12907652035153647,0.109375,0.25,0.921875,0.0
24,L20,8,0.034,discrete_energy_spectrum,alpha,1,0,0.0,0.25,0.25,,0.25,0.25,1.25,0.0
24,L20,8,0.034,element_shift_minus2,alpha,1,0,0.0,-0.0625,-0.0625,,0.0625,0.0625,1.75,0.0
24,L20,8,0.034,emitted_2neutrons,alpha,8,0,0.0,0.015625,-0.03125,0.20526007022451162,0.15625,0.3125,1.015625,0.0
24,L20,8,0.034,emitted_2protons,alpha,8,0,0.0,0.0625,0.0625,0.1494035761667992,0.125,0.25,1.078125,0.0
24,L20,8,0.034,emitted_charge_plus2,alpha,12,0,0.0,0.057291666666666664,0.0625,0.22210628683473851,0.18229166666666666,0.4375,1.109375,0.0
24,L20,8,0.034,emitted_mass4,alpha,12,0,0.0,-0.09375,-0.125,0.12357138165302015,0.13541666666666666,0.25,1.0416666666666667,0.0
24,L20,8,0.034,no_new_particles,alpha,1,0,0.0,-0.0625,-0.0625,,0.0625,0.0625,1.0,0.0
24,L20,8,0.034,no_quark_flavour_change,alpha,1,0,0.0,-0.0625,-0.0625,,0.0625,0.0625,1.3125,0.0
24,L20,8,0.034,not_weak_force,alpha,1,0,0.0,0.125,0.125,,0.125,0.125,0.25,0.0
24,L20,8,0.034,AUX,beta,172,15,0.0872093023255814,-0.22311046511627908,-0.1875,0.2202804021295483,0.24636627906976744,0.8125,0.07667151162790697,0.021485431314223903
24,L20,8,0.034,antineutrino_emitted,beta,10,1,0.1,-0.11875,-0.09375,0.12655285457072865,0.13125,0.3125,-0.00625,0.013125000000000001
24,L20,8,0.034,continuous_energy_spectrum,beta,1,1,1.0,-0.5625,-0.5625,,0.5625,0.5625,0.0625,0.5625
24,L20,8,0.034,daughter_a_unchanged,beta,12,0,0.0,-0.2604166666666667,-0.3125,0.2830853415598565,0.3229166666666667,0.6875,-0.859375,0.0
24,L20,8,0.034,daughter_n_minus1,beta,8,1,0.125,-0.234375,-0.25,0.09300297614285562,0.234375,0.3125,-0.1484375,0.029296875
24,L20,8,0.034,daughter_z_plus1,beta,12,5,0.4166666666666667,-0.359375,-0.4375,0.16237976320958225,0.359375,0.5625,-0.22395833333333334,0.14973958333333334
24,L20,8,0.034,element_shift_plus1,beta,1,0,0.0,-0.031300000000000106,-0.031300000000000106,,0.031300000000000106,0.031300000000000106,-1.3125,0.0
24,L20,8,0.034,emitted_charge_minus1,beta,12,1,0.08333333333333333,-0.20833333333333334,-0.1875,0.13146176999301723,0.21875,0.4375,-0.3333333333333333,0.018229166666666664
24,L20,8,0.034,emitted_mass_negligible,beta,8,0,0.0,0.0,0.03125,0.17034628596731172,0.125,0.3125,-0.921875,0.0
24,L20,8,0.034,lepton_number_increases,beta,1,0,0.0,-0.0625,-0.0625,,0.0625,0.0625,-1.0,0.0
24,L20,8,0.034,lightest_charged_elementary,beta,1,0,0.0,-0.125,-0.125,,0.125,0.125,-1.125,0.0
24,L20,8,0.034,new_particles_created,beta,1,0,0.0,0.0625,0.0625,,0.0625,0.0625,-0.5625,0.0
24,L20,8,0.034,quark_change_z_plus1,beta,10,1,0.1,-0.20625,-0.25,0.14145204330639963,0.20625,0.375,0.4625,0.020625
24,L20,8,0.034,quark_flavour_change,beta,10,1,0.1,-0.29375,-0.34375,0.21459344636363484,0.31875,0.5,0.51875,0.031875
24,L20,8,0.034,w_boson_mediation,beta,10,0,0.0,-0.125,-0.09375,0.2019866607256804,0.175,0.5625,-0.6875,0.0
25,L20,11,0.033,AUX,alpha,174,0,0.0,0.07147988505747127,0.0625,0.14107350971101287,0.12392241379310345,0.4375,1.2377873563218391,0.0
25,L20,11,0.033,cluster_ejection,alpha,10,0,0.0,-0.08125,-0.09375,0.1841129257940475,0.14375,0.375,1.64375,0.0
25,L20,11,0.033,cluster_ejection_daughter,alpha,10,0,0.0,0.0,0.03125,0.1502313031443329,0.1125,0.3125,1.04375,0.0
25,L20,11,0.033,cluster_no_creation,alpha,8,0,0.0,0.1640625,0.1875,0.24306795603287573,0.2421875,0.5,1.203125,0.0
25,L20,11,0.033,daughter_a_minus4,alpha,10,0,0.0,-0.0125,-0.03125,0.09682458365518543,0.075,0.1875,1.14375,0.0
25,L20,11,0.033,daughter_z_minus2,alpha,12,0,0.0,0.06770833333333333,0.0625,0.14216850730628414,0.13020833333333334,0.25,0.921875,0.0
25,L20,11,0.033,discrete_energy_spectrum,alpha,1,0,0.0,0.375,0.375,,0.375,0.375,1.25,0.0
25,L20,11,0.033,element_shift_minus2,alpha,1,0,0.0,-0.0625,-0.0625,,0.0625,0.0625,1.75,0.0
25,L20,11,0.033,emitted_2neutrons,alpha,8,0,0.0,0.1328125,0.15625,0.1960477233263079,0.1953125,0.375,1.015625,0.0
25,L20,11,0.033,emitted_2protons,alpha,8,0,0.0,0.125,0.125,0.1456205931276794,0.15625,0.375,1.078125,0.0
25,L20,11,0.033,emitted_charge_plus2,alpha,12,0,0.0,0.14583333333333334,0.15625,0.1927914951600838,0.19791666666666666,0.4375,1.109375,0.0
25,L20,11,0.033,emitted_mass4,alpha,12,0,0.0,0.057291666666666664,0.0625,0.12054072460325925,0.09895833333333333,0.3125,1.0416666666666667,0.0
25,L20,11,0.033,no_new_particles,alpha,1,0,0.0,0.0625,0.0625,,0.0625,0.0625,1.0,0.0
25,L20,11,0.033,no_quark_flavour_change,alpha,1,0,0.0,0.125,0.125,,0.125,0.125,1.3125,0.0
25,L20,11,0.033,not_weak_force,alpha,1,0,0.0,0.125,0.125,,0.125,0.125,0.25,0.0
25,L20,11,0.033,AUX,beta,172,15,0.0872093023255814,-0.17877906976744187,-0.1875,0.21044169789833544,0.22020348837209303,0.75,0.07667151162790697,0.01920379259058951
25,L20,11,0.033,antineutrino_emitted,beta,10,1,0.1,-0.03125,-0.03125,0.11121956512532616,0.09375,0.1875,-0.00625,0.009375000000000001
25,L20,11,0.033,continuous_energy_spectrum,beta,1,1,1.0,-0.75,-0.75,,0.75,0.75,0.0625,0.75
25,L20,11,0.033,daughter_a_unchanged,beta,12,0,0.0,-0.2916666666666667,-0.3125,0.2669446940790727,0.3333333333333333,0.6875,-0.859375,0.0
25,L20,11,0.033,daughter_n_minus1,beta,8,2,0.25,-0.25,-0.28125,0.0747017880833996,0.25,0.3125,-0.1484375,0.0625
25,L20,11,0.033,daughter_z_plus1,beta,12,4,0.3333333333333333,-0.2760416666666667,-0.3125,0.1756852115592148,0.2760416666666667,0.5,-0.22395833333333334,0.0920138888888889
25,L20,11,0.033,element_shift_plus1,beta,1,0,0.0,0.0,0.0,,0.0,0.0,-1.3125,0.0
25,L20,11,0.033,emitted_charge_minus1,beta,12,1,0.08333333333333333,-0.16145833333333334,-0.15625,0.11449721281509101,0.16145833333333334,0.375,-0.3333333333333333,0.013454861111111112
25,L20,11,0.033,emitted_mass_negligible,beta,8,0,0.0,-0.0859375,-0.0625,0.13748985352173654,0.1171875,0.3125,-0.921875,0.0
25,L20,11,0.033,lepton_number_increases,beta,1,0,0.0,-0.125,-0.125,,0.125,0.125,-1.0,0.0
25,L20,11,0.033,lightest_charged_elementary,beta,1,0,0.0,-0.25,-0.25,,0.25,0.25,-1.125,0.0
25,L20,11,0.033,new_particles_created,beta,1,0,0.0,0.0625,0.0625,,0.0625,0.0625,-0.5625,0.0
25,L20,11,0.033,quark_change_z_plus1,beta,10,0,0.0,-0.14375,-0.1875,0.15604152759228337,0.18125,0.3125,0.4625,0.0
25,L20,11,0.033,quark_flavour_change,beta,10,1,0.1,-0.21875,-0.28125,0.19150808657135662,0.24375,0.4375,0.51875,0.024375
25,L20,11,0.033,w_boson_mediation,beta,10,0,0.0,-0.08125,-0.0625,0.19331267849436742,0.14375,0.5,-0.6875,0.0
27,L25,6,0.076,AUX,alpha,174,0,0.0,0.0668103448275862,0.0625,0.20892588974757728,0.17097701149425287,0.625,1.2377873563218391,0.0
27,L25,6,0.076,cluster_ejection,alpha,10,0,0.0,-0.21875,-0.21875,0.142064392676936,0.21875,0.4375,1.64375,0.0
27,L25,6,0.076,cluster_ejection_daughter,alpha,10,0,0.0,-0.125,-0.09375,0.1886538570445295,0.125,0.625,1.04375,0.0
27,L25,6,0.076,cluster_no_creation,alpha,8,0,0.0,0.046875,0.09375,0.2582349082853495,0.203125,0.4375,1.203125,0.0
27,L25,6,0.076,daughter_a_minus4,alpha,10,0,0.0,0.25,0.25,0.08333333333333333,0.25,0.375,1.14375,0.0
27,L25,6,0.076,daughter_z_minus2,alpha,12,0,0.0,0.2552083333333333,0.25,0.11135252340965142,0.2552083333333333,0.4375,0.921875,0.0
27,L25,6,0.076,discrete_energy_spectrum,alpha,1,0,0.0,0.4375,0.4375,,0.4375,0.4375,1.25,0.0
27,L25,6,0.076,element_shift_minus2,alpha,1,0,0.0,-0.0625,-0.0625,,0.0625,0.0625,1.75,0.0
27,L25,6,0.076,emitted_2neutrons,alpha,8,0,0.0,0.1328125,0.09375,0.18125769688090881,0.1640625,0.375,1.015625,0.0
27,L25,6,0.076,emitted_2protons,alpha,8,0,0.0,0.1015625,0.125,0.11048543456039805,0.1171875,0.3125,1.078125,0.0
27,L25,6,0.076,emitted_charge_plus2,alpha,12,0,0.0,0.20833333333333334,0.1875,0.11410886614690961,0.20833333333333334,0.375,1.109375,0.0
27,L25,6,0.076,emitted_mass4,alpha,12,0,0.0,0.2864583333333333,0.3125,0.09776745562193932,0.2864583333333333,0.375,1.0416666666666667,0.0
27,L25,6,0.076,no_new_particles,alpha,1,0,0.0,0.25,0.25,,0.25,0.25,1.0,0.0
27,L25,6,0.076,no_quark_flavour_change,alpha,1,0,0.0,0.1875,0.1875,,0.1875,0.1875,1.3125,0.0
27,L25,6,0.076,not_weak_force,alpha,1,0,0.0,0.125,0.125,,0.125,0.125,0.25,0.0
27,L25,6,0.076,AUX,beta,172,18,0.10465116279069768,-0.26744186046511625,-0.25,0.18649858376466574,0.27761627906976744,0.875,0.07667151162790697,0.02905286641427799
27,L25,6,0.076,antineutrino_emitted,beta,10,5,0.5,-0.26875,-0.21875,0.18645542362720371,0.26875,0.625,-0.00625,0.134375
27,L25,6,0.076,continuous_energy_spectrum,beta,1,1,1.0,-0.6875,-0.6875,,0.6875,0.6875,0.0625,0.6875
27,L25,6,0.076,daughter_a_unchanged,beta,12,0,0.0,-0.28125,-0.3125,0.15424854500566168,0.2916666666666667,0.4375,-0.859375,0.0
27,L25,6,0.076,daughter_n_minus1,beta,8,2,0.25,-0.40625,-0.375,0.1336306209562122,0.40625,0.625,-0.1484375,0.1015625
27,L25,6,0.076,daughter_z_plus1,beta,12,4,0.3333333333333333,-0.2864583333333333,-0.3125,0.16740485198971078,0.2864583333333333,0.625,-0.22395833333333334,0.0954861111111111
27,L25,6,0.076,element_shift_plus1,beta,1,0,0.0,0.0,0.0,,0.0,0.0,-1.3125,0.0
27,L25,6,0.076,emitted_charge_minus1,beta,12,1,0.08333333333333333,-0.28125,-0.28125,0.10492150745806471,0.28125,0.5,-0.3333333333333333,0.0234375
27,L25,6,0.076,emitted_mass_negligible,beta,8,0,0.0,-0.2734375,-0.3125,0.09987436304105847,0.2734375,0.375,-0.921875,0.0
27,L25,6,0.076,lepton_number_increases,beta,1,0,0.0,-0.1875,-0.1875,,0.1875,0.1875,-1.0,0.0
27,L25,6,0.076,lightest_charged_elementary,beta,1,0,0.0,-0.25,-0.25,,0.25,0.25,-1.125,0.0
27,L25,6,0.076,new_particles_created,beta,1,0,0.0,0.1875,0.1875,,0.1875,0.1875,-0.5625,0.0
27,L25,6,0.076,quark_change_z_plus1,beta,10,0,0.0,-0.19375,-0.1875,0.05472468973568207,0.19375,0.3125,0.4625,0.0
27,L25,6,0.076,quark_flavour_change,beta,10,0,0.0,-0.2375,-0.21875,0.12076147288491199,0.2375,0.4375,0.51875,0.0
27,L25,6,0.076,w_boson_mediation,beta,10,0,0.0,-0.01875,-0.03125,0.16679682417706745,0.13125,0.25,-0.6875,0.0
30,L25,2,0.074,AUX,alpha,174,0,0.0,-0.053520114942528736,-0.0625,0.21668399088347304,0.17780172413793102,0.5625,1.2377873563218391,0.0
30,L25,2,0.074,cluster_ejection,alpha,10,0,0.0,-0.375,-0.375,0.14433756729740643,0.375,0.5625,1.64375,0.0
30,L25,2,0.074,cluster_ejection_daughter,alpha,10,0,0.0,-0.2125,-0.15625,0.20241596335818532,0.2125,0.75,1.04375,0.0
30,L25,2,0.074,cluster_no_creation,alpha,8,0,0.0,-0.1015625,-0.0625,0.21634519993684698,0.1640625,0.5,1.203125,0.0
30,L25,2,0.074,daughter_a_minus4,alpha,10,0,0.0,0.15625,0.15625,0.11121956512532617,0.15625,0.3125,1.14375,0.0
30,L25,2,0.074,daughter_z_minus2,alpha,12,0,0.0,0.171875,0.15625,0.10701595569225776,0.171875,0.3125,0.921875,0.0
30,L25,2,0.074,discrete_energy_spectrum,alpha,1,0,0.0,0.3125,0.3125,,0.3125,0.3125,1.25,0.0
30,L25,2,0.074,element_shift_minus2,alpha,1,0,0.0,-0.125,-0.125,,0.125,0.125,1.75,0.0
30,L25,2,0.074,emitted_2neutrons,alpha,8,0,0.0,0.046875,0.0625,0.2158610250667247,0.171875,0.3125,1.015625,0.0
30,L25,2,0.074,emitted_2protons,alpha,8,0,0.0,0.0,-0.03125,0.11572751247156893,0.09375,0.1875,1.078125,0.0
30,L25,2,0.074,emitted_charge_plus2,alpha,12,0,0.0,0.09375,0.09375,0.12919110228297812,0.125,0.25,1.109375,0.0
30,L25,2,0.074,emitted_mass4,alpha,12,0,0.0,0.15104166666666666,0.125,0.108116405771602,0.171875,0.3125,1.0416666666666667,0.0
30,L25,2,0.074,no_new_particles,alpha,1,0,0.0,0.0,0.0,,0.0,0.0,1.0,0.0
30,L25,2,0.074,no_quark_flavour_change,alpha,1,0,0.0,0.0625,0.0625,,0.0625,0.0625,1.3125,0.0
30,L25,2,0.074,not_weak_force,alpha,1,0,0.0,-0.0625,-0.0625,,0.0625,0.0625,0.25,0.0
30,L25,2,0.074,AUX,beta,172,16,0.09302325581395349,-0.19222383720930233,-0.1875,0.19225319307407618,0.21984011627906977,0.8125,0.07667151162790697,0.020450243374797186
30,L25,2,0.074,antineutrino_emitted,beta,10,2,0.2,-0.15,-0.125,0.18209811152843464,0.175,0.5,-0.00625,0.034999999999999996
30,L25,2,0.074,continuous_energy_spectrum,beta,1,1,1.0,-0.6875,-0.6875,,0.6875,0.6875,0.0625,0.6875
30,L25,2,0.074,daughter_a_unchanged,beta,12,0,0.0,-0.18229166666666666,-0.21875,0.14707936298186605,0.19270833333333334,0.375,-0.859375,0.0
30,L25,2,0.074,daughter_n_minus1,beta,8,2,0.25,-0.3125,-0.25,0.1735912687073534,0.3125,0.5625,-0.1484375,0.078125
30,L25,2,0.074,daughter_z_plus1,beta,12,4,0.3333333333333333,-0.22395833333333334,-0.21875,0.15869302246408903,0.24479166666666666,0.5,-0.22395833333333334,0.08159722222222221
30,L25,2,0.074,element_shift_plus1,beta,1,0,0.0,0.1875,0.1875,,0.1875,0.1875,-1.3125,0.0
30,L25,2,0.074,emitted_charge_minus1,beta,12,1,0.08333333333333333,-0.203125,-0.1875,0.11345866788474919,0.203125,0.4375,-0.3333333333333333,0.016927083333333332
30,L25,2,0.074,emitted_mass_negligible,beta,8,0,0.0,-0.15625,-0.125,0.06681531047810609,0.15625,0.25,-0.921875,0.0
30,L25,2,0.074,lepton_number_increases,beta,1,0,0.0,-0.25,-0.25,,0.25,0.25,-1.0,0.0
30,L25,2,0.074,lightest_charged_elementary,beta,1,0,0.0,-0.125,-0.125,,0.125,0.125,-1.125,0.0
30,L25,2,0.074,new_particles_created,beta,1,0,0.0,0.375,0.375,,0.375,0.375,-0.5625,0.0
30,L25,2,0.074,quark_change_z_plus1,beta,10,0,0.0,-0.19375,-0.1875,0.08041774610674493,0.19375,0.375,0.4625,0.0
30,L25,2,0.074,quark_flavour_change,beta,10,1,0.1,-0.25625,-0.25,0.12993721774593897,0.25625,0.4375,0.51875,0.025625
30,L25,2,0.074,w_boson_mediation,beta,10,0,0.0,0.0125,0.03125,0.19498931594662652,0.15,0.3125,-0.6875,0.0
32,L25,4,0.08,AUX,alpha,174,3,0.017241379310344827,-0.43354885057471265,-0.4375,0.17832213876039507,0.43354885057471265,0.875,1.2377873563218391,0.007474980182322632
32,L25,4,0.08,cluster_ejection,alpha,10,0,0.0,-0.7375,-0.78125,0.15534459901922706,0.7375,1.0,1.64375,0.0
32,L25,4,0.08,cluster_ejection_daughter,alpha,10,0,0.0,-0.45625,-0.40625,0.12165667767213695,0.45625,0.75,1.04375,0.0
32,L25,4,0.08,cluster_no_creation,alpha,8,0,0.0,-0.6484375,-0.625,0.17657928965684022,0.6484375,0.9375,1.203125,0.0
32,L25,4,0.08,daughter_a_minus4,alpha,10,0,0.0,-0.33125,-0.3125,0.07246886304552536,0.33125,0.4375,1.14375,0.0
32,L25,4,0.08,daughter_z_minus2,alpha,12,0,0.0,-0.3541666666666667,-0.375,0.10435588874209023,0.3541666666666667,0.5,0.921875,0.0
32,L25,4,0.08,discrete_energy_spectrum,alpha,1,0,0.0,-0.4375,-0.4375,,0.4375,0.4375,1.25,0.0
32,L25,4,0.08,element_shift_minus2,alpha,1,0,0.0,-0.6875,-0.6875,,0.6875,0.6875,1.75,0.0
32,L25,4,0.08,emitted_2neutrons,alpha,8,0,0.0,-0.34375,-0.34375,0.23385358667337133,0.34375,0.6875,1.015625,0.0
32,L25,4,0.08,emitted_2protons,alpha,8,0,0.0,-0.453125,-0.4375,0.15934435979977454,0.453125,0.6875,1.078125,0.0
32,L25,4,0.08,emitted_charge_plus2,alpha,12,0,0.0,-0.390625,-0.34375,0.16017790180693692,0.390625,0.6875,1.109375,0.0
32,L25,4,0.08,emitted_mass4,alpha,12,0,0.0,-0.21875,-0.21875,0.10492150745806471,0.21875,0.375,1.0416666666666667,0.0
32,L25,4,0.08,no_new_particles,alpha,1,0,0.0,-0.25,-0.25,,0.25,0.25,1.0,0.0
32,L25,4,0.08,no_quark_flavour_change,alpha,1,0,0.0,-0.5625,-0.5625,,0.5625,0.5625,1.3125,0.0
32,L25,4,0.08,not_weak_force,alpha,1,1,1.0,-0.4375,-0.4375,,0.4375,0.4375,0.25,0.4375
32,L25,4,0.08,AUX,beta,172,13,0.0755813953488372,0.14607558139534885,0.125,0.20615316819532492,0.20494186046511628,0.625,0.07667151162790697,0.015489791779340184
32,L25,4,0.08,antineutrino_emitted,beta,10,3,0.3,0.3,0.34375,0.18352262954621032,0.3125,0.5,-0.00625,0.09375
32,L25,4,0.08,continuous_energy_spectrum,beta,1,0,0.0,0.0,0.0,,0.0,0.0,0.0625,0.0
32,L25,4,0.08,daughter_a_unchanged,beta,12,0,0.0,0.296875,0.25,0.15338278393969418,0.296875,0.625,-0.859375,0.0
32,L25,4,0.08,daughter_n_minus1,beta,8,1,0.125,0.15625,0.15625,0.10564428184106457,0.171875,0.25,-0.1484375,0.021484375
32,L25,4,0.08,daughter_z_plus1,beta,12,2,0.16666666666666666,0.234375,0.25,0.15338278393969418,0.24479166666666666,0.5,-0.22395833333333334,0.040798611111111105
32,L25,4,0.08,element_shift_plus1,beta,1,0,0.0,0.5,0.5,,0.5,0.5,-1.3125,0.0
32,L25,4,0.08,emitted_charge_minus1,beta,12,3,0.25,0.234375,0.21875,0.13879810795802394,0.234375,0.5625,-0.3333333333333333,0.05859375
32,L25,4,0.08,emitted_mass_negligible,beta,8,0,0.0,0.28125,0.28125,0.10022296571715916,0.28125,0.4375,-0.921875,0.0
32,L25,4,0.08,lepton_number_increases,beta,1,0,0.0,0.1875,0.1875,,0.1875,0.1875,-1.0,0.0
32,L25,4,0.08,lightest_charged_elementary,beta,1,0,0.0,0.3125,0.3125,,0.3125,0.3125,-1.125,0.0
32,L25,4,0.08,new_particles_created,beta,1,0,0.0,0.375,0.375,,0.375,0.375,-0.5625,0.0
32,L25,4,0.08,quark_change_z_plus1,beta,10,1,0.1,0.1375,0.125,0.06454972243679027,0.1375,0.25,0.4625,0.013750000000000002
32,L25,4,0.08,quark_flavour_change,beta,10,1,0.1,0.09375,0.0625,0.10724614730194793,0.11875,0.25,0.51875,0.011875
32,L25,4,0.08,w_boson_mediation,beta,10,3,0.3,0.4125,0.3125,0.1697629065621947,0.4125,0.75,-0.6875,0.12374999999999999
35,L18,17,0.117,AUX,alpha,174,7,0.040229885057471264,-0.3807471264367816,-0.375,0.21548862842417973,0.39511494252873564,0.875,1.2377873563218391,0.015895428722420397
35,L18,17,0.117,cluster_ejection,alpha,10,0,0.0,-0.05,0.0,0.22973414586817037,0.175,0.5,1.64375,0.0
35,L18,17,0.117,cluster_ejection_daughter,alpha,10,0,0.0,-0.5,-0.46875,0.21850184336878156,0.5,1.0,1.04375,0.0
35,L18,17,0.117,cluster_no_creation,alpha,8,0,0.0,-0.2890625,-0.3125,0.258639771206982,0.3203125,0.625,1.203125,0.0
35,L18,17,0.117,daughter_a_minus4,alpha,10,0,0.0,-0.575,-0.5625,0.08228507357554792,0.575,0.6875,1.14375,0.0
35,L18,17,0.117,daughter_z_minus2,alpha,12,1,0.08333333333333333,-0.5104166666666666,-0.46875,0.15728821740147395,0.5104166666666666,0.8125,0.921875,0.04253472222222222
35,L18,17,0.117,discrete_energy_spectrum,alpha,1,0,0.0,-0.4375,-0.4375,,0.4375,0.4375,1.25,0.0
35,L18,17,0.117,element_shift_minus2,alpha,1,0,0.0,-0.375,-0.375,,0.375,0.375,1.75,0.0
35,L18,17,0.117,emitted_2neutrons,alpha,8,1,0.125,-0.328125,-0.40625,0.17598574414666987,0.328125,0.5,1.015625,0.041015625
35,L18,17,0.117,emitted_2protons,alpha,8,1,0.125,-0.5625,-0.5625,0.15309310892394862,0.5625,0.75,1.078125,0.0703125
35,L18,17,0.117,emitted_charge_plus2,alpha,12,1,0.08333333333333333,-0.59375,-0.59375,0.16749321560208721,0.59375,0.9375,1.109375,0.049479166666666664
35,L18,17,0.117,emitted_mass4,alpha,12,1,0.08333333333333333,-0.5520833333333334,-0.53125,0.14059869282551107,0.5520833333333334,0.75,1.0416666666666667,0.04600694444444445
35,L18,17,0.117,no_new_particles,alpha,1,0,0.0,-0.1875,-0.1875,,0.1875,0.1875,1.0,0.0
35,L18,17,0.117,no_quark_flavour_change,alpha,1,0,0.0,-0.5,-0.5,,0.5,0.5,1.3125,0.0
35,L18,17,0.117,not_weak_force,alpha,1,0,0.0,-0.1875,-0.1875,,0.1875,0.1875,0.25,0.0
35,L18,17,0.117,AUX,beta,172,32,0.18604651162790697,0.4211482558139535,0.4375,0.2141313127960202,0.423328488372093,1.0625,0.07667151162790697,0.07875878853434289
35,L18,17,0.117,antineutrino_emitted,beta,10,4,0.4,0.55,0.5,0.1437349025888362,0.55,0.8125,-0.00625,0.22000000000000003
35,L18,17,0.117,continuous_energy_spectrum,beta,1,0,0.0,0.4375,0.4375,,0.4375,0.4375,0.0625,0.0
35,L18,17,0.117,daughter_a_unchanged,beta,12,0,0.0,0.4166666666666667,0.34375,0.2154101092138323,0.4166666666666667,0.9375,-0.859375,0.0
35,L18,17,0.117,daughter_n_minus1,beta,8,3,0.375,0.2890625,0.25,0.16682934768798924,0.2890625,0.5625,-0.1484375,0.1083984375
35,L18,17,0.117,daughter_z_plus1,beta,12,0,0.0,0.2552083333333333,0.28125,0.1911729890502951,0.2552083333333333,0.5625,-0.22395833333333334,0.0
35,L18,17,0.117,element_shift_plus1,beta,1,0,0.0,0.25,0.25,,0.25,0.25,-1.3125,0.0
35,L18,17,0.117,emitted_charge_minus1,beta,12,9,0.75,0.7447916666666666,0.6875,0.19302160245721597,0.7447916666666666,1.125,-0.3333333333333333,0.55859375
35,L18,17,0.117,emitted_mass_negligible,beta,8,2,0.25,0.7265625,0.71875,0.11542574530221335,0.7265625,0.9375,-0.921875,0.181640625
35,L18,17,0.117,lepton_number_increases,beta,1,0,0.0,0.5,0.5,,0.5,0.5,-1.0,0.0
35,L18,17,0.117,lightest_charged_elementary,beta,1,0,0.0,0.375,0.375,,0.375,0.375,-1.125,0.0
35,L18,17,0.117,new_particles_created,beta,1,0,0.0,0.4375,0.4375,,0.4375,0.4375,-0.5625,0.0
35,L18,17,0.117,quark_change_z_plus1,beta,10,2,0.2,0.5,0.5625,0.13176156917368248,0.5,0.625,0.4625,0.1
35,L18,17,0.117,quark_flavour_change,beta,10,2,0.2,0.625,0.59375,0.19982631347136331,0.625,1.0,0.51875,0.125
35,L18,17,0.117,w_boson_mediation,beta,10,2,0.2,0.41875,0.375,0.15037568693848824,0.41875,0.75,-0.6875,0.08375
37,L16,13,0.021,AUX,alpha,174,1,0.005747126436781609,0.25323275862068967,0.21875,0.20241354856632762,0.26688218390804597,0.8125,1.2377873563218391,0.0015338056546439424
37,L16,13,0.021,cluster_ejection,alpha,10,0,0.0,0.31875,0.3125,0.17040087538898774,0.31875,0.6875,1.64375,0.0
37,L16,13,0.021,cluster_ejection_daughter,alpha,10,0,0.0,0.34375,0.28125,0.24340253011558172,0.34375,0.75,1.04375,0.0
37,L16,13,0.021,cluster_no_creation,alpha,8,0,0.0,0.453125,0.40625,0.21062725200152588,0.453125,0.9375,1.203125,0.0
37,L16,13,0.021,daughter_a_minus4,alpha,10,0,0.0,0.05,0.03125,0.10540925533894598,0.0875,0.1875,1.14375,0.0
37,L16,13,0.021,daughter_z_minus2,alpha,12,0,0.0,0.057291666666666664,0.0,0.11135252340965143,0.078125,0.3125,0.921875,0.0
37,L16,13,0.021,discrete_energy_spectrum,alpha,1,0,0.0,0.1875,0.1875,,0.1875,0.1875,1.25,0.0
37,L16,13,0.021,element_shift_minus2,alpha,1,0,0.0,-0.125,-0.125,,0.125,0.125,1.75,0.0
37,L16,13,0.021,emitted_2neutrons,alpha,8,0,0.0,0.2890625,0.34375,0.14916995041610376,0.2890625,0.5,1.015625,0.0
37,L16,13,0.021,emitted_2protons,alpha,8,0,0.0,0.28125,0.21875,0.1336306209562122,0.28125,0.4375,1.078125,0.0
37,L16,13,0.021,emitted_charge_plus2,alpha,12,0,0.0,0.3020833333333333,0.3125,0.12734542025768364,0.3020833333333333,0.5,1.109375,0.0
37,L16,13,0.021,emitted_mass4,alpha,12,0,0.0,0.21875,0.1875,0.09791868147508004,0.21875,0.4375,1.0416666666666667,0.0
37,L16,13,0.021,no_new_particles,alpha,1,0,0.0,0.125,0.125,,0.125,0.125,1.0,0.0
37,L16,13,0.021,no_quark_flavour_change,alpha,1,0,0.0,0.1875,0.1875,,0.1875,0.1875,1.3125,0.0
37,L16,13,0.021,not_weak_force,alpha,1,0,0.0,0.5,0.5,,0.5,0.5,0.25,0.0
37,L16,13,0.021,AUX,beta,172,8,0.046511627906976744,-0.19440406976744187,-0.1875,0.21886229170845792,0.23292151162790697,1.1875,0.07667151162790697,0.010833558680367766
37,L16,13,0.021,antineutrino_emitted,beta,10,0,0.0,-0.05,0.0,0.1927505584370063,0.1375,0.3125,-0.00625,0.0
37,L16,13,0.021,continuous_energy_spectrum,beta,1,1,1.0,-0.5,-0.5,,0.5,0.5,0.0625,0.5
37,L16,13,0.021,daughter_a_unchanged,beta,12,0,0.0,-0.078125,-0.0625,0.1335831584716903,0.11979166666666667,0.25,-0.859375,0.0
37,L16,13,0.021,daughter_n_minus1,beta,8,0,0.0,-0.1171875,-0.125,0.09110862335695782,0.1171875,0.25,-0.1484375,0.0
37,L16,13,0.021,daughter_z_plus1,beta,12,2,0.16666666666666666,-0.041666666666666664,-0.03125,0.08566805210529274,0.07291666666666667,0.1875,-0.22395833333333334,0.012152777777777778
37,L16,13,0.021,element_shift_plus1,beta,1,0,0.0,0.125,0.125,,0.125,0.125,-1.3125,0.0
37,L16,13,0.021,emitted_charge_minus1,beta,12,1,0.08333333333333333,-0.17708333333333334,-0.1875,0.1550140511715182,0.1875,0.4375,-0.3333333333333333,0.015625
37,L16,13,0.021,emitted_mass_negligible,beta,8,0,0.0,0.1015625,0.125,0.10531362600076294,0.1328125,0.1875,-0.921875,0.0
37,L16,13,0.021,lepton_number_increases,beta,1,0,0.0,-0.375,-0.375,,0.375,0.375,-1.0,0.0
37,L16,13,0.021,lightest_charged_elementary,beta,1,0,0.0,-0.375,-0.375,,0.375,0.375,-1.125,0.0
37,L16,13,0.021,new_particles_created,beta,1,0,0.0,-0.3125,-0.3125,,0.3125,0.3125,-0.5625,0.0
37,L16,13,0.021,quark_change_z_plus1,beta,10,0,0.0,-0.04375,0.0,0.18645542362720371,0.11875,0.4375,0.4625,0.0
37,L16,13,0.021,quark_flavour_change,beta,10,1,0.1,-0.19375,-0.1875,0.23835737058272632,0.24375,0.625,0.51875,0.024375
37,L16,13,0.021,w_boson_mediation,beta,10,0,0.0,-0.325,-0.3125,0.13756311682682648,0.325,0.625,-0.6875,0.0
39,L17,17,0.038,AUX,alpha,174,0,0.0,-0.059985632183908046,-0.0625,0.22999426625273858,0.18426724137931033,0.625,1.2377873563218391,0.0
39,L17,17,0.038,cluster_ejection,alpha,10,0,0.0,-0.30625,-0.3125,0.15152580454973485,0.30625,0.625,1.64375,0.0
39,L17,17,0.038,cluster_ejection_daughter,alpha,10,0,0.0,-0.1,-0.0625,0.2024159633581853,0.15,0.5,1.04375,0.0
39,L17,17,0.038,cluster_no_creation,alpha,8,0,0.0,-0.1484375,-0.09375,0.23130428899426583,0.1796875,0.5625,1.203125,0.0
39,L17,17,0.038,daughter_a_minus4,alpha,10,0,0.0,0.04375,0.0,0.11043631900582142,0.08125,0.25,1.14375,0.0
39,L17,17,0.038,daughter_z_minus2,alpha,12,0,0.0,0.08854166666666667,0.09375,0.13708183659494216,0.13020833333333334,0.25,0.921875,0.0
39,L17,17,0.038,discrete_energy_spectrum,alpha,1,0,0.0,-0.125,-0.125,,0.125,0.125,1.25,0.0
39,L17,17,0.038,element_shift_minus2,alpha,1,0,0.0,0.0,0.0,,0.0,0.0,1.75,0.0
39,L17,17,0.038,emitted_2neutrons,alpha,8,0,0.0,0.015625,0.0,0.24719407499834153,0.203125,0.375,1.015625,0.0
39,L17,17,0.038,emitted_2protons,alpha,8,0,0.0,0.0546875,0.0625,0.1269381000724369,0.1171875,0.1875,1.078125,0.0
39,L17,17,0.038,emitted_charge_plus2,alpha,12,0,0.0,-0.052083333333333336,-0.03125,0.2320752065929308,0.1875,0.375,1.109375,0.0
39,L17,17,0.038,emitted_mass4,alpha,12,0,0.0,0.09375,0.0625,0.14227254574487402,0.11458333333333333,0.4375,1.0416666666666667,0.0
39,L17,17,0.038,no_new_particles,alpha,1,0,0.0,0.0625,0.0625,,0.0625,0.0625,1.0,0.0
39,L17,17,0.038,no_quark_flavour_change,alpha,1,0,0.0,-0.0625,-0.0625,,0.0625,0.0625,1.3125,0.0
39,L17,17,0.038,not_weak_force,alpha,1,0,0.0,0.125,0.125,,0.125,0.125,0.25,0.0
39,L17,17,0.038,AUX,beta,172,16,0.09302325581395349,-0.17405523255813954,-0.1875,0.259110350685011,0.2401889534883721,1.0,0.07667151162790697,0.022343158464034615
39,L17,17,0.038,antineutrino_emitted,beta,10,4,0.4,0.0875,0.0625,0.2520747243709029,0.2125,0.4375,-0.00625,0.085
39,L17,17,0.038,continuous_energy_spectrum,beta,1,0,0.0,0.5,0.5,,0.5,0.5,0.0625,0.0
39,L17,17,0.038,daughter_a_unchanged,beta,12,0,0.0,0.052083333333333336,0.03125,0.19734266844217646,0.16666666666666666,0.4375,-0.859375,0.0
39,L17,17,0.038,daughter_n_minus1,beta,8,2,0.25,-0.2890625,-0.28125,0.11542574530221335,0.2890625,0.5,-0.1484375,0.072265625
39,L17,17,0.038,daughter_z_plus1,beta,12,4,0.3333333333333333,-0.18229166666666666,-0.15625,0.14464477779174828,0.18229166666666666,0.4375,-0.22395833333333334,0.06076388888888888
39,L17,17,0.038,element_shift_plus1,beta,1,0,0.0,-0.0625,-0.0625,,0.0625,0.0625,-1.3125,0.0
39,L17,17,0.038,emitted_charge_minus1,beta,12,2,0.16666666666666666,-0.140625,-0.1875,0.20142426108725198,0.21354166666666666,0.375,-0.3333333333333333,0.035590277777777776
39,L17,17,0.038,emitted_mass_negligible,beta,8,0,0.0,0.203125,0.28125,0.24719407499834156,0.28125,0.5,-0.921875,0.0
39,L17,17,0.038,lepton_number_increases,beta,1,0,0.0,0.4375,0.4375,,0.4375,0.4375,-1.0,0.0
39,L17,17,0.038,lightest_charged_elementary,beta,1,0,0.0,-0.125,-0.125,,0.125,0.125,-1.125,0.0
39,L17,17,0.038,new_particles_created,beta,1,0,0.0,0.4375,0.4375,,0.4375,0.4375,-0.5625,0.0
39,L17,17,0.038,quark_change_z_plus1,beta,10,0,0.0,-0.16875,-0.21875,0.11429888936954335,0.16875,0.3125,0.4625,0.0
39,L17,17,0.038,quark_flavour_change,beta,10,1,0.1,-0.36875,-0.4375,0.18505348326002044,0.36875,0.5625,0.51875,0.036875000000000005
39,L17,17,0.038,w_boson_mediation,beta,10,0,0.0,-0.1375,-0.09375,0.13110110602126895,0.1375,0.3125,-0.6875,0.0
40,L14,8,0.053,AUX,alpha,174,0,0.0,0.03879310344827586,0.0,0.15093679632201867,0.1206896551724138,0.5,1.2377873563218391,0.0
40,L14,8,0.053,cluster_ejection,alpha,10,0,0.0,-0.0625,-0.0625,0.07795119555779044,0.075,0.1875,1.64375,0.0
40,L14,8,0.053,cluster_ejection_daughter,alpha,10,0,0.0,0.0625,0.125,0.15309310892394862,0.1375,0.3125,1.04375,0.0
40,L14,8,0.053,cluster_no_creation,alpha,8,0,0.0,0.0078125,0.0,0.13950446421428342,0.1171875,0.1875,1.203125,0.0
40,L14,8,0.053,daughter_a_minus4,alpha,10,0,0.0,0.11875,0.125,0.09524274542218716,0.13125,0.25,1.14375,0.0
40,L14,8,0.053,daughter_z_minus2,alpha,12,0,0.0,0.24479166666666666,0.25,0.108116405771602,0.24479166666666666,0.375,0.921875,0.0
40,L14,8,0.053,discrete_energy_spectrum,alpha,1,0,0.0,0.1875,0.1875,,0.1875,0.1875,1.25,0.0
40,L14,8,0.053,element_shift_minus2,alpha,1,0,0.0,0.1875,0.1875,,0.1875,0.1875,1.75,0.0
40,L14,8,0.053,emitted_2neutrons,alpha,8,0,0.0,0.078125,0.0625,0.0867956343536767,0.078125,0.25,1.015625,0.0
40,L14,8,0.053,emitted_2protons,alpha,8,0,0.0,0.015625,0.0625,0.1407489533074504,0.125,0.1875,1.078125,0.0
40,L14,8,0.053,emitted_charge_plus2,alpha,12,0,0.0,0.109375,0.125,0.13358315847169033,0.140625,0.3125,1.109375,0.0
40,L14,8,0.053,emitted_mass4,alpha,12,0,0.0,-0.020833333333333332,-0.03125,0.1141088661469096,0.09375,0.1875,1.0416666666666667,0.0
40,L14,8,0.053,no_new_particles,alpha,1,0,0.0,0.0,0.0,,0.0,0.0,1.0,0.0
40,L14,8,0.053,no_quark_flavour_change,alpha,1,0,0.0,-0.125,-0.125,,0.125,0.125,1.3125,0.0
40,L14,8,0.053,not_weak_force,alpha,1,0,0.0,-0.125,-0.125,,0.125,0.125,0.25,0.0
40,L14,8,0.053,AUX,beta,172,17,0.09883720930232558,-0.24309593023255813,-0.25,0.2054015845094984,0.2663517441860465,0.8125,0.07667151162790697,0.026325463088155757
40,L14,8,0.053,antineutrino_emitted,beta,10,6,0.6,-0.34375,-0.3125,0.1358167167750552,0.34375,0.5625,-0.00625,0.20625
40,L14,8,0.053,continuous_energy_spectrum,beta,1,1,1.0,-0.625,-0.625,,0.625,0.625,0.0625,0.625
40,L14,8,0.053,daughter_a_unchanged,beta,12,0,0.0,-0.13020833333333334,-0.15625,0.18551665672990775,0.19270833333333334,0.375,-0.859375,0.0
40,L14,8,0.053,daughter_n_minus1,beta,8,2,0.25,-0.359375,-0.40625,0.11928918942756597,0.359375,0.5,-0.1484375,0.08984375
40,L14,8,0.053,daughter_z_plus1,beta,12,5,0.4166666666666667,-0.421875,-0.375,0.12535461064153527,0.421875,0.6875,-0.22395833333333334,0.17578125
40,L14,8,0.053,element_shift_plus1,beta,1,0,0.0,-0.25,-0.25,,0.25,0.25,-1.3125,0.0
40,L14,8,0.053,emitted_charge_minus1,beta,12,1,0.08333333333333333,-0.2864583333333333,-0.3125,0.11449721281509101,0.2864583333333333,0.4375,-0.3333333333333333,0.023871527777777776
40,L14,8,0.053,emitted_mass_negligible,beta,8,0,0.0,-0.1796875,-0.1875,0.1510288377146185,0.2109375,0.3125,-0.921875,0.0
40,L14,8,0.053,lepton_number_increases,beta,1,0,0.0,-0.0625,-0.0625,,0.0625,0.0625,-1.0,0.0
40,L14,8,0.053,lightest_charged_elementary,beta,1,0,0.0,-0.125,-0.125,,0.125,0.125,-1.125,0.0
40,L14,8,0.053,new_particles_created,beta,1,0,0.0,-0.1875,-0.1875,,0.1875,0.1875,-0.5625,0.0
40,L14,8,0.053,quark_change_z_plus1,beta,10,0,0.0,-0.1375,-0.125,0.12076147288491199,0.15,0.3125,0.4625,0.0
40,L14,8,0.053,quark_flavour_change,beta,10,0,0.0,-0.1875,-0.125,0.2602082499332666,0.2375,0.5625,0.51875,0.0
40,L14,8,0.053,w_boson_mediation,beta,10,0,0.0,0.13125,0.15625,0.1119973337976301,0.13125,0.3125,-0.6875,0.0
42,L13,2,0.073,AUX,alpha,174,4,0.022988505747126436,-0.2974137931034483,-0.3125,0.12678120990262373,0.2974137931034483,0.5625,1.2377873563218391,0.006837098692033294
42,L13,2,0.073,cluster_ejection,alpha,10,0,0.0,-0.20625,-0.1875,0.08863353077576103,0.20625,0.375,1.64375,0.0
42,L13,2,0.073,cluster_ejection_daughter,alpha,10,0,0.0,-0.225,-0.25,0.07905694150420949,0.225,0.3125,1.04375,0.0
42,L13,2,0.073,cluster_no_creation,alpha,8,0,0.0,-0.34375,-0.34375,0.12938729237669142,0.34375,0.5,1.203125,0.0
42,L13,2,0.073,daughter_a_minus4,alpha,10,0,0.0,-0.4125,-0.375,0.0843685697138191,0.4125,0.5,1.14375,0.0
42,L13,2,0.073,daughter_z_minus2,alpha,12,0,0.0,-0.4010416666666667,-0.4375,0.1175578113744532,0.4010416666666667,0.5625,0.921875,0.0
42,L13,2,0.073,discrete_energy_spectrum,alpha,1,0,0.0,-0.1875,-0.1875,,0.1875,0.1875,1.25,0.0
42,L13,2,0.073,element_shift_minus2,alpha,1,0,0.0,-0.1875,-0.1875,,0.1875,0.1875,1.75,0.0
42,L13,2,0.073,emitted_2neutrons,alpha,8,1,0.125,-0.3359375,-0.34375,0.13748985352173654,0.3359375,0.5625,1.015625,0.0419921875
42,L13,2,0.073,emitted_2protons,alpha,8,0,0.0,-0.3359375,-0.375,0.15647305507430254,0.3359375,0.5,1.078125,0.0
42,L13,2,0.073,emitted_charge_plus2,alpha,12,0,0.0,-0.22916666666666666,-0.25,0.08566805210529274,0.22916666666666666,0.3125,1.109375,0.0
42,L13,2,0.073,emitted_mass4,alpha,12,0,0.0,-0.265625,-0.21875,0.16237976320958222,0.265625,0.5625,1.0416666666666667,0.0
42,L13,2,0.073,no_new_particles,alpha,1,0,0.0,-0.5,-0.5,,0.5,0.5,1.0,0.0
42,L13,2,0.073,no_quark_flavour_change,alpha,1,0,0.0,-0.4375,-0.4375,,0.4375,0.4375,1.3125,0.0
42,L13,2,0.073,not_weak_force,alpha,1,0,0.0,-0.125,-0.125,,0.125,0.125,0.25,0.0
42,L13,2,0.073,AUX,beta,172,22,0.12790697674418605,0.2910610465116279,0.3125,0.14534391779040665,0.29396802325581395,0.75,0.07667151162790697,0.03760056111411574
42,L13,2,0.073,antineutrino_emitted,beta,10,0,0.0,0.175,0.21875,0.11334558757279536,0.1875,0.3125,-0.00625,0.0
42,L13,2,0.073,continuous_energy_spectrum,beta,1,1,1.0,-0.125,-0.125,,0.125,0.125,0.0625,0.125
42,L13,2,0.073,daughter_a_unchanged,beta,12,1,0.08333333333333333,0.3489583333333333,0.34375,0.1175578113744532,0.3489583333333333,0.5,-0.859375,0.02907986111111111
42,L13,2,0.073,daughter_n_minus1,beta,8,4,0.5,0.4140625,0.4375,0.11048543456039804,0.4140625,0.5625,-0.1484375,0.20703125
42,L13,2,0.073,daughter_z_plus1,beta,12,3,0.25,0.4010416666666667,0.375,0.08618464805640307,0.4010416666666667,0.5,-0.22395833333333334,0.10026041666666667
42,L13,2,0.073,element_shift_plus1,beta,1,0,0.0,0.125,0.125,,0.125,0.125,-1.3125,0.0
42,L13,2,0.073,emitted_charge_minus1,beta,12,3,0.25,0.34375,0.375,0.1519288858763743,0.34375,0.625,-0.3333333333333333,0.0859375
42,L13,2,0.073,emitted_mass_negligible,beta,8,0,0.0,0.3359375,0.3125,0.08140438628933246,0.3359375,0.4375,-0.921875,0.0
42,L13,2,0.073,lepton_number_increases,beta,1,0,0.0,0.3125,0.3125,,0.3125,0.3125,-1.0,0.0
42,L13,2,0.073,lightest_charged_elementary,beta,1,0,0.0,0.3125,0.3125,,0.3125,0.3125,-1.125,0.0
42,L13,2,0.073,new_particles_created,beta,1,0,0.0,0.25,0.25,,0.25,0.25,-0.5625,0.0
42,L13,2,0.073,quark_change_z_plus1,beta,10,2,0.2,0.39375,0.375,0.1383496476323666,0.39375,0.75,0.4625,0.07875
42,L13,2,0.073,quark_flavour_change,beta,10,2,0.2,0.3625,0.3125,0.16351180725290487,0.3625,0.5625,0.51875,0.0725
42,L13,2,0.073,w_boson_mediation,beta,10,1,0.1,0.1625,0.21875,0.19364916731037085,0.2125,0.375,-0.6875,0.02125
44,L13,2,0.073,AUX,alpha,174,4,0.022988505747126436,-0.2920258620689655,-0.3125,0.12210591047746211,0.2920258620689655,0.5625,1.2377873563218391,0.006713238208481966
44,L13,2,0.073,cluster_ejection,alpha,10,0,0.0,-0.2,-0.15625,0.11711224435462664,0.2,0.375,1.64375,0.0
44,L13,2,0.073,cluster_ejection_daughter,alpha,10,0,0.0,-0.2375,-0.21875,0.07682953714410741,0.2375,0.375,1.04375,0.0
44,L13,2,0.073,cluster_no_creation,alpha,8,0,0.0,-0.34375,-0.3125,0.1417366773784602,0.34375,0.5,1.203125,0.0
44,L13,2,0.073,daughter_a_minus4,alpha,10,0,0.0,-0.425,-0.4375,0.09223309842157774,0.425,0.5625,1.14375,0.0
44,L13,2,0.073,daughter_z_minus2,alpha,12,0,0.0,-0.40625,-0.40625,0.09422229518055114,0.40625,0.5,0.921875,0.0
44,L13,2,0.073,discrete_energy_spectrum,alpha,1,0,0.0,-0.1875,-0.1875,,0.1875,0.1875,1.25,0.0
44,L13,2,0.073,element_shift_minus2,alpha,1,0,0.0,-0.1875,-0.1875,,0.1875,0.1875,1.75,0.0
44,L13,2,0.073,emitted_2neutrons,alpha,8,1,0.125,-0.3359375,-0.34375,0.14538088828512305,0.3359375,0.5625,1.015625,0.0419921875
44,L13,2,0.073,emitted_2protons,alpha,8,0,0.0,-0.3046875,-0.34375,0.16173411547086425,0.3046875,0.4375,1.078125,0.0
44,L13,2,0.073,emitted_charge_plus2,alpha,12,0,0.0,-0.22916666666666666,-0.25,0.0814173684098662,0.22916666666666666,0.375,1.109375,0.0
44,L13,2,0.073,emitted_mass4,alpha,12,0,0.0,-0.24479166666666666,-0.21875,0.15183146433004607,0.24479166666666666,0.5,1.0416666666666667,0.0
44,L13,2,0.073,no_new_particles,alpha,1,0,0.0,-0.5,-0.5,,0.5,0.5,1.0,0.0
44,L13,2,0.073,no_quark_flavour_change,alpha,1,0,0.0,-0.4375,-0.4375,,0.4375,0.4375,1.3125,0.0
44,L13,2,0.073,not_weak_force,alpha,1,0,0.0,-0.0625,-0.0625,,0.0625,0.0625,0.25,0.0
44,L13,2,0.073,AUX,beta,172,21,0.12209302325581395,0.2914244186046512,0.3125,0.13954502129239957,0.2928779069767442,0.75,0.07667151162790697,0.03575834910762574
44,L13,2,0.073,antineutrino_emitted,beta,10,0,0.0,0.16875,0.1875,0.08863353077576103,0.16875,0.25,-0.00625,0.0
44,L13,2,0.073,continuous_energy_spectrum,beta,1,1,1.0,-0.25,-0.25,,0.25,0.25,0.0625,0.25
44,L13,2,0.073,daughter_a_unchanged,beta,12,1,0.08333333333333333,0.3333333333333333,0.3125,0.11095317057482432,0.3333333333333333,0.5625,-0.859375,0.027777777777777776
44,L13,2,0.073,daughter_n_minus1,beta,8,4,0.5,0.40625,0.4375,0.12499999999999999,0.40625,0.5625,-0.1484375,0.203125
44,L13,2,0.073,daughter_z_plus1,beta,12,2,0.16666666666666666,0.3958333333333333,0.375,0.10435588874209023,0.3958333333333333,0.5625,-0.22395833333333334,0.06597222222222221
44,L13,2,0.073,element_shift_plus1,beta,1,0,0.0,0.125,0.125,,0.125,0.125,-1.3125,0.0
44,L13,2,0.073,emitted_charge_minus1,beta,12,3,0.25,0.3177083333333333,0.3125,0.14947429975711138,0.3177083333333333,0.5,-0.3333333333333333,0.07942708333333333
44,L13,2,0.073,emitted_mass_negligible,beta,8,0,0.0,0.3046875,0.3125,0.09704046928251855,0.3046875,0.4375,-0.921875,0.0
44,L13,2,0.073,lepton_number_increases,beta,1,0,0.0,0.3125,0.3125,,0.3125,0.3125,-1.0,0.0
44,L13,2,0.073,lightest_charged_elementary,beta,1,0,0.0,0.1875,0.1875,,0.1875,0.1875,-1.125,0.0
44,L13,2,0.073,new_particles_created,beta,1,0,0.0,0.1875,0.1875,,0.1875,0.1875,-0.5625,0.0
44,L13,2,0.073,quark_change_z_plus1,beta,10,2,0.2,0.39375,0.375,0.1180351289517941,0.39375,0.6875,0.4625,0.07875
44,L13,2,0.073,quark_flavour_change,beta,10,2,0.2,0.375,0.375,0.17921510973005472,0.375,0.625,0.51875,0.07500000000000001
44,L13,2,0.073,w_boson_mediation,beta,10,1,0.1,0.16875,0.25,0.22253666988710974,0.23125,0.4375,-0.6875,0.023125000000000003
45,L12,5,0.017,AUX,alpha,174,0,0.0,0.01939655172413793,0.0,0.1260112078218092,0.10057471264367816,0.375,1.2377873563218391,0.0
45,L12,5,0.017,cluster_ejection,alpha,10,0,0.0,-0.0125,-0.03125,0.10944937947136414,0.0875,0.1875,1.64375,0.0
45,L12,5,0.017,cluster_ejection_daughter,alpha,10,0,0.0,0.0,0.0,0.12147816447594376,0.0875,0.25,1.04375,0.0
45,L12,5,0.017,cluster_no_creation,alpha,8,0,0.0,0.0703125,0.125,0.11781824303925578,0.1171875,0.1875,1.203125,0.0
45,L12,5,0.017,daughter_a_minus4,alpha,10,0,0.0,0.1375,0.125,0.08740073734751264,0.1375,0.25,1.14375,0.0
45,L12,5,0.017,daughter_z_minus2,alpha,12,0,0.0,0.13020833333333334,0.125,0.08618464805640307,0.13020833333333334,0.25,0.921875,0.0
45,L12,5,0.017,discrete_energy_spectrum,alpha,1,0,0.0,0.0625,0.0625,,0.0625,0.0625,1.25,0.0
45,L12,5,0.017,element_shift_minus2,alpha,1,0,0.0,0.0625,0.0625,,0.0625,0.0625,1.75,0.0
45,L12,5,0.017,emitted_2neutrons,alpha,8,0,0.0,0.0546875,0.0625,0.05215768502476751,0.0546875,0.125,1.015625,0.0
45,L12,5,0.017,emitted_2protons,alpha,8,0,0.0,0.0625,0.0625,0.12045301395742894,0.09375,0.3125,1.078125,0.0
45,L12,5,0.017,emitted_charge_plus2,alpha,12,0,0.0,0.10416666666666667,0.125,0.12017190969102504,0.13541666666666666,0.25,1.109375,0.0
45,L12,5,0.017,emitted_mass4,alpha,12,0,0.0,0.07291666666666667,0.03125,0.1479820064819512,0.125,0.3125,1.0416666666666667,0.0
45,L12,5,0.017,no_new_particles,alpha,1,0,0.0,0.0625,0.0625,,0.0625,0.0625,1.0,0.0
45,L12,5,0.017,no_quark_flavour_change,alpha,1,0,0.0,0.0625,0.0625,,0.0625,0.0625,1.3125,0.0
45,L12,5,0.017,not_weak_force,alpha,1,0,0.0,0.0625,0.0625,,0.0625,0.0625,0.25,0.0
45,L12,5,0.017,AUX,beta,172,6,0.03488372093023256,0.010901162790697675,0.0,0.1426474884586205,0.11627906976744186,0.375,0.07667151162790697,0.004056246619794483
45,L12,5,0.017,antineutrino_emitted,beta,10,0,0.0,0.0,0.0,0.14129854131510974,0.1,0.3125,-0.00625,0.0
45,L12,5,0.017,continuous_energy_spectrum,beta,1,1,1.0,-0.375,-0.375,,0.375,0.375,0.0625,0.375
45,L12,5,0.017,daughter_a_unchanged,beta,12,0,0.0,-0.18229166666666666,-0.1875,0.06772654184067699,0.18229166666666666,0.3125,-0.859375,0.0
45,L12,5,0.017,daughter_n_minus1,beta,8,1,0.125,-0.171875,-0.15625,0.14465939058946117,0.171875,0.4375,-0.1484375,0.021484375
45,L12,5,0.017,daughter_z_plus1,beta,12,2,0.16666666666666666,-0.07291666666666667,-0.03125,0.1301041249666333,0.09375,0.375,-0.22395833333333334,0.015625
45,L12,5,0.017,element_shift_plus1,beta,1,0,0.0,-0.0625,-0.0625,,0.0625,0.0625,-1.3125,0.0
45,L12,5,0.017,emitted_charge_minus1,beta,12,0,0.0,-0.08854166666666667,-0.0625,0.12907652035153647,0.11979166666666667,0.25,-0.3333333333333333,0.0
45,L12,5,0.017,emitted_mass_negligible,beta,8,0,0.0,-0.1875,-0.1875,0.10564428184106457,0.1875,0.375,-0.921875,0.0
45,L12,5,0.017,lepton_number_increases,beta,1,0,0.0,-0.1875,-0.1875,,0.1875,0.1875,-1.0,0.0
45,L12,5,0.017,lightest_charged_elementary,beta,1,0,0.0,-0.125,-0.125,,0.125,0.125,-1.125,0.0
45,L12,5,0.017,new_particles_created,beta,1,0,0.0,-0.1875,-0.1875,,0.1875,0.1875,-0.5625,0.0
45,L12,5,0.017,quark_change_z_plus1,beta,10,0,0.0,0.1625,0.15625,0.08936504412303006,0.1625,0.3125,0.4625,0.0
45,L12,5,0.017,quark_flavour_change,beta,10,1,0.1,0.1625,0.15625,0.13881942707464734,0.1875,0.375,0.51875,0.018750000000000003
45,L12,5,0.017,w_boson_mediation,beta,10,1,0.1,0.03125,0.0625,0.11505584392903397,0.10625,0.1875,-0.6875,0.010625
46,L12,4,0.017,AUX,alpha,174,0,0.0,0.011853448275862068,0.0,0.1226974876888296,0.09303160919540229,0.375,1.2377873563218391,0.0
46,L12,4,0.017,cluster_ejection,alpha,10,0,0.0,-0.03125,-0.03125,0.08462540004829126,0.06875,0.125,1.64375,0.0
46,L12,4,0.017,cluster_ejection_daughter,alpha,10,0,0.0,0.0125,0.0,0.11711224435462664,0.075,0.25,1.04375,0.0
46,L12,4,0.017,cluster_no_creation,alpha,8,0,0.0,0.0546875,0.0625,0.09110862335695782,0.0859375,0.1875,1.203125,0.0
46,L12,4,0.017,daughter_a_minus4,alpha,10,0,0.0,0.11875,0.125,0.06878155841341324,0.11875,0.25,1.14375,0.0
46,L12,4,0.017,daughter_z_minus2,alpha,12,0,0.0,0.109375,0.09375,0.07113627287243701,0.109375,0.25,0.921875,0.0
46,L12,4,0.017,discrete_energy_spectrum,alpha,1,0,0.0,0.0625,0.0625,,0.0625,0.0625,1.25,0.0
46,L12,4,0.017,element_shift_minus2,alpha,1,0,0.0,0.0625,0.0625,,0.0625,0.0625,1.75,0.0
46,L12,4,0.017,emitted_2neutrons,alpha,8,0,0.0,0.0390625,0.03125,0.06629126073623882,0.0546875,0.125,1.015625,0.0
46,L12,4,0.017,emitted_2protons,alpha,8,0,0.0,0.015625,0.0,0.11928918942756596,0.078125,0.25,1.078125,0.0
46,L12,4,0.017,emitted_charge_plus2,alpha,12,0,0.0,0.052083333333333336,0.0625,0.10934117442318984,0.10416666666666667,0.1875,1.109375,0.0
46,L12,4,0.017,emitted_mass4,alpha,12,0,0.0,0.057291666666666664,0.0625,0.13179899612207932,0.109375,0.25,1.0416666666666667,0.0
46,L12,4,0.017,no_new_particles,alpha,1,0,0.0,0.0625,0.0625,,0.0625,0.0625,1.0,0.0
46,L12,4,0.017,no_quark_flavour_change,alpha,1,0,0.0,0.125,0.125,,0.125,0.125,1.3125,0.0
46,L12,4,0.017,not_weak_force,alpha,1,0,0.0,0.0625,0.0625,,0.0625,0.0625,0.25,0.0
46,L12,4,0.017,AUX,beta,172,6,0.03488372093023256,0.0345203488372093,0.0,0.14134130188515687,0.11228197674418605,0.375,0.07667151162790697,0.0039168131422390486
46,L12,4,0.017,antineutrino_emitted,beta,10,0,0.0,0.0,0.0,0.125,0.1,0.25,-0.00625,0.0
46,L12,4,0.017,continuous_energy_spectrum,beta,1,1,1.0,-0.1875,-0.1875,,0.1875,0.1875,0.0625,0.1875
46,L12,4,0.017,daughter_a_unchanged,beta,12,0,0.0,-0.171875,-0.1875,0.07113627287243701,0.171875,0.25,-0.859375,0.0
46,L12,4,0.017,daughter_n_minus1,beta,8,0,0.0,-0.1484375,-0.125,0.12911745414267475,0.1484375,0.375,-0.1484375,0.0
46,L12,4,0.017,daughter_z_plus1,beta,12,2,0.16666666666666666,-0.06770833333333333,-0.03125,0.1344663625280135,0.09895833333333333,0.375,-0.22395833333333334,0.016493055555555552
46,L12,4,0.017,element_shift_plus1,beta,1,0,0.0,0.0,0.0,,0.0,0.0,-1.3125,0.0
46,L12,4,0.017,emitted_charge_minus1,beta,12,1,0.08333333333333333,-0.046875,-0.03125,0.11955468984375461,0.09895833333333333,0.25,-0.3333333333333333,0.008246527777777776
46,L12,4,0.017,emitted_mass_negligible,beta,8,0,0.0,-0.171875,-0.15625,0.09300297614285562,0.171875,0.375,-0.921875,0.0
46,L12,4,0.017,lepton_number_increases,beta,1,0,0.0,-0.125,-0.125,,0.125,0.125,-1.0,0.0
46,L12,4,0.017,lightest_charged_elementary,beta,1,0,0.0,0.0,0.0,,0.0,0.0,-1.125,0.0
46,L12,4,0.017,new_particles_created,beta,1,0,0.0,-0.125,-0.125,,0.125,0.125,-0.5625,0.0
46,L12,4,0.017,quark_change_z_plus1,beta,10,0,0.0,0.175,0.1875,0.08228507357554792,0.175,0.3125,0.4625,0.0
46,L12,4,0.017,quark_flavour_change,beta,10,1,0.1,0.16875,0.15625,0.12859416135009136,0.18125,0.3125,0.51875,0.018125
46,L12,4,0.017,w_boson_mediation,beta,10,1,0.1,0.01875,0.09375,0.12859416135009136,0.11875,0.1875,-0.6875,0.011875
49,L10,2,0.076,AUX,alpha,174,3,0.017241379310344827,-0.1910919540229885,-0.1875,0.20829014235699236,0.23275862068965517,0.875,1.2377873563218391,0.00401307966706302
49,L10,2,0.076,cluster_ejection,alpha,10,0,0.0,-0.23125,-0.3125,0.27802939992422065,0.30625,0.5625,1.64375,0.0
49,L10,2,0.076,cluster_ejection_daughter,alpha,10,0,0.0,-0.19375,-0.1875,0.13645435744844012,0.20625,0.4375,1.04375,0.0
49,L10,2,0.076,cluster_no_creation,alpha,8,0,0.0,-0.3125,-0.34375,0.2544251222995537,0.328125,0.625,1.203125,0.0
49,L10,2,0.076,daughter_a_minus4,alpha,10,0,0.0,-0.25,-0.1875,0.12499999999999999,0.25,0.5,1.14375,0.0
49,L10,2,0.076,daughter_z_minus2,alpha,12,0,0.0,-0.3229166666666667,-0.3125,0.11565442909675779,0.3229166666666667,0.5,0.921875,0.0
49,L10,2,0.076,discrete_energy_spectrum,alpha,1,0,0.0,-0.0625,-0.0625,,0.0625,0.0625,1.25,0.0
49,L10,2,0.076,element_shift_minus2,alpha,1,0,0.0,-0.125,-0.125,,0.125,0.125,1.75,0.0
49,L10,2,0.076,emitted_2neutrons,alpha,8,1,0.125,-0.0546875,-0.09375,0.22270030109351638,0.1796875,0.375,1.015625,0.0224609375
49,L10,2,0.076,emitted_2protons,alpha,8,0,0.0,-0.125,-0.1875,0.1889822365046136,0.1875,0.375,1.078125,0.0
49,L10,2,0.076,emitted_charge_plus2,alpha,12,0,0.0,-0.2552083333333333,-0.3125,0.21561607908643102,0.3072916666666667,0.5,1.109375,0.0
49,L10,2,0.076,emitted_mass4,alpha,12,0,0.0,-0.11458333333333333,-0.0625,0.13545308368135398,0.14583333333333334,0.3125,1.0416666666666667,0.0
49,L10,2,0.076,no_new_particles,alpha,1,0,0.0,-0.5,-0.5,,0.5,0.5,1.0,0.0
49,L10,2,0.076,no_quark_flavour_change,alpha,1,0,0.0,-0.25,-0.25,,0.25,0.25,1.3125,0.0
49,L10,2,0.076,not_weak_force,alpha,1,1,1.0,-0.5,-0.5,,0.5,0.5,0.25,0.5
49,L10,2,0.076,AUX,beta,172,27,0.1569767441860465,0.264171511627907,0.25,0.20823226587656288,0.2910610465116279,0.75,0.07667151162790697,0.0456898154407788
49,L10,2,0.076,antineutrino_emitted,beta,10,1,0.1,0.25625,0.21875,0.21540095042604718,0.25625,0.6875,-0.00625,0.025625
49,L10,2,0.076,continuous_energy_spectrum,beta,1,1,1.0,-0.125,-0.125,,0.125,0.125,0.0625,0.125
49,L10,2,0.076,daughter_a_unchanged,beta,12,0,0.0,0.13541666666666666,0.15625,0.1186851896507068,0.13541666666666666,0.375,-0.859375,0.0
49,L10,2,0.076,daughter_n_minus1,beta,8,3,0.375,0.2265625,0.3125,0.17014141964428128,0.2578125,0.375,-0.1484375,0.0966796875
49,L10,2,0.076,daughter_z_plus1,beta,12,1,0.08333333333333333,0.3072916666666667,0.34375,0.21561607908643096,0.3177083333333333,0.6875,-0.22395833333333334,0.02647569444444444
49,L10,2,0.076,element_shift_plus1,beta,1,0,0.0,0.3125,0.3125,,0.3125,0.3125,-1.3125,0.0
49,L10,2,0.076,emitted_charge_minus1,beta,12,4,0.3333333333333333,0.3072916666666667,0.28125,0.12629537138523064,0.3072916666666667,0.5,-0.3333333333333333,0.10243055555555555
49,L10,2,0.076,emitted_mass_negligible,beta,8,0,0.0,-0.0859375,-0.125,0.2360801070913975,0.2109375,0.375,-0.921875,0.0
49,L10,2,0.076,lepton_number_increases,beta,1,0,0.0,0.125,0.125,,0.125,0.125,-1.0,0.0
49,L10,2,0.076,lightest_charged_elementary,beta,1,0,0.0,-0.0625,-0.0625,,0.0625,0.0625,-1.125,0.0
49,L10,2,0.076,new_particles_created,beta,1,0,0.0,0.375,0.375,,0.375,0.375,-0.5625,0.0
49,L10,2,0.076,quark_change_z_plus1,beta,10,1,0.1,0.50625,0.5,0.1598881987862491,0.50625,0.8125,0.4625,0.050625
49,L10,2,0.076,quark_flavour_change,beta,10,1,0.1,0.40625,0.40625,0.12926743381240477,0.40625,0.5625,0.51875,0.040625
49,L10,2,0.076,w_boson_mediation,beta,10,3,0.3,0.3,0.3125,0.17873008824606015,0.3,0.6875,-0.6875,0.09
50,L10,2,0.073,AUX,alpha,174,3,0.017241379310344827,-0.15014367816091953,-0.1875,0.21939876341390124,0.21839080459770116,0.875,1.2377873563218391,0.0037653586999603647
50,L10,2,0.073,cluster_ejection,alpha,10,0,0.0,-0.19375,-0.25,0.2707531932714122,0.28125,0.5,1.64375,0.0
50,L10,2,0.073,cluster_ejection_daughter,alpha,10,0,0.0,-0.19375,-0.21875,0.13959887973125795,0.20625,0.4375,1.04375,0.0
50,L10,2,0.073,cluster_no_creation,alpha,8,0,0.0,-0.28125,-0.375,0.22658174179374144,0.296875,0.5,1.203125,0.0
50,L10,2,0.073,daughter_a_minus4,alpha,10,0,0.0,-0.2125,-0.1875,0.13881942707464734,0.2125,0.5,1.14375,0.0
50,L10,2,0.073,daughter_z_minus2,alpha,12,0,0.0,-0.328125,-0.3125,0.10701595569225776,0.328125,0.5,0.921875,0.0
50,L10,2,0.073,discrete_energy_spectrum,alpha,1,0,0.0,0.125,0.125,,0.125,0.125,1.25,0.0
50,L10,2,0.073,element_shift_minus2,alpha,1,0,0.0,-0.125,-0.125,,0.125,0.125,1.75,0.0
50,L10,2,0.073,emitted_2neutrons,alpha,8,1,0.125,0.015625,-0.03125,0.22596519169363863,0.171875,0.4375,1.015625,0.021484375
50,L10,2,0.073,emitted_2protons,alpha,8,0,0.0,-0.078125,-0.15625,0.19693522321529267,0.171875,0.3125,1.078125,0.0
50,L10,2,0.073,emitted_charge_plus2,alpha,12,0,0.0,-0.16666666666666666,-0.25,0.25329271006031134,0.2708333333333333,0.4375,1.109375,0.0
50,L10,2,0.073,emitted_mass4,alpha,12,0,0.0,0.0,0.03125,0.16428218516819273,0.13541666666666666,0.3125,1.0416666666666667,0.0
50,L10,2,0.073,no_new_particles,alpha,1,0,0.0,-0.4375,-0.4375,,0.4375,0.4375,1.0,0.0
50,L10,2,0.073,no_quark_flavour_change,alpha,1,0,0.0,-0.1875,-0.1875,,0.1875,0.1875,1.3125,0.0
50,L10,2,0.073,not_weak_force,alpha,1,1,1.0,-0.4375,-0.4375,,0.4375,0.4375,0.25,0.4375
50,L10,2,0.073,AUX,beta,172,24,0.13953488372093023,0.26380813953488375,0.25,0.22231610007917366,0.29578488372093026,0.875,0.07667151162790697,0.041272309356408875
50,L10,2,0.073,antineutrino_emitted,beta,10,1,0.1,0.24375,0.21875,0.20718433150753032,0.24375,0.625,-0.00625,0.024375
50,L10,2,0.073,continuous_energy_spectrum,beta,1,1,1.0,-0.1875,-0.1875,,0.1875,0.1875,0.0625,0.1875
50,L10,2,0.073,daughter_a_unchanged,beta,12,0,0.0,0.140625,0.15625,0.1335831584716903,0.16145833333333334,0.3125,-0.859375,0.0
50,L10,2,0.073,daughter_n_minus1,beta,8,3,0.375,0.2421875,0.25,0.1510288377146185,0.2578125,0.4375,-0.1484375,0.0966796875
50,L10,2,0.073,daughter_z_plus1,beta,12,2,0.16666666666666666,0.3854166666666667,0.375,0.24108144920651847,0.3958333333333333,0.8125,-0.22395833333333334,0.06597222222222221
50,L10,2,0.073,element_shift_plus1,beta,1,0,0.0,0.3125,0.3125,,0.3125,0.3125,-1.3125,0.0
50,L10,2,0.073,emitted_charge_minus1,beta,12,4,0.3333333333333333,0.296875,0.28125,0.11654654259526144,0.296875,0.4375,-0.3333333333333333,0.09895833333333333
50,L10,2,0.073,emitted_mass_negligible,beta,8,0,0.0,-0.1796875,-0.1875,0.24874125074347553,0.2578125,0.5,-0.921875,0.0
50,L10,2,0.073,lepton_number_increases,beta,1,0,0.0,0.125,0.125,,0.125,0.125,-1.0,0.0
50,L10,2,0.073,lightest_charged_elementary,beta,1,0,0.0,-0.125,-0.125,,0.125,0.125,-1.125,0.0
50,L10,2,0.073,new_particles_created,beta,1,0,0.0,0.25,0.25,,0.25,0.25,-0.5625,0.0
50,L10,2,0.073,quark_change_z_plus1,beta,10,1,0.1,0.53125,0.5,0.1480486500369989,0.53125,0.8125,0.4625,0.053125000000000006
50,L10,2,0.073,quark_flavour_change,beta,10,2,0.2,0.44375,0.4375,0.13959887973125795,0.44375,0.6875,0.51875,0.08875
50,L10,2,0.073,w_boson_mediation,beta,10,3,0.3,0.26875,0.25,0.1977521245847381,0.26875,0.75,-0.6875,0.08062499999999999
51,L10,4,0.078,AUX,alpha,174,3,0.017241379310344827,-0.2223419540229885,-0.1875,0.2060832707243853,0.2546695402298851,0.8125,1.2377873563218391,0.00439085414189457
51,L10,4,0.078,cluster_ejection,alpha,10,0,0.0,-0.30625,-0.3125,0.24375890297131259,0.33125,0.625,1.64375,0.0
51,L10,4,0.078,cluster_ejection_daughter,alpha,10,0,0.0,-0.2125,-0.21875,0.1256925260749863,0.2125,0.4375,1.04375,0.0
51,L10,4,0.078,cluster_no_creation,alpha,8,0,0.0,-0.390625,-0.4375,0.23085149060442672,0.390625,0.75,1.203125,0.0
51,L10,4,0.078,daughter_a_minus4,alpha,10,0,0.0,-0.29375,-0.28125,0.13517606831256945,0.29375,0.5625,1.14375,0.0
51,L10,4,0.078,daughter_z_minus2,alpha,12,1,0.08333333333333333,-0.4010416666666667,-0.375,0.1396483340286224,0.4010416666666667,0.625,0.921875,0.03342013888888889
51,L10,4,0.078,discrete_energy_spectrum,alpha,1,0,0.0,-0.0625,-0.0625,,0.0625,0.0625,1.25,0.0
51,L10,4,0.078,element_shift_minus2,alpha,1,0,0.0,-0.25,-0.25,,0.25,0.25,1.75,0.0
51,L10,4,0.078,emitted_2neutrons,alpha,8,1,0.125,-0.0625,-0.09375,0.1767766952966369,0.15625,0.25,1.015625,0.01953125
51,L10,4,0.078,emitted_2protons,alpha,8,0,0.0,-0.15625,-0.21875,0.20321083351323288,0.21875,0.4375,1.078125,0.0
51,L10,4,0.078,emitted_charge_plus2,alpha,12,0,0.0,-0.28125,-0.34375,0.20899516088351727,0.3229166666666667,0.5,1.109375,0.0
51,L10,4,0.078,emitted_mass4,alpha,12,0,0.0,-0.078125,-0.0625,0.1281561769163632,0.109375,0.25,1.0416666666666667,0.0
51,L10,4,0.078,no_new_particles,alpha,1,0,0.0,-0.625,-0.625,,0.625,0.625,1.0,0.0
51,L10,4,0.078,no_quark_flavour_change,alpha,1,0,0.0,-0.3125,-0.3125,,0.3125,0.3125,1.3125,0.0
51,L10,4,0.078,not_weak_force,alpha,1,1,1.0,-0.5,-0.5,,0.5,0.5,0.25,0.5
51,L10,4,0.078,AUX,beta,172,28,0.16279069767441862,0.32449127906976744,0.3125,0.18711391809417396,0.33030523255813954,0.875,0.07667151162790697,0.05377061925365063
51,L10,4,0.078,antineutrino_emitted,beta,10,1,0.1,0.325,0.21875,0.22783705190820527,0.325,0.75,-0.00625,0.0325
51,L10,4,0.078,continuous_energy_spectrum,beta,1,1,1.0,-0.125,-0.125,,0.125,0.125,0.0625,0.125
51,L10,4,0.078,daughter_a_unchanged,beta,12,0,0.0,0.23958333333333334,0.25,0.12734542025768364,0.25,0.4375,-0.859375,0.0
51,L10,4,0.078,daughter_n_minus1,beta,8,4,0.5,0.3203125,0.34375,0.12246309575308217,0.3203125,0.4375,-0.1484375,0.16015625
51,L10,4,0.078,daughter_z_plus1,beta,12,2,0.16666666666666666,0.40625,0.375,0.22691733576949838,0.40625,0.8125,-0.22395833333333334,0.06770833333333333
51,L10,4,0.078,element_shift_plus1,beta,1,0,0.0,0.4375,0.4375,,0.4375,0.4375,-1.3125,0.0
51,L10,4,0.078,emitted_charge_minus1,beta,12,7,0.5833333333333334,0.3697916666666667,0.375,0.12345158387240748,0.3697916666666667,0.625,-0.3333333333333333,0.21571180555555558
51,L10,4,0.078,emitted_mass_negligible,beta,8,0,0.0,-0.0234375,0.0,0.20027185764426741,0.1484375,0.3125,-0.921875,0.0
51,L10,4,0.078,lepton_number_increases,beta,1,0,0.0,0.1875,0.1875,,0.1875,0.1875,-1.0,0.0
51,L10,4,0.078,lightest_charged_elementary,beta,1,0,0.0,0.0,0.0,,0.0,0.0,-1.125,0.0
51,L10,4,0.078,new_particles_created,beta,1,0,0.0,0.4375,0.4375,,0.4375,0.4375,-0.5625,0.0
51,L10,4,0.078,quark_change_z_plus1,beta,10,1,0.1,0.54375,0.53125,0.11803512895179412,0.54375,0.75,0.4625,0.054375
51,L10,4,0.078,quark_flavour_change,beta,10,1,0.1,0.49375,0.46875,0.15436361294035586,0.49375,0.6875,0.51875,0.049375
51,L10,4,0.078,w_boson_mediation,beta,10,3,0.3,0.38125,0.375,0.12655285457072865,0.38125,0.6875,-0.6875,0.11437499999999999
53,L11,8,0.025,AUX,alpha,174,3,0.017241379310344827,0.08441091954022989,0.0625,0.14704573173375304,0.12679597701149425,0.6875,1.2377873563218391,0.0021861375346809353
53,L11,8,0.025,cluster_ejection,alpha,10,0,0.0,0.20625,0.1875,0.19331267849436742,0.20625,0.6875,1.64375,0.0
53,L11,8,0.025,cluster_ejection_daughter,alpha,10,0,0.0,0.075,0.03125,0.16873713942763824,0.125,0.3125,1.04375,0.0
53,L11,8,0.025,cluster_no_creation,alpha,8,0,0.0,0.1640625,0.15625,0.11542574530221335,0.1640625,0.375,1.203125,0.0
53,L11,8,0.025,daughter_a_minus4,alpha,10,0,0.0,-0.025,0.0,0.1070436048222094,0.0625,0.25,1.14375,0.0
53,L11,8,0.025,daughter_z_minus2,alpha,12,0,0.0,0.026041666666666668,0.0,0.10478038902505767,0.06770833333333333,0.25,0.921875,0.0
53,L11,8,0.025,discrete_energy_spectrum,alpha,1,0,0.0,0.3125,0.3125,,0.3125,0.3125,1.25,0.0
53,L11,8,0.025,element_shift_minus2,alpha,1,0,0.0,-0.0625,-0.0625,,0.0625,0.0625,1.75,0.0
53,L11,8,0.025,emitted_2neutrons,alpha,8,0,0.0,0.1171875,0.09375,0.09110862335695782,0.1171875,0.25,1.015625,0.0
53,L11,8,0.025,emitted_2protons,alpha,8,0,0.0,0.078125,0.0625,0.11451567266411303,0.09375,0.3125,1.078125,0.0
53,L11,8,0.025,emitted_charge_plus2,alpha,12,0,0.0,0.16145833333333334,0.15625,0.10478038902505767,0.16145833333333334,0.3125,1.109375,0.0
53,L11,8,0.025,emitted_mass4,alpha,12,0,0.0,0.015625,0.03125,0.11028436899875949,0.08854166666666667,0.1875,1.0416666666666667,0.0
53,L11,8,0.025,no_new_particles,alpha,1,0,0.0,-0.0625,-0.0625,,0.0625,0.0625,1.0,0.0
53,L11,8,0.025,no_quark_flavour_change,alpha,1,0,0.0,-0.0625,-0.0625,,0.0625,0.0625,1.3125,0.0
53,L11,8,0.025,not_weak_force,alpha,1,0,0.0,0.0625,0.0625,,0.0625,0.0625,0.25,0.0
53,L11,8,0.025,AUX,beta,172,7,0.040697674418604654,-0.11155523255813954,-0.125,0.17093230295845904,0.16097383720930233,0.5,0.07667151162790697,0.0065512608166576536
53,L11,8,0.025,antineutrino_emitted,beta,10,4,0.4,-0.14375,-0.125,0.10643366478704001,0.14375,0.3125,-0.00625,0.057499999999999996
53,L11,8,0.025,continuous_energy_spectrum,beta,1,1,1.0,-0.375,-0.375,,0.375,0.375,0.0625,0.375
53,L11,8,0.025,daughter_a_unchanged,beta,12,0,0.0,0.052083333333333336,0.0625,0.07920652903911546,0.08333333333333333,0.1875,-0.859375,0.0
53,L11,8,0.025,daughter_n_minus1,beta,8,0,0.0,-0.0625,-0.03125,0.0944911182523068,0.078125,0.1875,-0.1484375,0.0
53,L11,8,0.025,daughter_z_plus1,beta,12,2,0.16666666666666666,0.046875,0.09375,0.16017790180693692,0.140625,0.25,-0.22395833333333334,0.0234375
53,L11,8,0.025,element_shift_plus1,beta,1,0,0.0,0.125,0.125,,0.125,0.125,-1.3125,0.0
53,L11,8,0.025,emitted_charge_minus1,beta,12,1,0.08333333333333333,-0.20833333333333334,-0.1875,0.10435588874209023,0.20833333333333334,0.4375,-0.3333333333333333,0.017361111111111112
53,L11,8,0.025,emitted_mass_negligible,beta,8,0,0.0,-0.203125,-0.1875,0.08010874305770696,0.203125,0.375,-0.921875,0.0
53,L11,8,0.025,lepton_number_increases,beta,1,0,0.0,-0.3125,-0.3125,,0.3125,0.3125,-1.0,0.0
53,L11,8,0.025,lightest_charged_elementary,beta,1,0,0.0,-0.0625,-0.0625,,0.0625,0.0625,-1.125,0.0
53,L11,8,0.025,new_particles_created,beta,1,0,0.0,0.0,0.0,,0.0,0.0,-0.5625,0.0
53,L11,8,0.025,quark_change_z_plus1,beta,10,0,0.0,-0.125,-0.125,0.08333333333333333,0.125,0.25,0.4625,0.0
53,L11,8,0.025,quark_flavour_change,beta,10,0,0.0,0.0625,0.0625,0.13176156917368248,0.1125,0.3125,0.51875,0.0
53,L11,8,0.025,w_boson_mediation,beta,10,0,0.0,-0.08125,-0.09375,0.11429888936954335,0.11875,0.1875,-0.6875,0.0
54,L19,20,0.056,AUX,alpha,174,0,0.0,-0.09913793103448276,-0.0625,0.23778916913422352,0.19755747126436782,0.75,1.2377873563218391,0.0
54,L19,20,0.056,cluster_ejection,alpha,10,0,0.0,0.2125,0.125,0.451848057057532,0.325,1.125,1.64375,0.0
54,L19,20,0.056,cluster_ejection_daughter,alpha,10,0,0.0,0.06875,0.0,0.14863382484780807,0.11875,0.25,1.04375,0.0
54,L19,20,0.056,cluster_no_creation,alpha,8,0,0.0,-0.1328125,-0.21875,0.32119597238846476,0.2890625,0.5625,1.203125,0.0
54,L19,20,0.056,daughter_a_minus4,alpha,10,0,0.0,-0.1,-0.125,0.09409658158863514,0.1,0.25,1.14375,0.0
54,L19,20,0.056,daughter_z_minus2,alpha,12,0,0.0,-0.09375,-0.09375,0.13457635548098876,0.13541666666666666,0.25,0.921875,0.0
54,L19,20,0.056,discrete_energy_spectrum,alpha,1,0,0.0,0.0,0.0,,0.0,0.0,1.25,0.0
54,L19,20,0.056,element_shift_minus2,alpha,1,0,0.0,-0.25,-0.25,,0.25,0.25,1.75,0.0
54,L19,20,0.056,emitted_2neutrons,alpha,8,0,0.0,-0.171875,-0.125,0.11928918942756596,0.171875,0.375,1.015625,0.0
54,L19,20,0.056,emitted_2protons,alpha,8,0,0.0,-0.203125,-0.1875,0.136726721706371,0.203125,0.4375,1.078125,0.0
54,L19,20,0.056,emitted_charge_plus2,alpha,12,0,0.0,-0.19791666666666666,-0.1875,0.16819845331325048,0.20833333333333334,0.5,1.109375,0.0
54,L19,20,0.056,emitted_mass4,alpha,12,0,0.0,-0.21875,-0.15625,0.14474703639610223,0.21875,0.4375,1.0416666666666667,0.0
54,L19,20,0.056,no_new_particles,alpha,1,0,0.0,-0.3125,-0.3125,,0.3125,0.3125,1.0,0.0
54,L19,20,0.056,no_quark_flavour_change,alpha,1,0,0.0,-0.3125,-0.3125,,0.3125,0.3125,1.3125,0.0
54,L19,20,0.056,not_weak_force,alpha,1,1,1.0,-0.3125,-0.3125,,0.3125,0.3125,0.25,0.3125
54,L19,20,0.056,AUX,beta,172,14,0.08139534883720931,0.12936046511627908,0.125,0.21667313959511597,0.1998546511627907,0.6875,0.07667151162790697,0.016267239048134128
54,L19,20,0.056,antineutrino_emitted,beta,10,2,0.2,0.3,0.375,0.17873008824606013,0.3,0.5625,-0.00625,0.06
54,L19,20,0.056,continuous_energy_spectrum,beta,1,1,1.0,-0.1875,-0.1875,,0.1875,0.1875,0.0625,0.1875
54,L19,20,0.056,daughter_a_unchanged,beta,12,1,0.08333333333333333,0.3541666666666667,0.375,0.1927914951600838,0.3541666666666667,0.625,-0.859375,0.029513888888888888
54,L19,20,0.056,daughter_n_minus1,beta,8,3,0.375,0.2109375,0.25,0.08140438628933246,0.2109375,0.3125,-0.1484375,0.0791015625
54,L19,20,0.056,daughter_z_plus1,beta,12,0,0.0,0.17708333333333334,0.21875,0.16819845331325045,0.19791666666666666,0.375,-0.22395833333333334,0.0
54,L19,20,0.056,element_shift_plus1,beta,1,0,0.0,0.375,0.375,,0.375,0.375,-1.3125,0.0
54,L19,20,0.056,emitted_charge_minus1,beta,12,2,0.16666666666666666,0.19270833333333334,0.1875,0.12629537138523064,0.19270833333333334,0.4375,-0.3333333333333333,0.03211805555555555
54,L19,20,0.056,emitted_mass_negligible,beta,8,0,0.0,0.34375,0.375,0.125,0.34375,0.5,-0.921875,0.0
54,L19,20,0.056,lepton_number_increases,beta,1,0,0.0,0.4375,0.4375,,0.4375,0.4375,-1.0,0.0
54,L19,20,0.056,lightest_charged_elementary,beta,1,0,0.0,0.375,0.375,,0.375,0.375,-1.125,0.0
54,L19,20,0.056,new_particles_created,beta,1,0,0.0,0.125,0.125,,0.125,0.125,-0.5625,0.0
54,L19,20,0.056,quark_change_z_plus1,beta,10,1,0.1,0.0625,0.0625,0.1717960677340692,0.1375,0.375,0.4625,0.013750000000000002
54,L19,20,0.056,quark_flavour_change,beta,10,0,0.0,-0.13125,-0.125,0.22136335765232493,0.20625,0.5,0.51875,0.0
54,L19,20,0.056,w_boson_mediation,beta,10,0,0.0,0.175,0.09375,0.3044804317740852,0.25,0.75,-0.6875,0.0
