prompt_idx,cue_type,correct_ans,baseline_logit_diff,C1,C2,C5,C8,C10,C12,C13,C14,C16,C18,C19,C20,C24,C25,C27,C30,C32,C35,C37,C39,C40,C42,C44,C45,C46,C49,C50,C51,C53,C54
0,emitted_charge_plus2,alpha,1.5,0.6875,0.8125,0.875,0.5,0.3125,-0.1875,-0.125,-0.125,-0.3125,0.125,-0.125,0.3125,-0.3125,-0.125,0.0625,0.0,-0.6875,-0.375,0.1875,-0.375,-0.0625,-0.125,-0.125,0.25,0.125,0.0625,0.1875,0.0625,0.0,-0.5
1,emitted_charge_plus2,alpha,0.625,0.9375,0.875,1.0625,0.75,0.5,-0.0625,-0.125,-0.125,0.0625,0.4375,0.25,0.5,0.125,0.25,0.3125,0.25,-0.25,-0.5625,0.375,0.25,0.1875,-0.3125,-0.25,0.1875,0.1875,-0.25,-0.25,-0.3125,0.3125,-0.0625
2,emitted_charge_plus2,alpha,0.6875,0.375,0.4375,0.5625,0.625,0.375,-0.0625,0.0,0.0,-0.125,0.5,0.1875,0.4375,0.4375,0.4375,0.375,0.1875,-0.4375,-0.625,0.5,0.0,0.25,-0.3125,-0.3125,0.0,-0.125,-0.3125,-0.1875,-0.375,0.25,-0.1875
3,emitted_charge_plus2,alpha,1.1875,0.5625,0.625,0.9375,0.5625,0.6875,0.0,-0.0625,0.0,-0.4375,0.1875,-0.0625,0.3125,0.1875,0.375,0.125,-0.0625,-0.625,-0.6875,0.4375,-0.125,0.1875,-0.25,-0.25,0.1875,0.125,-0.4375,-0.4375,-0.5,0.1875,0.0625
4,emitted_charge_plus2,alpha,1.0625,0.3125,0.25,0.375,0.5,0.125,-0.125,-0.125,-0.125,0.125,0.5625,0.5,0.6875,0.3125,0.3125,0.1875,0.1875,-0.25,-0.375,0.1875,0.25,0.125,-0.125,-0.125,0.125,0.125,-0.375,-0.375,-0.375,0.3125,-0.1875
5,emitted_charge_plus2,alpha,1.0,0.5625,0.4375,0.5625,0.4375,0.25,-0.3125,-0.375,-0.3125,-0.1875,0.125,-0.125,0.25,0.0,0.0625,0.3125,0.125,-0.3125,-0.5,0.375,0.0,0.0,-0.25,-0.25,0.125,0.0625,-0.25,-0.125,-0.3125,0.125,-0.4375
6,emitted_charge_plus2,alpha,1.5,0.8125,0.9375,1.1875,0.8125,0.375,-0.1875,-0.1875,-0.125,-0.375,0.0625,-0.125,0.0625,-0.1875,-0.0625,0.125,-0.0625,-0.5,-0.625,0.125,-0.3125,-0.0625,-0.125,-0.125,0.1875,0.0625,0.25,0.4375,0.1875,0.125,-0.375
7,emitted_charge_plus2,alpha,1.625,0.3125,0.25,1.0625,0.6875,0.4375,0.0625,-0.0625,0.0,-0.0625,0.25,0.0,0.4375,-0.1875,-0.125,0.1875,-0.0625,-0.5,-0.4375,0.3125,-0.375,-0.0625,-0.3125,-0.375,-0.1875,-0.1875,-0.5,-0.3125,-0.5,0.0625,-0.125
8,emitted_charge_plus2,alpha,1.1875,0.8125,0.6875,1.125,0.875,0.5,-0.1875,-0.25,-0.1875,-0.375,0.125,-0.0625,0.25,-0.0625,0.0625,0.125,0.0,-0.375,-0.5625,0.3125,-0.1875,0.0625,-0.3125,-0.3125,0.125,0.0625,-0.1875,-0.0625,-0.1875,0.0625,-0.1875
9,emitted_charge_plus2,alpha,1.25,0.375,0.4375,0.3125,0.3125,0.3125,-0.125,-0.125,-0.125,0.0,0.25,0.125,0.375,0.0,0.0625,0.0625,0.0625,-0.3125,-0.625,0.125,-0.0625,0.125,-0.3125,-0.1875,0.1875,0.0625,-0.3125,-0.25,-0.375,0.25,-0.1875
10,emitted_charge_plus2,alpha,1.125,0.5625,0.625,0.6875,0.5625,0.4375,-0.1875,-0.1875,-0.1875,-0.25,0.25,0.0625,0.4375,0.1875,0.25,0.25,0.25,-0.1875,-0.9375,0.25,0.25,0.25,-0.125,-0.25,0.0625,0.125,-0.3125,-0.25,-0.3125,0.0625,0.0
11,emitted_charge_plus2,alpha,0.5625,0.6875,0.6875,0.8125,0.625,0.5625,-0.125,-0.125,-0.125,0.0625,0.4375,0.3125,0.5,0.1875,0.25,0.375,0.25,-0.25,-0.8125,0.4375,0.0625,0.3125,-0.1875,-0.1875,0.0,0.0,-0.4375,-0.375,-0.375,0.1875,-0.1875
12,emitted_mass4,alpha,0.6875,0.875,1.0,1.625,1.25,0.6875,-0.3125,-0.3125,-0.25,-0.0625,0.5,0.3125,0.625,-0.25,-0.125,0.375,0.125,-0.1875,-0.5,0.25,0.0625,0.0,-0.125,-0.1875,0.3125,0.25,0.0625,0.3125,0.125,0.125,-0.4375
13,emitted_mass4,alpha,0.75,0.4375,0.5,1.3125,1.0,0.5625,-0.25,-0.1875,-0.1875,0.3125,0.875,0.5625,0.9375,-0.0625,0.125,0.375,0.3125,-0.125,-0.75,0.125,0.1875,0.0625,-0.1875,-0.25,0.1875,0.125,-0.25,-0.1875,-0.25,0.0625,-0.1875
14,emitted_mass4,alpha,1.0625,0.5,0.5,0.875,0.8125,0.5,-0.1875,-0.3125,-0.25,0.0,0.4375,0.125,0.5625,0.0625,0.125,0.375,0.1875,-0.25,-0.4375,0.3125,0.0625,-0.0625,-0.4375,-0.4375,0.0,0.0,-0.0625,0.0625,0.0,-0.0625,-0.125
15,emitted_mass4,alpha,0.5,0.1875,0.0625,1.0625,1.0625,0.1875,-0.125,-0.125,-0.0625,0.3125,0.875,0.75,1.0625,-0.125,-0.0625,0.375,0.25,0.0,-0.375,0.4375,0.4375,0.0625,-0.0625,-0.0625,0.0625,0.125,-0.1875,-0.125,-0.0625,-0.1875,-0.4375
16,emitted_mass4,alpha,0.8125,0.6875,0.625,1.375,1.1875,0.8125,-0.0625,-0.0625,-0.125,0.3125,0.6875,0.5625,0.6875,-0.25,-0.0625,0.3125,0.125,-0.125,-0.6875,0.3125,0.125,-0.0625,-0.125,-0.0625,0.1875,0.125,-0.0625,0.0625,-0.0625,0.1875,-0.4375
17,emitted_mass4,alpha,0.8125,0.5625,0.6875,0.9375,0.9375,0.4375,-0.1875,-0.1875,-0.25,0.0,0.5,0.25,0.5625,0.125,0.3125,0.3125,0.1875,-0.25,-0.3125,0.1875,0.0625,0.0625,-0.5,-0.4375,-0.0625,-0.1875,-0.0625,0.125,0.0,-0.0625,-0.0625
18,emitted_mass4,alpha,1.0625,0.5,0.5,1.0,1.0,0.25,-0.125,-0.0625,-0.125,0.0625,0.375,0.1875,0.5625,-0.125,0.0625,0.25,0.125,-0.1875,-0.75,0.25,0.0,-0.0625,-0.25,-0.1875,0.125,0.125,-0.0625,0.0625,-0.0625,0.125,-0.125
19,emitted_mass4,alpha,1.375,0.5,0.5,1.0625,0.75,0.25,-0.3125,-0.3125,-0.3125,-0.375,0.0625,-0.1875,0.0625,-0.1875,0.0,0.125,-0.125,-0.375,-0.625,0.125,-0.0625,-0.125,-0.3125,-0.3125,-0.0625,-0.0625,-0.25,-0.125,-0.1875,0.0625,-0.25
20,emitted_mass4,alpha,1.5,0.3125,0.375,0.9375,0.6875,0.5,-0.0625,-0.0625,0.0,-0.3125,0.25,0.0,0.1875,-0.1875,0.0625,0.1875,0.125,-0.3125,-0.5,0.1875,-0.0625,-0.1875,-0.3125,-0.1875,-0.0625,0.0,-0.0625,0.0,0.0,0.0,-0.25
21,emitted_mass4,alpha,1.125,0.3125,0.3125,0.6875,0.5625,0.25,-0.1875,-0.25,-0.25,0.0,0.4375,0.125,0.6875,0.0625,0.1875,0.375,0.25,-0.1875,-0.625,0.125,0.0625,0.0625,-0.1875,-0.25,-0.0625,0.0,-0.3125,-0.1875,-0.25,-0.125,-0.0625
22,emitted_mass4,alpha,1.4375,0.0625,0.0625,0.75,0.5,0.1875,-0.1875,-0.1875,-0.1875,0.0,0.625,0.5,0.75,-0.125,0.0,0.125,0.125,-0.3125,-0.5,0.125,0.25,0.1875,-0.125,-0.0625,0.3125,0.25,0.125,0.1875,0.0625,0.0625,-0.125
23,emitted_mass4,alpha,1.375,0.3125,0.3125,0.75,0.625,0.5,-0.3125,-0.3125,-0.25,-0.0625,0.375,0.0625,0.4375,-0.0625,0.0625,0.25,0.125,-0.3125,-0.5625,0.1875,0.0,-0.1875,-0.5625,-0.5,-0.0625,-0.0625,-0.25,-0.1875,-0.25,0.0,-0.125
24,daughter_z_minus2,alpha,1.125,0.0625,0.1875,0.5,0.5,0.3125,-0.0625,0.0,-0.0625,0.4375,0.75,0.625,1.125,0.0,0.0625,0.4375,0.3125,-0.25,-0.5625,0.0,0.25,0.3125,-0.4375,-0.4375,0.25,0.1875,-0.25,-0.3125,-0.3125,0.0,-0.25
25,daughter_z_minus2,alpha,0.5,-0.0625,0.0,0.375,0.4375,0.5625,0.0,-0.0625,0.0,0.1875,0.75,0.5625,0.8125,0.25,0.25,0.4375,0.3125,-0.1875,-0.375,0.125,0.0625,0.375,-0.3125,-0.375,0.25,0.1875,-0.4375,-0.4375,-0.5625,0.25,0.0625
26,daughter_z_minus2,alpha,0.8125,0.125,0.25,0.5,0.375,0.375,-0.0625,-0.0625,-0.0625,0.4375,1.0,0.8125,1.25,0.25,0.25,0.3125,0.25,-0.375,-0.4375,0.0,0.25,0.25,-0.4375,-0.4375,0.25,0.25,-0.1875,-0.1875,-0.3125,0.0,-0.125
27,daughter_z_minus2,alpha,0.75,0.0,0.3125,0.4375,0.4375,0.1875,0.0625,0.0625,0.0625,0.625,0.9375,0.75,1.1875,0.0625,0.1875,0.125,0.0,-0.4375,-0.25,0.0625,0.125,0.25,-0.25,-0.3125,0.0625,0.0625,-0.375,-0.4375,-0.4375,-0.1875,-0.125
28,daughter_z_minus2,alpha,1.0625,0.1875,0.25,0.125,0.25,0.1875,-0.0625,-0.125,-0.125,-0.25,-0.0625,0.0,0.4375,0.0,-0.125,0.25,0.125,-0.375,-0.5,0.0,0.0,0.25,-0.4375,-0.375,0.0625,0.0,-0.25,-0.25,-0.25,0.0,-0.0625
29,daughter_z_minus2,alpha,0.6875,0.375,0.5625,0.375,0.375,0.25,-0.3125,-0.3125,-0.3125,0.25,0.5625,0.4375,0.8125,0.0625,0.0625,0.25,0.1875,-0.4375,-0.6875,0.0,0.125,0.125,-0.5,-0.5,0.0625,0.0625,-0.4375,-0.375,-0.4375,0.125,-0.25
30,daughter_z_minus2,alpha,0.875,0.125,0.1875,0.375,0.375,0.375,-0.125,-0.125,-0.125,0.25,0.625,0.4375,0.875,-0.125,-0.125,0.1875,0.1875,-0.25,-0.625,0.0,0.1875,0.1875,-0.4375,-0.5,0.125,0.0625,-0.25,-0.25,-0.3125,0.0625,-0.25
31,daughter_z_minus2,alpha,1.4375,0.0625,0.125,0.3125,0.0625,0.125,0.0625,0.0,0.0,0.3125,0.5,0.4063000000000001,0.9375,-0.125,-0.0625,0.0625,0.125,-0.5,-0.4375,0.1875,0.1875,0.375,-0.125,-0.1875,0.125,0.0625,-0.5,-0.5,-0.625,0.0625,-0.25
32,daughter_z_minus2,alpha,1.0625,0.0,0.0625,0.125,0.1875,0.375,-0.0625,-0.0625,0.0,0.0,0.3125,0.1875,0.6875,0.0625,0.0625,0.25,0.0625,-0.375,-0.4375,-0.0625,0.0625,0.1875,-0.4375,-0.375,0.125,0.125,-0.1875,-0.1875,-0.1875,0.0625,0.0625
33,daughter_z_minus2,alpha,1.4375,0.1875,0.1875,0.5,0.3125,0.3125,-0.1875,-0.125,-0.0625,-0.25,0.4375,0.125,0.375,0.0,-0.0625,0.1875,0.0625,-0.5,-0.8125,0.125,-0.25,0.0,-0.4375,-0.5,0.0625,0.0625,-0.4375,-0.4375,-0.5625,0.0,0.0625
34,daughter_z_minus2,alpha,0.625,0.0625,0.25,-0.0625,0.1875,0.3125,0.0,0.0625,0.0,-0.125,0.1875,0.125,0.5625,0.1875,0.0625,0.25,0.125,-0.25,-0.375,-0.0625,0.0625,0.3125,-0.4375,-0.375,0.0,0.125,-0.1875,-0.25,-0.3125,-0.0625,-0.0625
35,daughter_z_minus2,alpha,0.6875,0.625,0.8125,1.3125,0.9375,0.75,-0.0625,-0.0625,0.0,0.1875,0.875,0.5625,0.9375,0.1875,0.25,0.3125,0.3125,-0.3125,-0.625,0.3125,0.0,0.3125,-0.5625,-0.5,0.1875,0.125,-0.375,-0.3125,-0.5,0.0,0.0625
36,daughter_a_minus4,alpha,1.25,0.0,0.0625,0.625,0.5,0.25,-0.25,-0.25,-0.25,0.1875,0.5625,0.4375,1.0,-0.125,-0.125,0.25,0.125,-0.375,-0.5625,0.0,0.125,0.0625,-0.375,-0.4375,0.125,0.125,-0.1875,-0.25,-0.3125,0.0,-0.1875
37,daughter_a_minus4,alpha,1.3125,0.4375,0.625,1.0,0.75,0.4375,-0.25,-0.25,-0.25,-0.1875,0.375,0.125,0.6875,0.0625,0.0625,0.25,0.1875,-0.4375,-0.5625,0.1875,0.0,0.0625,-0.5,-0.5625,0.25,0.1875,-0.3125,-0.1875,-0.375,0.1875,0.0
38,daughter_a_minus4,alpha,1.125,0.125,0.375,0.1875,0.3125,0.375,-0.125,-0.1875,-0.125,-0.125,0.125,0.0625,0.6875,0.0625,0.0625,0.25,0.1875,-0.3125,-0.4375,0.0,0.125,0.25,-0.25,-0.25,0.125,0.0625,-0.1875,-0.1875,-0.25,0.0,-0.125
39,daughter_a_minus4,alpha,1.0,0.3125,0.4375,0.9375,0.75,0.375,-0.1875,-0.1875,-0.125,0.3125,0.625,0.5625,0.8125,-0.1875,-0.0625,0.3125,0.3125,-0.3125,-0.5,0.125,0.0,0.125,-0.5,-0.4375,0.25,0.125,-0.1875,-0.0625,-0.1875,-0.0625,-0.25
40,daughter_a_minus4,alpha,1.0,0.4375,0.625,1.1875,0.875,0.375,-0.1875,-0.125,-0.1875,0.1875,0.75,0.625,1.0,-0.125,-0.0625,0.3125,0.3125,-0.25,-0.6875,0.1875,0.25,0.125,-0.375,-0.4375,0.1875,0.25,-0.125,-0.0625,-0.125,0.0,-0.1875
41,daughter_a_minus4,alpha,1.125,0.0625,0.0,0.3125,0.5,0.625,-0.125,-0.125,-0.125,0.125,0.5625,0.4375,1.0,0.1875,0.1875,0.375,0.25,-0.25,-0.625,-0.0625,0.0,0.125,-0.375,-0.375,0.1875,0.125,-0.1875,-0.125,-0.1875,-0.0625,0.0
42,daughter_a_minus4,alpha,0.9375,0.125,0.1875,0.375,0.375,0.375,-0.25,-0.25,-0.3125,-0.125,0.25,0.1875,0.625,0.0,0.0,0.0625,0.0,-0.4375,-0.5,0.0625,-0.125,0.1875,-0.375,-0.3125,0.0,0.0,-0.4375,-0.375,-0.4375,-0.25,-0.125
43,daughter_a_minus4,alpha,1.4375,0.1875,0.25,0.75,0.5,0.4375,-0.125,-0.125,-0.1875,-0.25,0.4375,0.125,0.6875,0.0,0.0,0.1875,0.0625,-0.375,-0.625,0.0,-0.0625,0.0625,-0.5,-0.5,0.125,0.125,-0.5,-0.5,-0.5625,0.0,-0.125
44,daughter_a_minus4,alpha,1.5625,0.0625,0.125,0.3125,0.1875,0.25,-0.25,-0.25,-0.25,0.0,0.25,-0.1875,0.375,-0.1875,-0.125,0.25,0.0625,-0.25,-0.6875,-0.125,0.125,-0.0625,-0.375,-0.4375,0.125,0.125,-0.1875,-0.125,-0.1875,0.0,0.0
45,daughter_a_minus4,alpha,0.6875,0.4375,0.5625,0.6875,0.5,0.3125,-0.125,-0.0625,-0.1875,0.0625,0.5,0.375,0.8125,-0.125,-0.0625,0.25,0.0625,-0.3125,-0.5625,0.125,0.0,0.25,-0.5,-0.5,0.0,0.0625,-0.1875,-0.25,-0.3125,-0.0625,0.0
46,emitted_2protons,alpha,0.9375,0.4375,0.5,1.0,0.875,0.4375,-0.125,-0.1875,-0.125,-0.0625,0.4375,0.3125,0.4375,0.0625,0.125,0.125,-0.0625,-0.4375,-0.75,0.1875,-0.0625,0.125,-0.4375,-0.4375,-0.0625,-0.125,-0.1875,-0.125,-0.25,0.0625,-0.1875
47,emitted_2protons,alpha,1.3125,0.5,0.6875,0.875,0.75,0.25,-0.1875,-0.1875,-0.125,0.0,0.6875,0.3125,0.5625,0.0625,0.125,0.125,0.0,-0.4375,-0.5,0.1875,0.0625,0.0625,-0.375,-0.3125,0.0625,0.0,-0.375,-0.3125,-0.4375,-0.0625,-0.1875
48,emitted_2protons,alpha,0.8125,0.6875,0.75,0.5625,0.5625,0.25,-0.375,-0.3125,-0.375,0.125,0.6875,0.625,0.6875,-0.0625,0.0625,-0.0625,-0.125,-0.4375,-0.75,0.4375,0.1875,-0.1875,-0.0625,0.0,0.3125,0.25,0.25,0.3125,0.25,0.3125,-0.4375
49,emitted_2protons,alpha,0.625,0.4375,0.5625,1.1875,0.8125,0.5625,-0.0625,-0.0625,-0.0625,0.25,0.875,0.6875,0.875,0.125,0.125,0.125,0.125,-0.3125,-0.625,0.4375,0.0625,0.0625,-0.375,-0.3125,0.125,0.0625,-0.0625,0.0,-0.0625,0.125,-0.0625
50,emitted_2protons,alpha,1.125,0.25,0.4375,0.6875,0.625,0.375,-0.125,-0.125,-0.125,-0.0625,0.5625,0.3125,0.625,0.25,0.25,0.125,0.0625,-0.5,-0.4375,0.125,0.125,0.125,-0.5,-0.4375,-0.0625,-0.125,-0.1875,-0.1875,-0.1875,0.0,-0.125
51,emitted_2protons,alpha,0.8125,0.3125,0.375,0.625,0.5625,0.25,-0.25,-0.1875,-0.25,0.4375,0.8125,0.625,0.875,0.0,0.0625,0.3125,0.1875,-0.1875,-0.625,0.1875,0.1875,-0.125,-0.4375,-0.4375,0.0625,0.0625,-0.25,-0.1875,-0.25,0.0,-0.0625
52,emitted_2protons,alpha,1.75,0.375,0.5,1.375,1.0,0.875,0.125,0.125,0.1875,-0.3125,0.5,0.3125,0.375,-0.1875,-0.125,0.0,-0.125,-0.6875,-0.5,0.4375,-0.1875,-0.125,-0.125,-0.125,0.0625,0.0,0.0,0.0625,-0.0625,0.125,-0.1875
53,emitted_2protons,alpha,1.25,0.5,0.4375,0.75,0.5,0.375,0.0,0.0,0.0,-0.0625,0.625,0.375,0.5,0.25,0.375,0.0625,-0.0625,-0.625,-0.3125,0.25,0.0625,0.1875,-0.375,-0.375,0.0,0.0,-0.1875,-0.1875,-0.25,0.0625,-0.375
54,emitted_2neutrons,alpha,0.875,0.4375,0.5625,0.875,0.75,0.375,-0.1875,-0.1875,-0.125,0.25,0.8125,0.625,0.6875,0.0,0.125,0.25,0.125,-0.1875,-0.5,0.125,0.0625,0.125,-0.4375,-0.4375,0.0,-0.0625,-0.0625,-0.125,-0.125,0.0625,-0.125
55,emitted_2neutrons,alpha,1.5,0.5625,0.8125,1.25,0.9375,0.375,0.1875,0.125,0.125,0.1875,0.8125,0.5625,0.75,-0.125,-0.0625,0.0,-0.0625,-0.5,-0.1875,0.5,-0.0625,0.0,-0.1875,-0.25,0.125,0.125,-0.125,0.0,-0.0625,0.125,-0.125
56,emitted_2neutrons,alpha,0.625,0.25,0.25,0.6875,0.625,0.0625,-0.1875,-0.1875,-0.3125,0.4375,0.875,0.75,1.0,0.125,0.1875,0.125,0.125,-0.375,-0.375,0.375,0.3125,0.0,-0.375,-0.375,0.0625,0.0,0.0,0.125,0.0625,0.25,-0.3125
57,emitted_2neutrons,alpha,0.6875,0.3125,0.5,1.1875,0.875,0.6875,-0.1875,-0.0625,-0.125,0.375,0.9375,0.75,0.9375,-0.0625,0.0625,0.0625,0.0,-0.3125,-0.5,0.3125,-0.1875,0.125,-0.3125,-0.375,0.0625,0.0,-0.1875,-0.0625,-0.1875,0.0,0.0
58,emitted_2neutrons,alpha,0.9375,0.25,0.375,0.5625,0.5,0.3125,-0.1875,-0.1875,-0.1875,0.3125,0.6875,0.4375,0.6875,0.25,0.375,0.375,0.3125,-0.125,-0.4375,0.0625,0.125,0.25,-0.375,-0.3125,0.0,0.0,-0.25,-0.25,-0.25,0.125,-0.125
59,emitted_2neutrons,alpha,0.1875,0.0625,0.0625,0.5625,0.5625,-0.0625,-0.125,-0.1875,-0.1875,0.6875,0.875,0.8125,1.0,0.3125,0.375,0.375,0.3125,0.0,-0.4375,0.1875,0.375,0.0625,-0.5625,-0.5625,0.0625,0.125,-0.3125,-0.1875,-0.25,0.0625,-0.125
60,emitted_2neutrons,alpha,1.625,0.3125,0.5,1.375,1.125,1.375,0.4375,0.4375,0.5,0.0625,0.75,0.5625,0.5625,-0.3125,-0.1875,-0.0625,-0.125,-0.5625,-0.0625,0.375,-0.3125,0.0625,-0.125,-0.0625,0.125,0.0625,0.375,0.4375,0.25,0.25,-0.1875
61,emitted_2neutrons,alpha,1.6875,0.4375,0.5625,1.25,0.9375,0.375,0.125,0.0625,0.1875,0.125,0.6875,0.5,0.5,-0.0625,0.1875,-0.0625,-0.3125,-0.6875,-0.125,0.375,-0.1875,0.0,-0.3125,-0.3125,0.0,0.0625,0.125,0.1875,0.0625,0.0625,-0.375
62,emitted_charge_minus1,beta,0.0,-0.5625,-0.5,-1.0625,-0.875,-0.625,0.25,0.1875,0.1875,0.0,-0.375,-0.25,-0.4375,-0.1875,-0.125,-0.3125,-0.1875,0.125,0.8125,-0.25,0.0625,-0.1875,0.1875,0.1875,-0.25,-0.25,0.4375,0.375,0.375,-0.25,0.1875
63,emitted_charge_minus1,beta,-0.3125,-0.4375,-0.5625,-0.4375,-0.5,-0.1875,0.4375,0.375,0.375,-0.125,-0.4375,-0.4375,-0.625,0.0625,0.0,-0.375,-0.3125,0.1875,0.875,-0.0625,-0.25,-0.25,0.625,0.5,0.0625,0.125,0.1875,0.1875,0.375,-0.0625,0.3125
64,emitted_charge_minus1,beta,0.0,-0.5625,-0.625,-0.625,-0.5625,-0.5,0.375,0.3125,0.4375,-0.25,-0.5625,-0.5,-0.6875,-0.125,-0.0625,-0.375,-0.3125,0.125,1.125,-0.0625,-0.375,-0.375,0.375,0.4375,0.0,0.0625,0.375,0.375,0.375,-0.1875,0.0625
65,emitted_charge_minus1,beta,-0.8125,-0.1875,-0.0625,-0.1875,-0.25,-0.4375,0.375,0.3125,0.375,0.3125,-0.3125,-0.125,-0.375,-0.125,-0.1875,-0.25,-0.1875,0.3125,0.625,0.0625,-0.125,-0.0625,0.375,0.3125,-0.0625,-0.0625,0.1875,0.25,0.1875,-0.1875,0.1875
66,emitted_charge_minus1,beta,-0.4375,-0.1875,-0.125,-0.75,-0.5625,-0.375,0.125,0.1875,0.1875,0.0625,-0.625,-0.5,-0.5625,-0.4375,-0.375,-0.1875,-0.0625,0.3125,0.5625,0.0,-0.1875,-0.3125,0.125,0.0625,-0.1875,-0.0625,0.25,0.25,0.375,-0.4375,0.125
67,emitted_charge_minus1,beta,-0.5,0.125,0.0625,-0.8125,-0.5,0.125,-0.0625,0.0,0.0625,0.3125,-0.8125,-0.375,-0.6875,-0.1875,-0.125,-0.1875,-0.0625,0.5625,0.75,-0.3125,0.3125,-0.4375,0.375,0.25,-0.1875,-0.1875,0.125,0.125,0.25,-0.0625,0.25
68,emitted_charge_minus1,beta,-0.4375,-0.5625,-0.5625,-0.5625,-0.5625,-0.3125,0.25,0.25,0.25,0.1875,-0.0625,0.0625,-0.1875,-0.125,0.0,-0.125,-0.125,0.25,0.875,-0.1875,0.0625,-0.125,0.3125,0.3125,-0.25,-0.125,0.4375,0.4375,0.5625,-0.25,0.4375
69,emitted_charge_minus1,beta,-0.5625,0.0,-0.0625,-0.375,-0.375,-0.4375,0.1875,0.1875,0.125,0.0,-0.5625,-0.3125,-0.6875,-0.375,-0.3125,-0.25,-0.125,0.3125,0.5625,-0.4375,-0.1875,-0.375,0.4375,0.5,-0.0625,0.0,0.25,0.25,0.375,-0.3125,0.125
70,emitted_charge_minus1,beta,0.0625,-0.6875,-0.6875,-0.75,-0.75,-0.5,0.1875,0.25,0.25,-0.1875,-0.5,-0.4375,-0.625,-0.25,-0.1875,-0.5,-0.4375,0.0,1.0,-0.375,-0.375,-0.375,0.4375,0.375,0.0,0.0,0.1875,0.125,0.25,-0.1875,0.3125
71,emitted_charge_minus1,beta,-0.5625,-0.375,-0.4375,-0.3125,-0.3125,-0.25,0.3125,0.25,0.375,0.0625,-0.375,-0.25,-0.4375,-0.1875,-0.125,-0.1875,-0.125,0.25,0.625,-0.0625,-0.3125,-0.25,0.5,0.5,0.0625,0.0625,0.5,0.4375,0.625,-0.125,0.25
72,emitted_charge_minus1,beta,-0.1875,-0.4375,-0.3125,-0.75,-0.5625,-0.8125,0.25,0.1875,0.25,0.0,-0.75,-0.5,-0.6875,-0.3125,-0.25,-0.3125,-0.25,0.1875,0.5625,-0.1875,-0.1875,-0.3125,0.125,0.125,-0.25,-0.1875,0.4375,0.4375,0.375,-0.25,0.0
73,emitted_charge_minus1,beta,-0.25,-0.25,-0.1875,-0.8125,-0.75,-0.6875,0.125,0.0625,0.1875,-0.3125,-0.8125,-0.625,-0.9375,-0.25,-0.1875,-0.3125,-0.25,0.1875,0.5625,-0.25,-0.125,-0.375,0.25,0.25,0.0625,0.0625,0.3125,0.3125,0.3125,-0.1875,0.0625
74,daughter_z_plus1,beta,0.25,-0.0625,-0.1875,-0.3125,-0.5,-0.5,-0.25,-0.25,-0.25,-0.5,-1.0625,-0.9375,-1.25,-0.5,-0.5,-0.4375,-0.4375,0.0625,0.0,-0.125,-0.4375,-0.6875,0.3125,0.375,-0.25,-0.25,0.0625,0.1875,0.1875,-0.0625,0.0625
75,daughter_z_plus1,beta,0.1875,-0.125,-0.1875,-0.4375,-0.5625,-0.125,0.0,-0.0625,-0.0625,-0.125,-0.5625,-0.4375,-0.6875,-0.5,-0.375,-0.625,-0.5,-0.0625,0.125,-0.1875,-0.1875,-0.5625,0.375,0.375,-0.125,-0.125,0.4375,0.4375,0.4375,0.0,-0.0625
76,daughter_z_plus1,beta,-0.75,0.1875,0.1875,0.0,-0.1875,-0.4375,0.0625,0.0625,0.0625,0.125,-0.1875,-0.125,-0.5,-0.4375,-0.3125,-0.125,-0.125,0.3125,0.375,0.0625,-0.0625,-0.3125,0.5,0.5,0.0625,0.0625,0.4375,0.5,0.5625,0.25,0.1875
77,daughter_z_plus1,beta,-0.4375,0.0625,-0.125,-0.0625,-0.1875,-0.3125,0.0,-0.0625,0.0,-0.25,-0.6875,-0.5,-0.8125,-0.125,-0.125,0.0,0.125,0.5,0.25,0.0625,-0.125,-0.375,0.5,0.5,0.0,0.0,0.4375,0.5625,0.5625,0.1875,0.25
78,daughter_z_plus1,beta,-0.4375,0.375,0.3125,-0.0625,-0.25,-0.5,0.0625,-0.0625,0.0,-0.25,-0.9375,-0.8125,-1.0625,-0.4375,-0.4375,-0.3125,-0.25,0.3125,0.3125,0.0,-0.25,-0.3125,0.5,0.4375,-0.125,-0.125,0.125,0.1875,0.25,0.1875,0.3125
79,daughter_z_plus1,beta,0.125,-0.125,-0.25,-0.5625,-0.5625,-0.1875,0.0,-0.0625,0.0,0.0625,-0.4375,-0.25,-0.5,-0.1875,0.0,-0.3125,-0.25,0.25,0.5625,-0.125,-0.1875,-0.25,0.375,0.3125,-0.375,-0.375,-0.0625,-0.0625,0.0,-0.25,0.375
80,daughter_z_plus1,beta,0.1875,-0.3125,-0.375,-0.3125,-0.4375,-0.3125,0.0,-0.0625,-0.125,-0.375,-0.8125,-0.625,-0.9375,-0.375,-0.1875,-0.375,-0.25,0.125,0.0625,-0.0625,-0.4375,-0.5625,0.4375,0.5,-0.0625,-0.0625,0.1875,0.25,0.3125,-0.0625,0.3125
81,daughter_z_plus1,beta,-0.875,0.1875,0.0625,0.0625,0.125,-0.0625,0.0,0.0,0.0,0.0,-0.4375,-0.25,-0.75,-0.0625,0.0,-0.0625,-0.1875,0.4375,0.3125,0.0,-0.125,-0.375,0.25,0.25,0.0,0.0,0.6875,0.8125,0.8125,0.0625,0.3125
82,daughter_z_plus1,beta,-0.625,0.0,0.0,0.0,-0.1875,-0.3125,-0.0625,-0.125,-0.0625,0.0,-0.3125,-0.25,-0.5,-0.4375,-0.3125,-0.25,-0.125,0.25,0.3125,-0.0625,0.0,-0.375,0.3125,0.25,-0.0625,0.0,0.1875,0.25,0.25,0.1875,-0.0625
83,daughter_z_plus1,beta,-0.625,-0.1875,-0.25,-0.1875,-0.25,-0.4375,-0.0625,-0.0625,0.0,0.1875,-0.375,-0.25,-0.375,-0.25,-0.1875,-0.3125,-0.1875,0.25,0.5625,-0.125,0.0,-0.4375,0.5,0.5625,0.0,0.0625,0.5,0.625,0.625,-0.1875,0.0
84,daughter_z_plus1,beta,-0.0625,-0.0625,-0.125,0.0,-0.25,-0.375,-0.0625,-0.125,-0.125,-0.125,-0.5,-0.4375,-0.75,-0.5625,-0.5,-0.3125,-0.1875,0.1875,0.0,0.0625,-0.125,-0.375,0.375,0.3125,0.0625,0.0625,0.25,0.3125,0.3125,0.125,0.0625
85,daughter_z_plus1,beta,0.375,-0.3125,-0.375,-0.75,-0.625,-0.125,0.0625,0.0625,0.0625,-0.5625,-1.125,-0.9375,-1.1875,-0.4375,-0.375,-0.3125,-0.3125,0.1875,0.1875,0.0,-0.25,-0.4375,0.375,0.375,0.0,-0.0625,0.4375,0.5625,0.5625,0.125,0.375
86,daughter_a_unchanged,beta,-0.4375,0.25,0.4375,-0.5,-0.625,-0.375,-0.0625,-0.0625,-0.125,-0.1875,-0.75,-0.4375,-0.9375,-0.5625,-0.625,-0.3125,-0.1875,0.1875,0.25,-0.0625,-0.125,-0.3125,0.25,0.25,-0.1875,-0.1875,0.1875,0.1875,0.25,0.125,0.3125
87,daughter_a_unchanged,beta,-1.0625,0.1875,0.0625,-1.25,-1.125,-0.5,0.1875,0.1875,0.25,0.25,-0.5,-0.25,-0.3125,-0.125,-0.125,-0.4375,-0.25,0.1875,0.75,-0.25,0.3125,0.125,0.1875,0.1875,-0.1875,-0.1875,0.0,0.0,0.25,0.0625,0.5
88,daughter_a_unchanged,beta,-1.25,0.5,0.5625,0.0,-0.125,-0.25,0.125,0.1875,0.1875,0.125,-0.25,-0.125,-0.75,-0.1875,-0.1875,-0.125,0.0,0.5,0.3125,-0.0625,-0.0625,-0.125,0.1875,0.1875,-0.125,-0.125,0.125,0.125,0.25,0.0625,0.3125
89,daughter_a_unchanged,beta,-1.75,-0.125,-0.25,-1.0625,-0.75,-0.875,0.25,0.25,0.3125,0.375,-0.1875,0.0,-0.375,0.25,0.1875,0.0625,0.0625,0.625,0.9375,-0.25,0.4375,0.1875,0.4375,0.375,-0.3125,-0.25,0.0,-0.125,-0.0625,-0.125,0.4375
90,daughter_a_unchanged,beta,-0.375,0.1875,0.3125,-0.375,-0.5625,-0.4375,0.125,0.0625,0.125,-0.0625,-0.75,-0.5,-1.0,-0.5,-0.5,-0.375,-0.25,0.3125,0.375,0.1875,0.125,-0.25,0.5,0.4375,-0.0625,-0.0625,0.1875,0.25,0.3125,0.1875,0.4375
91,daughter_a_unchanged,beta,-0.75,0.25,0.1875,0.0625,0.0,0.125,0.1875,0.1875,0.25,-0.3125,-0.6875,-0.5,-1.0,0.0625,0.0625,-0.125,0.0,0.4375,0.3125,0.0625,-0.125,0.0,0.5,0.4375,-0.1875,-0.25,0.1875,0.3125,0.3125,0.0625,0.625
92,daughter_a_unchanged,beta,-0.4375,0.0,0.125,-0.75,-0.8125,-0.625,-0.125,-0.125,-0.125,-0.0625,-0.8125,-0.5,-0.9375,-0.6875,-0.6875,-0.4375,-0.375,0.125,0.1875,-0.125,-0.125,-0.375,0.3125,0.3125,-0.25,-0.25,0.0,0.0625,0.1875,0.0625,0.0
93,daughter_a_unchanged,beta,-0.9375,0.25,0.3125,-0.375,-0.4375,-0.375,0.125,0.125,0.125,0.125,-0.5625,-0.1875,-0.6875,-0.375,-0.3125,-0.375,-0.25,0.3125,0.3125,0.0,0.125,-0.125,0.375,0.375,-0.25,-0.25,0.0,0.0625,0.125,0.0625,0.375
94,daughter_a_unchanged,beta,-0.5,-0.125,-0.0625,-0.75,-0.75,-0.6875,-0.0625,-0.0625,0.0,0.0625,-0.4375,-0.25,-0.625,-0.25,-0.3125,-0.25,-0.125,0.3125,0.4375,-0.25,0.125,-0.1875,0.25,0.25,-0.125,-0.1875,0.375,0.3125,0.4375,0.0625,0.0
95,daughter_a_unchanged,beta,-0.6875,0.25,0.125,-0.5,-0.5625,-0.1875,0.0,0.0,0.0625,-0.1875,-0.625,-0.4375,-0.8125,-0.375,-0.375,-0.3125,-0.375,0.1875,0.3125,0.0,-0.0625,-0.25,0.3125,0.3125,-0.125,-0.125,0.1875,0.0625,0.1875,0.0625,0.3125
96,daughter_a_unchanged,beta,-0.375,0.0,0.0,-0.75,-0.75,-0.5,0.0625,0.0,0.0,-0.25,-0.875,-0.5,-1.0,-0.4375,-0.5,-0.4375,-0.3125,0.1875,0.375,-0.125,-0.1875,-0.3125,0.375,0.3125,-0.1875,-0.0625,0.125,0.1875,0.25,0.0625,0.375
97,daughter_a_unchanged,beta,-1.75,-0.25,-0.5,-0.8125,-0.6875,-0.1875,0.375,0.375,0.3125,-0.0625,-0.4375,-0.1875,-0.5625,0.0625,-0.125,-0.25,-0.125,0.1875,0.4375,-0.0625,0.1875,0.0625,0.5,0.5625,-0.1875,-0.125,0.25,0.25,0.375,-0.0625,0.5625
98,antineutrino_emitted,beta,-0.3125,0.0625,0.25,-0.4375,-0.0625,-0.0625,0.0,0.0625,0.0,0.25,-0.5,-0.375,-0.4375,-0.0625,0.0625,-0.0625,0.0625,0.4375,0.6875,0.1875,0.4375,-0.25,0.25,0.25,-0.0625,-0.0625,0.125,0.0625,0.1875,-0.1875,0.4375
99,antineutrino_emitted,beta,0.125,0.25,0.125,-0.6875,-0.5625,-0.25,-0.1875,-0.125,-0.1875,0.0,-0.625,-0.5625,-0.6875,0.0,0.0625,-0.375,-0.3125,0.25,0.5,0.0,0.25,-0.5,0.25,0.25,0.0625,0.0625,0.4375,0.4375,0.5625,-0.125,0.4375
100,antineutrino_emitted,beta,0.125,0.0,-0.125,-0.8125,-0.75,-0.125,0.0625,0.0625,0.125,0.125,-0.875,-0.5625,-0.875,-0.0625,-0.0625,-0.1875,-0.0625,0.5,0.625,0.0,0.0625,-0.5,0.1875,0.125,0.3125,0.25,0.1875,0.1875,0.125,-0.125,0.0
101,antineutrino_emitted,beta,-0.1875,0.1875,0.125,-0.625,-0.25,0.25,-0.0625,-0.125,-0.1875,0.3125,-0.625,-0.625,-0.625,-0.25,-0.125,-0.3125,-0.1875,0.375,0.8125,-0.3125,0.3125,-0.3125,-0.0625,0.0,-0.1875,-0.1875,0.0,0.0,0.0625,-0.25,0.375
102,antineutrino_emitted,beta,0.25,-0.0625,-0.25,-0.5625,-0.4375,0.3125,-0.0625,0.0,-0.125,0.0,-0.6875,-0.5625,-0.8125,0.0,0.125,-0.625,-0.5,-0.0625,0.4375,0.125,-0.3125,-0.375,0.25,0.1875,0.0625,-0.0625,0.0625,0.0625,0.1875,0.0,0.375
103,antineutrino_emitted,beta,-0.3125,0.25,0.25,-0.5625,-0.4375,-0.125,0.0,-0.0625,0.0,0.125,-0.5,-0.375,-0.5625,-0.125,-0.0625,-0.1875,0.0,0.375,0.4375,-0.3125,0.0,-0.25,0.0625,0.0625,0.0,0.0625,0.4375,0.4375,0.5625,0.0,0.125
104,antineutrino_emitted,beta,0.0625,0.4375,0.4375,-0.25,-0.0625,0.1875,-0.0625,0.0,0.0,0.375,-0.5,-0.25,-0.4375,0.0625,0.0625,-0.0625,0.0625,0.5,0.375,0.125,0.375,-0.3125,0.125,0.1875,0.0,0.0625,0.6875,0.625,0.75,-0.125,0.5625
105,antineutrino_emitted,beta,-0.4375,0.0,0.125,-0.4375,-0.3125,-0.0625,0.0,0.0,0.0,0.1875,-0.4375,-0.1875,-0.375,-0.1875,0.0,-0.25,-0.125,0.3125,0.6875,0.0,0.0625,-0.1875,0.125,0.125,-0.125,-0.125,0.0625,0.0625,0.1875,-0.3125,0.375
106,antineutrino_emitted,beta,0.4375,0.0,-0.125,-1.0,-0.75,0.0625,-0.3125,-0.1875,-0.25,-0.0625,-0.8125,-0.625,-0.9375,-0.25,-0.1875,-0.5,-0.3125,0.25,0.5,-0.3125,-0.125,-0.5625,0.25,0.25,0.0625,0.0625,0.25,0.25,0.375,-0.0625,0.1875
107,antineutrino_emitted,beta,0.1875,-0.375,-0.4375,-0.9375,-0.375,-0.625,-0.0625,-0.0625,0.0625,-0.5,-0.8125,-0.8125,-0.8125,-0.3125,-0.1875,-0.125,-0.125,0.0625,0.4375,0.0,-0.1875,-0.1875,0.3125,0.25,-0.125,-0.0625,0.3125,0.3125,0.25,-0.25,0.125
108,emitted_mass_negligible,beta,-1.0625,-0.125,-0.25,-1.0625,-0.875,-0.0625,0.125,0.0625,0.125,0.375,-0.4375,-0.125,-0.375,0.0625,-0.125,-0.3125,-0.125,0.3125,0.75,0.1875,0.375,-0.3125,0.4375,0.4375,-0.1875,-0.125,-0.125,-0.1875,0.0,-0.125,0.4375
109,emitted_mass_negligible,beta,-1.0,0.0,-0.1875,-0.875,-0.5,-0.3125,0.125,0.1875,0.1875,0.3125,-0.5625,-0.25,-0.5625,0.125,0.0,-0.125,-0.0625,0.375,0.6875,0.125,0.125,-0.125,0.4375,0.375,-0.25,-0.1875,-0.125,-0.1875,0.0,-0.125,0.375
110,emitted_mass_negligible,beta,-0.4375,-0.375,-0.375,-1.0625,-0.75,-0.375,-0.0625,-0.0625,0.0625,0.1875,-0.5625,-0.25,-0.625,-0.125,-0.25,-0.375,-0.25,0.3125,0.8125,0.0625,0.3125,-0.3125,0.3125,0.25,-0.1875,-0.125,-0.3125,-0.4375,-0.1875,-0.1875,0.25
111,emitted_mass_negligible,beta,-0.6875,-0.1875,-0.125,-1.0,-0.75,-0.625,-0.0625,0.0,0.0625,0.125,-0.5625,-0.375,-0.5625,-0.3125,-0.3125,-0.3125,-0.125,0.25,0.6875,0.0625,0.25,-0.3125,0.3125,0.3125,0.0,-0.0625,-0.0625,-0.125,0.0625,-0.1875,0.125
112,emitted_mass_negligible,beta,-1.0,0.0,0.0,-0.6875,-0.4375,-0.0625,0.125,0.1875,0.0625,0.0625,-0.75,-0.5,-0.6875,-0.0625,-0.0625,-0.25,-0.1875,0.125,0.5625,0.1875,-0.125,-0.125,0.375,0.375,-0.1875,-0.1875,0.125,0.0625,0.125,-0.1875,0.25
113,emitted_mass_negligible,beta,-0.9375,0.0,0.0,-0.9375,-0.6875,-0.3125,-0.125,-0.125,-0.0625,0.5,-0.125,0.125,-0.1875,0.0625,-0.0625,-0.3125,-0.125,0.1875,0.75,0.1875,0.5,-0.25,0.3125,0.25,-0.1875,-0.1875,-0.3125,-0.5,-0.3125,-0.25,0.375
114,emitted_mass_negligible,beta,-1.5,-0.4375,-0.4375,-1.3125,-0.875,0.0,0.125,0.1875,0.1875,0.3125,-0.3125,-0.1875,-0.25,0.25,0.0625,-0.125,-0.125,0.4375,0.625,0.125,0.375,0.125,0.3125,0.3125,-0.125,-0.125,0.375,0.25,0.3125,-0.1875,0.4375
115,emitted_mass_negligible,beta,-0.75,-0.125,-0.1875,-0.625,-0.4375,-0.25,0.0625,0.0625,0.0625,-0.0625,-0.75,-0.6875,-0.8125,0.0,0.0625,-0.375,-0.25,0.25,0.9375,-0.125,-0.1875,-0.125,0.1875,0.125,-0.375,-0.375,-0.25,-0.3125,-0.1875,-0.375,0.5
116,daughter_n_minus1,beta,0.1875,0.25,0.125,-0.1875,-0.25,-0.375,0.0,-0.0625,0.0,-0.4375,-0.875,-0.8125,-1.1875,-0.125,-0.1875,-0.4375,-0.1875,0.1875,0.1875,0.0,-0.25,-0.3125,0.4375,0.4375,0.0,0.0,0.3125,0.25,0.25,-0.125,0.25
117,daughter_n_minus1,beta,-0.5625,-0.125,-0.25,-0.8125,-0.5625,-0.25,0.1875,0.1875,0.1875,0.125,-0.25,-0.125,-0.4375,-0.3125,-0.25,-0.5625,-0.5625,0.125,0.5,-0.1875,-0.3125,-0.1875,0.5,0.5,-0.4375,-0.3125,0.3125,0.25,0.375,-0.0625,0.25
118,daughter_n_minus1,beta,-0.0625,0.1875,0.0625,-0.0625,-0.25,-0.375,-0.1875,-0.1875,-0.125,0.0625,-0.5,-0.375,-0.8125,-0.3125,-0.3125,-0.3125,-0.3125,0.25,0.125,0.0,-0.375,-0.375,0.4375,0.4375,-0.125,-0.125,0.3125,0.375,0.4375,0.0,0.1875
119,daughter_n_minus1,beta,-0.25,0.0625,0.0,-0.375,-0.4375,-0.5,0.0625,0.0,0.0625,-0.3125,-0.75,-0.6875,-1.0,-0.3125,-0.3125,-0.25,-0.125,0.25,0.125,-0.0625,-0.25,-0.5,0.4375,0.4375,-0.0625,-0.0625,0.3125,0.3125,0.375,0.0625,0.125
120,daughter_n_minus1,beta,-0.1875,0.125,0.0,-0.625,-0.4375,-0.25,0.125,0.125,0.125,-0.4375,-0.9375,-0.6875,-1.0625,-0.0625,-0.125,-0.3125,-0.1875,0.125,0.3125,-0.1875,-0.1875,-0.1875,0.25,0.25,-0.1875,-0.125,-0.125,-0.0625,0.0625,-0.1875,0.3125
121,daughter_n_minus1,beta,0.1875,0.125,0.0625,-0.625,-0.5625,-0.1875,0.0,0.0,0.0,-0.625,-1.0,-0.875,-1.3125,-0.25,-0.3125,-0.625,-0.5625,-0.0625,0.1875,-0.125,-0.5,-0.4375,0.4375,0.4375,-0.1875,-0.125,0.25,0.1875,0.3125,0.0,0.25
122,daughter_n_minus1,beta,-0.1875,-0.3125,-0.4375,-0.9375,-0.75,-0.3125,-0.0625,-0.0625,-0.0625,-0.1875,-0.8125,-0.5625,-0.8125,-0.25,-0.3125,-0.4375,-0.375,0.125,0.5625,-0.25,-0.3125,-0.4375,0.5625,0.5625,-0.3125,-0.375,0.0625,0.1875,0.3125,-0.1875,0.25
123,daughter_n_minus1,beta,-0.3125,0.0625,0.0625,-0.25,-0.5,-0.4375,0.0,-0.0625,0.0,0.0625,-0.5,-0.375,-0.75,-0.25,-0.1875,-0.3125,-0.1875,0.25,0.3125,-0.125,-0.125,-0.4375,0.25,0.1875,-0.0625,-0.0625,0.375,0.4375,0.4375,0.0,0.0625
124,AUX,alpha,1.5,0.6875,0.8125,0.875,0.5,0.3125,-0.1875,-0.125,-0.125,-0.3125,0.125,-0.125,0.3125,-0.3125,-0.125,0.0625,0.0,-0.6875,-0.375,0.1875,-0.375,-0.0625,-0.125,-0.125,0.25,0.125,0.0625,0.1875,0.0625,0.0,-0.5
125,AUX,alpha,2.4375,-0.125,0.125,0.4375,0.375,0.0,0.0,-0.0625,-0.125,-0.625,-0.25,-0.3125,0.1875,-0.1875,-0.125,-0.375,-0.5,-0.625,-0.25,-0.25,-0.0625,-0.1875,-0.5,-0.4375,-0.375,-0.375,-0.3125,-0.125,-0.3125,0.25,-0.0625
126,AUX,alpha,0.6875,0.875,1.0,1.625,1.25,0.6875,-0.3125,-0.3125,-0.25,-0.0625,0.5,0.3125,0.625,-0.25,-0.125,0.375,0.125,-0.1875,-0.5,0.25,0.0625,0.0,-0.125,-0.1875,0.3125,0.25,0.0625,0.3125,0.125,0.125,-0.4375
127,AUX,alpha,1.9375,0.0625,0.25,1.1875,1.0625,0.1875,0.1875,0.1875,0.125,-0.5,-0.125,-0.25,-0.0625,-0.4375,-0.125,-0.4375,-0.5,-0.5625,-0.1875,-0.1875,-0.3125,-0.0625,-0.375,-0.4375,-0.1875,-0.1875,-0.1875,-0.125,-0.25,0.4375,-0.3125
128,AUX,alpha,1.125,0.0625,0.1875,0.5,0.5,0.3125,-0.0625,0.0,-0.0625,0.4375,0.75,0.625,1.125,0.0,0.0625,0.4375,0.3125,-0.25,-0.5625,0.0,0.25,0.3125,-0.4375,-0.4375,0.25,0.1875,-0.25,-0.3125,-0.3125,0.0,-0.25
129,AUX,alpha,-0.375,0.0625,0.125,0.8125,0.8125,-0.0625,-0.25,-0.25,-0.3125,-0.125,1.0,0.8125,1.0,0.0,0.0625,0.1875,0.0625,-0.375,-0.1875,0.5,-0.0625,-0.125,-0.4375,-0.4375,0.0625,0.125,-0.3125,-0.125,-0.1875,0.0625,-0.0625
130,AUX,alpha,0.9375,0.4375,0.5,1.0,0.875,0.4375,-0.125,-0.1875,-0.125,-0.0625,0.4375,0.3125,0.4375,0.0625,0.125,0.125,-0.0625,-0.4375,-0.75,0.1875,-0.0625,0.125,-0.4375,-0.4375,-0.0625,-0.125,-0.1875,-0.125,-0.25,0.0625,-0.1875
131,AUX,alpha,1.9375,0.0625,0.25,1.375,1.25,0.375,-0.125,-0.125,-0.0625,-0.6875,0.1875,0.0,0.1875,-0.4375,-0.1875,-0.0625,-0.25,-0.8125,-0.0625,0.1875,-0.125,-0.0625,-0.1875,-0.25,-0.125,-0.1875,0.25,0.3125,0.3125,0.25,-0.375
132,AUX,alpha,0.875,0.4375,0.5625,0.875,0.75,0.375,-0.1875,-0.1875,-0.125,0.25,0.8125,0.625,0.6875,0.0,0.125,0.25,0.125,-0.1875,-0.5,0.125,0.0625,0.125,-0.4375,-0.4375,0.0,-0.0625,-0.0625,-0.125,-0.125,0.0625,-0.125
133,AUX,alpha,1.25,0.3125,0.375,1.0625,0.9375,0.3125,-0.0625,-0.125,-0.0625,0.0625,0.8125,0.5,0.75,0.125,0.1875,0.375,0.25,-0.3125,-0.0625,0.3125,0.4375,0.125,-0.1875,-0.1875,0.0,0.0625,-0.1875,-0.0625,-0.125,0.125,-0.125
134,AUX,alpha,1.25,0.0,0.0625,0.625,0.5,0.25,-0.25,-0.25,-0.25,0.1875,0.5625,0.4375,1.0,-0.125,-0.125,0.25,0.125,-0.375,-0.5625,0.0,0.125,0.0625,-0.375,-0.4375,0.125,0.125,-0.1875,-0.25,-0.3125,0.0,-0.1875
135,AUX,alpha,1.375,0.0,0.0625,0.9375,0.8125,0.375,0.0,0.0,0.0625,-0.3125,0.4375,0.3125,0.4375,-0.125,0.0,-0.1875,-0.3125,-0.5625,-0.375,-0.0625,0.0625,-0.125,-0.3125,-0.3125,0.0625,0.0,-0.625,-0.5,-0.5625,0.4375,-0.0625
136,AUX,beta,0.0,-0.5625,-0.5,-1.0625,-0.875,-0.625,0.25,0.1875,0.1875,0.0,-0.375,-0.25,-0.4375,-0.1875,-0.125,-0.3125,-0.1875,0.125,0.8125,-0.25,0.0625,-0.1875,0.1875,0.1875,-0.25,-0.25,0.4375,0.375,0.375,-0.25,0.1875
137,AUX,beta,-1.0,-0.125,0.0,-0.25,-0.125,0.0625,0.0,0.0,0.0,0.25,-0.5,-0.3125,-0.5,0.3125,0.3125,-0.0625,0.0625,0.3125,0.625,0.125,0.0625,-0.0625,0.125,0.1875,0.0625,0.0625,0.4375,0.5625,0.5625,-0.1875,0.125
138,AUX,beta,0.25,-0.0625,-0.1875,-0.3125,-0.5,-0.5,-0.25,-0.25,-0.25,-0.5,-1.0625,-0.9375,-1.25,-0.5,-0.5,-0.4375,-0.4375,0.0625,0.0,-0.125,-0.4375,-0.6875,0.3125,0.375,-0.25,-0.25,0.0625,0.1875,0.1875,-0.0625,0.0625
139,AUX,beta,0.625,-0.75,-0.8125,-1.25,-1.1875,0.4375,0.1875,0.125,0.25,-0.8125,-0.9375,-0.9375,-1.125,-0.375,-0.25,-0.5625,-0.5625,-0.375,0.0625,-0.4375,-0.6875,-0.3125,0.25,0.25,0.0625,0.125,0.5,0.5625,0.5,-0.25,-0.125
140,AUX,beta,-0.4375,0.25,0.4375,-0.5,-0.625,-0.375,-0.0625,-0.0625,-0.125,-0.1875,-0.75,-0.4375,-0.9375,-0.5625,-0.625,-0.3125,-0.1875,0.1875,0.25,-0.0625,-0.125,-0.3125,0.25,0.25,-0.1875,-0.1875,0.1875,0.1875,0.25,0.125,0.3125
141,AUX,beta,0.375,0.125,0.1875,-0.1875,-0.4375,-0.3125,0.125,0.0,0.0625,-0.5625,-1.0625,-0.875,-1.3125,-0.0625,-0.125,-0.6875,-0.625,-0.1875,0.0,-0.25,-0.375,-0.1875,0.1875,0.1875,0.0625,0.125,0.25,0.25,0.3125,0.1875,0.375
142,AUX,beta,-0.4375,0.125,0.375,-0.375,0.0,0.4375,0.0,-0.0625,-0.125,0.125,-0.5,-0.3125,-0.4375,0.0,0.0625,-0.25,-0.1875,0.1875,0.75,0.125,0.1875,-0.25,0.3125,0.375,0.25,0.1875,0.1875,0.1875,0.1875,-0.0625,0.4375
143,AUX,beta,1.125,-0.5,-0.5625,-1.0625,-0.9375,-0.375,0.125,0.125,0.125,-0.4375,-0.75,-0.6875,-0.9375,0.0625,0.0625,-0.5,-0.5,-0.3125,0.4375,-0.125,-0.25,-0.25,0.0625,0.0625,0.125,0.0625,0.125,0.125,0.3125,0.0,-0.3125
144,AUX,beta,-1.0625,-0.125,-0.25,-1.0625,-0.875,-0.0625,0.125,0.0625,0.125,0.375,-0.4375,-0.125,-0.375,0.0625,-0.125,-0.3125,-0.125,0.3125,0.75,0.1875,0.375,-0.3125,0.4375,0.4375,-0.1875,-0.125,-0.125,-0.1875,0.0,-0.125,0.4375
145,AUX,beta,1.625,-0.875,-1.0625,-1.3125,-1.3125,0.0625,-0.0625,0.0,0.0625,-0.6875,-0.9375,-0.875,-1.0625,0.125,0.3125,-0.5625,-0.5625,-0.3125,0.625,-0.125,-0.75,-0.4375,0.1875,0.1875,-0.1875,-0.1875,0.0625,0.125,0.1875,0.0,-0.125
146,AUX,beta,0.1875,0.25,0.125,-0.1875,-0.25,-0.375,0.0,-0.0625,0.0,-0.4375,-0.875,-0.8125,-1.1875,-0.125,-0.1875,-0.4375,-0.1875,0.1875,0.1875,0.0,-0.25,-0.3125,0.4375,0.4375,0.0,0.0,0.3125,0.25,0.25,-0.125,0.25
147,AUX,beta,0.0,-0.125,-0.25,-1.0625,-0.9375,0.125,0.1875,0.125,0.125,-0.375,-0.6875,-0.625,-0.875,0.1875,0.1875,-0.5625,-0.5625,-0.375,0.25,-0.25,-0.125,-0.125,0.3125,0.3125,0.0,0.0,0.125,0.0,0.25,-0.1875,0.1875
148,AUX,alpha,1.0,0.625,0.6875,0.9375,0.6875,0.3125,0.0,-0.125,-0.0625,0.25,0.625,0.375,0.625,0.25,0.25,0.3125,0.1875,-0.3125,-0.3125,0.375,0.0,0.0,-0.25,-0.1875,-0.0625,0.0,-0.25,-0.1875,-0.25,0.1875,-0.3125
149,AUX,beta,-0.1875,-0.5625,-0.5625,-0.625,-0.5625,-0.4375,0.25,0.3125,0.25,-0.125,-0.5625,-0.375,-0.625,-0.25,-0.25,-0.3125,-0.25,0.1875,0.375,-0.1875,-0.125,-0.125,0.25,0.25,0.0625,0.0625,0.375,0.3125,0.3125,-0.1875,0.25
150,AUX,alpha,0.9375,0.125,0.3125,0.5625,0.5625,0.3125,-0.0625,0.0,-0.0625,0.5,0.875,0.75,1.1875,0.0625,0.0625,0.375,0.25,-0.3125,-0.5,-0.0625,0.3125,0.1875,-0.4375,-0.4375,0.3125,0.25,-0.25,-0.3125,-0.375,0.0,-0.1875
151,AUX,beta,0.25,-0.0625,-0.1875,-0.3125,-0.5,-0.5,-0.25,-0.25,-0.25,-0.5,-1.0625,-0.9375,-1.25,-0.5,-0.5,-0.4375,-0.4375,0.0625,0.0,-0.125,-0.4375,-0.6875,0.3125,0.375,-0.25,-0.25,0.0625,0.1875,0.1875,-0.0625,0.0625
152,AUX,alpha,1.25,0.0,0.0625,0.625,0.5,0.25,-0.25,-0.25,-0.25,0.1875,0.5625,0.4375,1.0,-0.125,-0.125,0.25,0.125,-0.375,-0.5625,0.0,0.125,0.0625,-0.375,-0.4375,0.125,0.125,-0.1875,-0.25,-0.3125,0.0,-0.1875
153,AUX,beta,-0.4375,0.25,0.4375,-0.5,-0.625,-0.375,-0.0625,-0.0625,-0.125,-0.1875,-0.75,-0.4375,-0.9375,-0.5625,-0.625,-0.3125,-0.1875,0.1875,0.25,-0.0625,-0.125,-0.3125,0.25,0.25,-0.1875,-0.1875,0.1875,0.1875,0.25,0.125,0.3125
154,AUX,alpha,0.6875,0.875,1.0,1.625,1.25,0.6875,-0.3125,-0.3125,-0.25,-0.0625,0.5,0.3125,0.625,-0.25,-0.125,0.375,0.125,-0.1875,-0.5,0.25,0.0625,0.0,-0.125,-0.1875,0.3125,0.25,0.0625,0.3125,0.125,0.125,-0.4375
155,AUX,beta,-1.0625,-0.125,-0.25,-1.0625,-0.875,-0.0625,0.125,0.0625,0.125,0.375,-0.4375,-0.125,-0.375,0.0625,-0.125,-0.3125,-0.125,0.3125,0.75,0.1875,0.375,-0.3125,0.4375,0.4375,-0.1875,-0.125,-0.125,-0.1875,0.0,-0.125,0.4375
156,AUX,alpha,0.9375,0.4375,0.5,1.0,0.875,0.4375,-0.125,-0.1875,-0.125,-0.0625,0.4375,0.3125,0.4375,0.0625,0.125,0.125,-0.0625,-0.4375,-0.75,0.1875,-0.0625,0.125,-0.4375,-0.4375,-0.0625,-0.125,-0.1875,-0.125,-0.25,0.0625,-0.1875
157,AUX,beta,-0.625,-0.3125,-0.4375,-0.4375,-0.5625,-0.375,-0.1875,-0.0625,-0.125,-0.125,-0.5625,-0.375,-0.6875,-0.25,-0.25,-0.375,-0.1875,0.25,0.4375,-0.25,-0.125,-0.25,0.625,0.5625,0.0,0.0,0.125,0.125,0.25,-0.125,0.125
158,AUX,alpha,0.875,0.4375,0.5625,0.875,0.75,0.375,-0.1875,-0.1875,-0.125,0.25,0.8125,0.625,0.6875,0.0,0.125,0.25,0.125,-0.1875,-0.5,0.125,0.0625,0.125,-0.4375,-0.4375,0.0,-0.0625,-0.0625,-0.125,-0.125,0.0625,-0.125
159,AUX,beta,-0.5625,-0.375,-0.375,-0.5625,-0.75,-0.25,-0.0625,-0.0625,-0.0625,-0.1875,-0.8125,-0.625,-0.875,-0.375,-0.4375,-0.4375,-0.3125,0.3125,0.3125,-0.1875,-0.125,-0.375,0.4375,0.4375,-0.0625,-0.0625,0.25,0.1875,0.3125,-0.125,0.0
160,AUX,alpha,0.75,0.5625,0.625,0.9375,0.875,0.625,0.0,-0.0625,0.0,0.0,0.5625,0.3125,0.625,0.1875,0.3125,0.0625,0.0,-0.4375,-0.375,0.4375,0.0,0.125,-0.375,-0.375,0.0,0.0,-0.0625,0.0625,-0.125,0.0625,0.125
161,AUX,alpha,1.4375,0.4375,0.6875,0.9375,0.8125,0.5,-0.125,-0.125,-0.125,-0.5,0.0,-0.25,0.1875,-0.0625,0.125,-0.0625,-0.125,-0.6875,0.0625,0.8125,-0.3125,0.0,-0.4375,-0.375,0.0,0.0,-0.125,0.0,-0.1875,0.125,0.6875
162,AUX,alpha,1.3125,0.25,0.3125,0.375,0.3125,0.1875,-0.25,-0.3125,-0.25,0.25,0.6875,0.25,0.875,0.0,0.125,0.1875,0.125,-0.3125,-0.4375,0.25,0.1875,-0.125,-0.3125,-0.375,0.0,0.0,-0.125,-0.125,-0.125,-0.0625,-0.125
163,AUX,alpha,0.875,0.6875,0.8125,0.8125,0.6875,0.3125,-0.0625,-0.125,-0.125,-0.0625,0.625,0.375,0.5625,0.0625,0.125,0.125,0.0,-0.5,-0.3125,0.25,0.125,0.0,-0.125,-0.125,-0.0625,-0.125,-0.0625,0.0,-0.0625,0.125,0.125
164,AUX,alpha,1.5,0.4375,0.5625,0.75,0.625,0.1875,0.1875,0.125,0.1875,0.0625,0.5625,0.375,0.6875,0.125,0.1875,0.1875,0.1875,-0.375,-0.625,0.0,0.0625,0.0,-0.3125,-0.375,0.0625,0.0,-0.375,-0.3125,-0.3125,0.125,-0.1875
165,AUX,alpha,1.125,0.5625,0.5625,0.6875,0.5625,0.3125,-0.1875,-0.1875,-0.1875,-0.1875,0.3125,0.0625,0.5,0.0625,0.1875,0.0,-0.1875,-0.4375,-0.125,0.375,0.25,0.0625,-0.4375,-0.375,-0.25,-0.25,-0.25,-0.25,-0.3125,-0.0625,-0.125
166,AUX,alpha,1.625,0.75,0.875,1.5,1.375,0.4375,0.0625,0.0625,-0.0625,-0.4375,-0.125,-0.3125,0.1875,-0.125,0.0625,-0.25,-0.4375,-0.75,0.25,0.4375,-0.3125,-0.125,-0.3125,-0.3125,-0.1875,-0.1875,-0.4375,-0.375,-0.3125,0.3125,0.0
167,AUX,alpha,1.125,0.5625,0.8125,1.3125,1.125,0.5,-0.0625,-0.0625,-0.0625,-0.125,0.1875,-0.0625,0.3125,-0.0625,0.0625,-0.1875,-0.3125,-0.625,0.0625,0.75,-0.25,0.0,-0.3125,-0.3125,-0.125,-0.125,-0.25,-0.1875,-0.25,-0.0625,0.625
168,AUX,alpha,1.1875,0.3125,0.5625,1.3125,1.0,0.5,0.0,0.0,0.0,-0.1875,0.25,0.0625,0.3125,0.125,0.375,-0.125,-0.25,-0.625,0.0625,0.625,-0.125,0.0,-0.3125,-0.25,0.125,0.0625,-0.25,-0.125,-0.25,0.25,0.125
169,AUX,alpha,1.625,0.3125,0.4375,1.0625,0.75,0.75,-0.0625,-0.0625,0.0,-0.1875,0.5,0.125,0.4375,-0.1875,0.0,0.0625,-0.0625,-0.5625,-0.25,0.6875,-0.3125,0.0,-0.125,-0.125,-0.0625,-0.0625,-0.3125,-0.1875,-0.1875,0.0,0.3125
170,AUX,alpha,0.6875,0.875,0.8125,1.1875,0.8125,0.3125,-0.0625,-0.0625,-0.0625,0.0625,0.5625,0.375,0.625,0.0625,0.1875,0.0625,0.0625,-0.3125,-0.3125,0.5625,0.0625,0.25,-0.0625,-0.0625,0.1875,0.1875,-0.25,-0.1875,-0.25,0.125,-0.1875
171,AUX,alpha,1.3125,0.75,0.75,0.75,0.4375,0.125,-0.25,-0.25,-0.3125,-0.3125,0.0,-0.125,0.1875,0.1875,0.25,-0.0625,-0.125,-0.5,-0.25,0.3125,0.3125,-0.0625,-0.3125,-0.3125,-0.1875,-0.25,-0.0625,0.0,0.0,0.0625,-0.125
172,AUX,alpha,1.0625,0.6875,0.75,1.3125,0.8125,0.375,-0.125,-0.125,-0.1875,-0.25,0.125,-0.0625,0.25,0.0625,0.1875,-0.0625,-0.25,-0.625,-0.25,0.4375,-0.0625,0.0,-0.3125,-0.25,0.0,0.0,-0.25,-0.125,-0.3125,0.125,0.0
173,AUX,alpha,0.5,0.6875,0.625,1.125,1.0625,0.3125,0.0625,0.0,0.0,0.0625,0.5,0.375,0.625,0.125,0.3125,0.375,0.25,-0.0625,-0.375,0.375,0.375,0.1875,-0.0625,-0.0625,0.125,0.0625,0.125,0.125,0.125,0.1875,-0.125
174,AUX,alpha,1.5,0.6875,0.75,0.875,0.5625,0.25,-0.25,-0.1875,-0.25,-0.25,0.1875,0.0,0.4375,0.0625,0.1875,-0.125,-0.1875,-0.5,-0.25,0.375,0.0625,-0.0625,-0.3125,-0.25,-0.125,-0.1875,-0.0625,0.0625,-0.0625,0.0,-0.3125
175,AUX,alpha,1.375,0.6875,0.6875,1.1875,0.8125,0.125,-0.125,-0.0625,-0.0625,-0.125,0.25,0.0625,0.375,-0.0625,0.0,0.0,-0.125,-0.375,-0.3125,0.0625,-0.0625,-0.0625,-0.125,-0.0625,-0.125,-0.0625,-0.3125,-0.3125,-0.375,0.125,0.0
176,AUX,alpha,1.3125,0.5,0.5,0.875,0.5,0.375,-0.125,-0.0625,-0.125,-0.125,0.1875,0.0,0.25,0.125,0.3125,0.1875,0.0,-0.3125,-0.4375,0.125,-0.0625,0.0,-0.1875,-0.25,-0.0625,-0.0625,-0.125,-0.0625,-0.1875,0.25,0.1875
177,AUX,alpha,1.125,0.5,0.4375,0.875,0.625,0.0,-0.0625,-0.0625,0.0,-0.1875,0.375,0.125,0.3125,0.0,0.0625,-0.125,-0.1875,-0.5,-0.25,0.125,-0.125,0.0,-0.1875,-0.1875,-0.0625,-0.0625,-0.375,-0.3125,-0.4375,0.0625,-0.0625
178,AUX,alpha,0.875,0.8125,0.6875,1.0,0.625,0.3125,-0.25,-0.25,-0.3125,-0.1875,0.25,0.125,0.375,0.1875,0.25,0.0,-0.125,-0.375,-0.25,0.5,0.4375,0.125,-0.25,-0.25,-0.125,-0.1875,-0.0625,-0.0625,-0.0625,0.125,0.0625
179,AUX,alpha,0.8125,0.6875,0.8125,0.6875,0.5,0.375,-0.1875,-0.1875,-0.3125,-0.1875,0.1875,0.0625,0.5625,0.25,0.375,0.0625,0.0,-0.5,-0.375,0.25,0.3125,0.1875,-0.1875,-0.25,-0.125,-0.125,-0.25,-0.125,-0.1875,-0.0625,-0.125
180,AUX,alpha,0.875,0.25,0.375,0.5625,0.4375,0.375,-0.125,-0.125,-0.125,0.4375,0.875,0.6875,1.25,0.0625,0.0625,0.1875,0.0625,-0.375,-0.4375,0.125,0.25,0.1875,-0.3125,-0.375,0.1875,0.1875,-0.25,-0.25,-0.3125,-0.25,-0.0625
181,AUX,alpha,0.8125,0.375,0.625,0.375,0.3125,0.5625,-0.1875,-0.1875,-0.25,0.1875,0.5625,0.625,1.0,0.3125,0.25,0.25,0.1875,-0.25,-0.6875,0.1875,-0.0625,0.3125,-0.4375,-0.4375,0.25,0.1875,-0.1875,-0.1875,-0.1875,0.0,0.25
182,AUX,alpha,0.875,0.125,0.25,-0.125,0.0,0.3125,-0.1875,-0.125,-0.1875,0.0625,0.375,0.25,0.9375,0.0,0.0,0.1875,0.1875,-0.25,-0.5625,-0.0625,0.1875,0.3125,-0.5,-0.4375,0.125,0.0,-0.1875,-0.1875,-0.1875,-0.1875,-0.0625
183,AUX,alpha,0.5625,0.25,0.375,0.0625,0.1875,0.5,-0.1875,-0.25,-0.25,0.4375,0.8125,0.625,1.3125,0.125,0.1875,-0.0625,-0.0625,-0.3125,-0.5,0.0625,0.1875,0.25,-0.3125,-0.375,-0.0625,-0.0625,0.0,-0.0625,-0.0625,-0.0625,-0.0625
184,AUX,alpha,1.4375,0.5,0.6875,0.6875,0.5,0.3125,-0.1875,-0.1875,-0.1875,0.0625,0.375,0.3125,0.75,-0.0625,0.0,0.1875,0.0,-0.375,-0.5625,0.25,-0.0625,0.0625,-0.1875,-0.1875,0.25,0.1875,0.125,0.1875,0.0625,0.0625,0.125
185,AUX,alpha,0.9375,0.0625,0.1875,0.0625,0.1875,0.4375,-0.25,-0.3125,-0.3125,0.3125,0.6875,0.625,1.1875,0.0,0.0625,0.125,0.125,-0.3125,-0.5625,-0.0625,0.0625,0.3125,-0.1875,-0.1875,0.0,0.0,-0.1875,-0.3125,-0.3125,-0.1875,-0.125
186,AUX,alpha,0.1875,0.5625,0.6875,0.9375,0.8125,0.5,-0.0625,-0.0625,-0.0625,0.25,0.875,0.8125,1.125,0.0,-0.0625,0.25,0.1875,-0.1875,-0.625,0.1875,0.0,0.25,-0.4375,-0.4375,0.125,0.1875,-0.5,-0.5625,-0.5,-0.1875,0.375
187,AUX,alpha,0.1875,0.25,0.4375,0.3125,0.25,0.4375,-0.125,-0.125,-0.1875,0.375,0.9375,0.8125,1.3125,0.1875,0.125,0.1875,0.125,-0.1875,-0.4375,0.0625,0.125,0.5,-0.5,-0.5,0.0,0.0,-0.1875,-0.1875,-0.1875,-0.25,-0.125
188,AUX,alpha,1.0,0.4375,0.625,0.6875,0.375,0.5625,-0.125,-0.1875,-0.25,0.125,0.5,0.5,0.8125,0.0625,0.125,0.3125,0.25,-0.1875,-0.5,0.4375,0.0625,0.3125,-0.3125,-0.25,0.25,0.3125,-0.3125,-0.25,-0.3125,-0.0625,0.1875
189,AUX,alpha,1.3125,-0.0625,0.0625,0.0,0.0,0.25,-0.25,-0.25,-0.25,0.5625,0.5625,0.2813000000000001,1.0937000000000001,-0.0625,-0.125,0.3125,0.25,-0.125,-0.5,-0.1875,0.1875,0.0625,-0.375,-0.375,0.1875,0.1875,-0.0625,-0.125,-0.125,-0.125,-0.0625
190,AUX,alpha,0.8125,0.1875,0.25,0.6875,0.5625,0.375,-0.125,-0.125,-0.125,0.125,0.75,0.5625,0.875,0.125,0.125,0.0625,-0.0625,-0.375,-0.5625,0.5,0.125,0.1875,-0.125,-0.125,0.0,0.0,-0.125,-0.125,-0.125,-0.0625,0.125
191,AUX,alpha,1.9375,0.1875,0.375,1.25,0.9375,0.0,-0.375,-0.375,-0.3125,-0.75,-0.4375,-0.5625,-0.1875,-0.125,0.0,-0.375,-0.5,-0.5625,-0.6875,0.5625,-0.4375,-0.125,-0.125,-0.125,-0.0625,0.0,-0.0625,0.0,-0.125,0.0,0.3125
192,AUX,alpha,1.625,0.1875,0.4375,0.75,0.625,0.375,-0.1875,-0.1875,-0.1875,-0.0625,0.3125,0.1875,0.5625,0.0,0.0625,-0.25,-0.3125,-0.5625,-0.5,0.375,-0.25,0.0,-0.375,-0.375,-0.0625,-0.0625,-0.0625,0.0625,-0.125,-0.0625,-0.0625
193,AUX,alpha,0.875,0.375,0.5625,0.875,0.5625,0.375,-0.125,-0.1875,-0.1875,0.0625,0.75,0.625,1.0625,-0.0625,0.0,-0.0625,-0.125,-0.5625,-0.3125,0.375,-0.0625,0.125,-0.3125,-0.3125,0.0625,0.0625,-0.1875,-0.0625,-0.1875,0.1875,0.0
194,AUX,alpha,1.0,0.4375,0.625,1.0,0.8125,0.125,-0.125,-0.1875,-0.125,0.125,0.4375,0.3125,0.625,-0.125,-0.0625,-0.0625,-0.125,-0.4375,-0.5625,0.3125,-0.1875,0.0,-0.25,-0.1875,0.0625,0.0625,-0.25,-0.1875,-0.1875,-0.125,0.0625
195,AUX,alpha,0.8125,0.5625,0.625,0.375,0.0625,0.125,-0.1875,-0.1875,-0.25,0.5625,0.9375,0.875,1.3125,0.0,0.0,-0.125,-0.1875,-0.375,-0.5,0.125,0.0625,0.125,-0.25,-0.1875,0.0,0.0,-0.125,-0.1875,-0.1875,0.0,-0.0625
196,AUX,alpha,1.25,0.25,0.25,0.8125,0.75,0.25,0.0625,0.0625,0.0625,0.25,0.625,0.625,0.9375,-0.125,-0.0625,0.125,0.0,-0.3125,-0.5625,0.1875,-0.0625,0.1875,-0.125,-0.1875,0.125,0.1875,-0.1875,-0.1875,-0.1875,0.0,-0.0625
197,AUX,alpha,0.6875,0.8125,1.0625,1.0,0.875,0.1875,0.0,-0.0625,-0.0625,0.25,0.6875,0.5,1.125,0.125,0.0,-0.4375,-0.375,-0.625,-0.3125,0.5625,0.0625,0.125,-0.125,-0.125,-0.0625,0.0,-0.0625,-0.0625,-0.0625,0.0625,0.1875
198,AUX,alpha,1.5,0.1875,0.3125,1.0,0.6875,0.5,-0.1875,-0.25,-0.1875,-0.125,0.375,0.125,0.625,-0.1875,-0.125,-0.0625,-0.1875,-0.625,-0.5,0.0625,0.1875,0.0625,-0.3125,-0.3125,0.125,0.1875,-0.1875,-0.1875,-0.25,0.125,-0.0625
199,AUX,alpha,1.125,0.0625,0.0,0.5625,0.375,0.625,-0.0625,-0.0625,-0.0625,-0.25,0.25,0.0,0.3125,0.0,0.0625,0.1875,0.0,-0.375,-0.5,0.1875,-0.0625,0.0625,-0.4375,-0.4375,-0.0625,0.0625,-0.3125,-0.25,-0.3125,0.3125,0.125
200,AUX,alpha,1.25,0.5,0.5,0.3125,0.125,0.0625,-0.0625,-0.0625,-0.0625,-0.25,0.2811999999999999,-0.0938000000000001,0.3438000000000001,0.0625,0.0625,-0.25,-0.3125,-0.75,-0.4375,0.1875,0.125,0.0,-0.3125,-0.1875,-0.125,-0.125,-0.1875,-0.1875,-0.3125,0.0625,0.0
201,AUX,alpha,0.6875,0.3125,0.375,0.375,0.25,0.3125,-0.0625,-0.0625,-0.125,0.0,0.4375,0.375,0.875,0.0625,0.0,-0.0625,-0.125,-0.5625,-0.625,0.3125,0.25,0.125,-0.3125,-0.25,-0.125,-0.125,-0.375,-0.375,-0.4375,0.125,-0.0625
202,AUX,alpha,0.8125,0.125,0.125,0.5,0.4375,0.5625,0.0,0.0,0.0,0.3125,0.8125,0.625,1.0,-0.1875,-0.125,0.0625,0.0625,-0.25,-0.5,0.125,0.0625,0.25,-0.3125,-0.3125,-0.125,-0.125,-0.4375,-0.5,-0.5,0.0625,0.1875
203,AUX,alpha,1.4375,0.125,0.1875,0.8125,0.5625,0.4375,-0.1875,-0.1875,-0.25,-0.0625,0.375,0.1875,0.5,-0.125,-0.0625,0.0625,0.0,-0.5,-0.5,0.0625,-0.0625,0.0,-0.375,-0.4375,0.0,0.0,-0.125,-0.125,-0.25,0.1875,0.0625
204,AUX,alpha,0.625,0.5625,0.625,0.5625,0.3125,0.25,-0.0625,-0.125,-0.125,0.25,0.6875,0.5625,0.8125,0.0,0.0,0.125,0.125,-0.3125,-0.5625,0.0625,0.125,-0.0625,-0.375,-0.3125,0.0,0.0,-0.3125,-0.3125,-0.375,0.0625,0.0
205,AUX,alpha,0.75,0.0,-0.0625,0.3125,0.1875,0.5625,-0.125,-0.125,-0.125,0.0625,0.625,0.3125,0.6875,0.125,0.125,0.125,-0.125,-0.375,-0.3125,0.125,0.0,0.0625,-0.3125,-0.25,0.125,0.125,-0.3125,-0.3125,-0.375,0.1875,0.1875
206,AUX,alpha,1.375,0.0625,0.0625,1.0,0.8125,0.4375,-0.125,-0.125,-0.125,0.125,0.8125,0.5,1.0,0.0,0.0625,0.1875,0.125,-0.375,-0.4375,0.125,0.125,0.0,-0.375,-0.4375,0.1875,0.1875,-0.0625,-0.125,-0.1875,0.125,0.0625
207,AUX,alpha,1.0,0.3125,0.4375,0.3125,0.1875,0.375,-0.3125,-0.25,-0.3125,-0.125,0.5625,0.3125,0.8125,0.0625,0.0625,-0.1875,-0.25,-0.6875,-0.375,0.3125,-0.125,-0.0625,-0.4375,-0.4375,-0.125,-0.0625,-0.1875,-0.1875,-0.25,-0.0625,-0.0625
208,AUX,alpha,1.0,0.3125,0.125,1.25,1.0625,0.8125,-0.25,-0.375,-0.3125,-0.125,0.4375,0.375,0.5625,0.1875,0.375,0.3125,0.0,-0.1875,-0.5625,0.5625,0.1875,-0.125,-0.25,-0.3125,0.125,0.125,0.1875,0.1875,0.1875,0.3125,0.0
209,AUX,alpha,1.0,0.4375,0.6875,0.9375,0.75,0.8125,-0.0625,-0.1875,-0.125,0.1875,0.6875,0.5625,0.625,0.0,0.25,0.3125,0.1875,-0.25,-0.375,0.5,0.0,0.0625,-0.4375,-0.4375,0.0625,0.0625,0.0625,0.1875,0.0,0.3125,0.375
210,AUX,alpha,0.75,0.0,-0.0625,0.3125,0.1875,0.125,0.0625,0.125,0.125,0.5625,1.0625,0.75,1.1875,0.0625,0.0625,0.3125,0.1875,0.0,-0.3125,0.0625,0.125,0.1875,-0.25,-0.25,0.0625,0.0,-0.125,-0.125,-0.1875,0.0625,0.0625
211,AUX,alpha,1.5,0.25,0.375,0.9375,0.625,0.625,-0.1875,-0.25,-0.25,-0.3125,0.375,0.125,0.5,-0.25,-0.125,0.0,0.0625,-0.5,-0.625,0.25,-0.125,-0.125,-0.4375,-0.4375,-0.0625,-0.0625,-0.0625,0.0,-0.0625,0.0625,-0.0625
212,AUX,alpha,1.125,0.375,0.625,0.8125,0.625,0.4375,-0.25,-0.3125,-0.3125,0.0625,0.5625,0.5,0.8125,-0.25,-0.1875,-0.0625,-0.0625,-0.5,-0.5,0.125,-0.1875,-0.0625,-0.3125,-0.375,0.0625,0.0,-0.1875,-0.125,-0.25,0.125,0.125
213,AUX,alpha,1.6875,-0.375,-0.3125,0.6875,0.5,0.5625,-0.4375,-0.4375,-0.4375,-0.625,-0.25,-0.1875,0.25,-0.0625,0.0,-0.1875,-0.375,-0.5625,-0.375,0.0625,-0.25,-0.1875,-0.3125,-0.3125,0.0625,0.0625,-0.125,0.0625,-0.0625,0.1875,0.375
214,AUX,alpha,1.125,0.125,0.25,1.0625,0.9375,0.1875,0.3125,0.25,0.25,-0.1875,0.0,-0.125,0.25,0.0625,0.125,0.0625,-0.1875,-0.5,-0.5625,0.25,-0.1875,0.125,-0.3125,-0.3125,-0.1875,-0.1875,-0.375,-0.4375,-0.4375,0.125,-0.1875
215,AUX,alpha,1.6875,-0.0625,0.0625,0.3125,0.25,0.0625,-0.25,-0.3125,-0.25,-0.0625,0.2813000000000001,0.2188000000000001,0.5625,-0.125,-0.0625,-0.0625,-0.25,-0.625,-0.4375,-0.125,-0.125,-0.125,-0.4375,-0.4375,0.0,-0.0625,-0.5,-0.5,-0.5,0.0,-0.4375
216,AUX,alpha,0.6875,0.125,0.25,1.0,0.8125,0.3125,0.125,0.0625,0.0625,0.25,0.625,0.5,0.5,0.0,0.0625,0.25,0.0,-0.375,-0.5625,-0.125,-0.3125,0.0625,-0.375,-0.3125,-0.0625,-0.0625,-0.3125,-0.3125,-0.3125,0.125,-0.3125
217,AUX,alpha,1.25,0.375,0.4375,0.75,0.6875,0.1875,0.0,0.0,0.0,-0.0625,0.3125,0.25,0.5,0.125,0.25,0.0625,-0.25,-0.625,-0.4375,0.1875,-0.1875,0.125,-0.5625,-0.4375,-0.125,-0.125,-0.3125,-0.3125,-0.5625,0.0,-0.1875
218,AUX,alpha,1.0,0.4375,0.5,1.0,0.625,0.125,0.0,-0.0625,-0.125,-0.25,0.3125,0.0,0.375,-0.0625,0.0625,0.1875,-0.125,-0.5625,-0.875,0.0,-0.4375,0.0,-0.4375,-0.375,-0.125,-0.125,-0.6875,-0.5625,-0.6875,0.0625,0.0625
219,AUX,alpha,1.75,0.375,0.375,1.3125,1.0625,0.3125,0.5,0.375,0.3125,-0.25,0.0625,-0.125,0.25,-0.0625,0.0625,-0.0625,-0.3125,-0.8125,0.25,0.25,-0.375,0.1875,-0.5,-0.5625,-0.25,-0.25,-0.25,-0.25,-0.375,0.0625,0.0
220,AUX,alpha,0.9375,0.8125,0.9375,1.125,0.8125,0.25,-0.1875,-0.1875,-0.25,-0.125,0.3125,0.25,0.5,0.1875,0.3125,-0.0625,-0.125,-0.5,0.0,0.625,0.1875,0.0,-0.3125,-0.25,-0.1875,-0.125,0.0625,0.125,0.0,0.0625,-0.1875
221,AUX,alpha,1.5625,0.3125,0.5,1.375,0.875,0.1875,-0.25,-0.1875,-0.1875,-0.4375,-0.125,-0.1875,0.0625,-0.0625,0.3125,-0.1875,-0.3125,-0.5625,-0.0625,0.4375,-0.375,-0.1875,-0.25,-0.25,-0.125,-0.125,-0.125,-0.125,-0.1875,0.3125,0.375
222,AUX,alpha,1.0,0.5,0.5625,0.625,0.625,0.0625,-0.0625,-0.0625,-0.0625,0.0625,0.5,0.375,0.625,0.25,0.25,0.0625,0.0,-0.4375,-0.4375,0.25,0.3125,0.125,-0.1875,-0.1875,0.0,0.0625,-0.3125,-0.1875,-0.25,0.1875,-0.125
223,AUX,alpha,1.0625,0.4375,0.4375,0.625,0.5,0.1875,-0.25,-0.25,-0.25,0.3125,0.625,0.625,0.8125,0.1875,0.1875,-0.0625,-0.0625,-0.4375,-0.125,0.5625,0.25,0.0,-0.1875,-0.25,-0.0625,-0.0625,0.0625,0.125,0.0625,0.0625,-0.25
224,AUX,alpha,1.75,0.8125,0.875,1.125,0.8125,0.25,0.0625,0.0625,0.0,0.1875,0.375,0.25,0.5,-0.125,0.0625,0.0,-0.0625,-0.5625,-0.1875,0.3125,-0.0625,-0.1875,-0.125,-0.125,0.0625,0.0625,0.125,0.25,0.125,0.25,0.0625
225,AUX,alpha,2.0,0.6875,0.75,0.625,0.375,0.1875,-0.0625,-0.125,-0.125,0.0,0.1875,0.1875,0.7187999999999999,0.0625,0.0625,-0.1875,-0.1875,-0.5,-0.375,0.25,0.0625,0.0,0.0,0.0,-0.0625,-0.0625,-0.3125,-0.3125,-0.375,0.0625,-0.0625
226,AUX,alpha,0.625,0.8125,0.75,1.0,0.6875,0.0625,-0.1875,-0.25,-0.25,0.125,0.5,0.3125,0.6875,0.125,0.1875,-0.0625,-0.125,-0.375,-0.0625,0.75,0.3125,0.0625,-0.25,-0.25,0.0,0.0,-0.1875,-0.125,-0.1875,0.0625,-0.125
227,AUX,alpha,1.1875,0.8125,0.8125,1.1875,0.875,0.125,-0.0625,-0.125,-0.125,0.1875,0.5,0.3125,0.6875,-0.125,0.0,-0.125,-0.0625,-0.4375,-0.1875,0.375,0.0,0.0,-0.0625,-0.125,-0.0625,-0.0625,0.0625,0.0625,-0.0625,0.25,0.0
228,AUX,beta,0.0,0.1875,0.0625,0.1875,0.0,-0.375,-0.0625,-0.1875,-0.0625,-0.625,-1.0625,-0.9375,-1.375,-0.3125,-0.3125,-0.3125,-0.25,0.125,0.375,0.0625,-0.25,-0.375,0.25,0.25,-0.0625,0.0,0.25,0.375,0.4375,0.0625,0.1875
229,AUX,beta,0.0625,-0.1875,-0.4375,-0.4375,-0.5,-0.0625,0.0,0.0,0.0,-0.25,-0.875,-0.8125,-0.875,-0.5625,-0.5,-0.625,-0.625,-0.125,0.125,-0.125,-0.0625,-0.5625,0.375,0.3125,0.0,0.0625,0.6875,0.75,0.8125,-0.0625,0.1875
230,AUX,beta,0.4375,0.125,0.0,-0.125,-0.1875,-0.25,-0.1875,-0.1875,-0.1875,-0.625,-0.9375,-0.8125,-1.0625,-0.375,-0.375,-0.5,-0.4375,0.0,0.25,0.0,-0.125,-0.375,0.4375,0.5,-0.0625,0.0,0.125,0.1875,0.25,-0.0625,0.375
231,AUX,beta,-1.4375,0.375,0.4375,0.125,0.0,-0.25,0.1875,0.1875,0.25,-0.3125,-0.625,-0.4375,-1.125,-0.125,-0.125,0.0,0.0625,0.5625,0.25,0.0,-0.0625,-0.1875,0.1875,0.1875,-0.1875,-0.125,0.125,0.0625,0.125,0.0625,0.375
232,AUX,beta,-0.0625,-0.5,-0.625,-0.3125,-0.3125,-0.5,0.125,0.0625,0.0625,-0.375,-0.8125,-0.6875,-0.9375,-0.25,-0.0625,-0.5,-0.4375,0.0,0.4375,-0.3125,-0.5,-0.4375,0.25,0.25,-0.0625,0.0,0.3125,0.375,0.4375,-0.0625,0.1875
233,AUX,beta,-0.875,0.1875,0.0625,0.5,0.125,-0.0625,0.1875,0.1875,0.1875,0.0625,-0.25,-0.125,-0.625,-0.0625,0.0625,-0.25,-0.125,0.4375,0.3125,0.125,-0.25,-0.1875,0.375,0.375,0.125,0.0625,0.625,0.875,0.875,0.125,0.1875
234,AUX,beta,0.875,-0.125,-0.25,-0.4375,-0.625,-0.25,-0.0625,-0.0625,-0.0625,-0.5625,-1.25,-1.0,-1.25,-0.625,-0.5,-0.4375,-0.375,0.125,0.125,-0.0625,-0.375,-0.3125,0.375,0.375,0.0,0.0,0.3125,0.375,0.375,0.0625,-0.3125
235,AUX,beta,-1.25,0.4375,0.375,0.125,0.0,-0.125,0.0,-0.0625,0.0,-0.125,-0.5,-0.2811999999999999,-0.7188000000000001,-0.0625,0.0,-0.25,-0.25,0.1875,0.3125,0.125,-0.0625,-0.1875,0.125,0.0625,-0.0625,-0.0625,0.4375,0.4375,0.5,-0.0625,0.125
236,AUX,beta,0.4375,-0.25,-0.3125,-0.3125,-0.3125,-0.25,0.0,0.0,0.0625,-0.625,-1.125,-1.125,-1.4375,-0.5,-0.4375,-0.5,-0.5,0.0,0.3125,-0.25,-0.0625,-0.5625,0.0,0.0,0.0625,0.0625,0.25,0.25,0.1875,-0.125,0.125
237,AUX,beta,-0.5,0.1875,0.0625,0.5,0.1875,-0.3125,-0.0625,-0.125,-0.0625,-0.1875,-0.5625,-0.5,-0.8125,-0.375,-0.25,-0.3125,-0.25,0.125,0.3125,0.1875,-0.125,-0.25,0.4375,0.5,0.0,0.0,0.3125,0.375,0.375,0.125,0.0625
238,AUX,beta,1.9375,-0.75,-1.0625,-1.0625,-1.0625,-0.375,-0.3125,-0.25,-0.1875,-0.5,-1.0625,-1.0,-1.125,-0.5,-0.3125,-0.5625,-0.5,-0.3125,0.5625,-0.5,-0.8125,-0.75,0.3125,0.3125,0.1875,0.1875,0.375,0.25,0.375,-0.0625,0.0
239,AUX,beta,1.375,-0.375,-0.4375,-0.6875,-0.5625,-0.5,-0.125,-0.0625,0.0,-0.375,-0.875,-0.75,-0.875,-0.25,-0.0625,-0.3125,-0.1875,0.0,0.9375,0.125,-0.5,-0.5625,0.375,0.5,0.1875,0.25,0.1875,0.25,0.3125,-0.125,0.375
240,AUX,beta,0.1875,-0.4375,-0.5,-0.25,-0.25,-0.0625,0.0625,0.0,0.0625,-0.3125,-0.75,-0.6875,-1.0625,-0.5,-0.375,-0.3125,-0.25,0.125,0.5625,0.0,-0.3125,-0.5,0.375,0.375,0.1875,0.1875,0.5,0.5625,0.5625,-0.3125,0.0625
241,AUX,beta,1.375,-0.8125,-0.8125,-1.125,-1.0625,-0.4375,-0.375,-0.375,-0.25,-0.3125,-0.6875,-0.625,-0.75,-0.375,-0.25,-0.25,-0.25,0.0,0.75,-0.375,-0.5,-0.5,0.0625,0.0,-0.1875,-0.0625,-0.0625,0.0,0.0,-0.1875,0.0
242,AUX,beta,0.3125,-0.25,-0.3125,-0.6875,-0.4375,-0.125,-0.125,-0.0625,0.0,-0.125,-0.75,-0.4375,-0.9375,-0.25,-0.25,-0.1875,-0.1875,0.125,0.8125,-0.0625,-0.3125,-0.3125,0.375,0.375,-0.1875,-0.125,0.375,0.3125,0.4375,-0.375,0.125
243,AUX,beta,1.8125,-0.8125,-0.9375,-0.8125,-0.875,-0.6875,-0.3125,-0.3125,-0.3125,-0.5625,-1.0,-1.0,-1.0625,-0.75,-0.5,-0.3125,-0.3125,0.0625,1.0625,-0.75,-0.9375,-0.8125,0.3125,0.375,0.125,0.125,-0.25,-0.25,0.0,0.0625,-0.25
244,AUX,beta,1.625,-0.8125,-0.6875,-1.375,-1.1875,-0.75,-0.375,-0.3125,-0.375,-0.5625,-1.0,-0.9375,-1.0625,-0.5,-0.125,-0.25,-0.1875,-0.125,0.4375,-0.625,-0.875,-0.5,0.3125,0.25,-0.0625,0.0625,-0.0625,-0.1875,0.0,0.125,0.0625
245,AUX,beta,1.5,-0.6875,-0.875,-0.75,-0.75,-0.5625,-0.4375,-0.375,-0.375,-0.3125,-0.8125,-0.625,-0.8125,-0.25,-0.125,-0.25,-0.1875,0.0625,0.6875,-0.5625,-0.625,-0.5625,0.125,0.125,0.0,0.0,0.0,-0.0625,0.125,-0.125,-0.0625
246,AUX,beta,-0.625,-0.375,-0.4375,-0.375,-0.375,-0.25,0.1875,0.25,0.25,-0.0625,-0.5,-0.25,-0.625,-0.0625,-0.0625,0.125,0.1875,0.5,0.625,0.1875,0.125,0.0,0.375,0.375,0.125,0.125,0.25,0.3125,0.5,-0.0625,0.125
247,AUX,beta,0.5625,-0.5625,-0.5625,-1.1875,-0.9375,-0.5,-0.0625,0.0625,-0.0625,-0.125,-0.625,-0.4375,-0.6875,-0.1875,-0.125,-0.1875,-0.125,0.0625,0.8125,-0.5,-0.375,-0.25,0.5,0.5625,-0.0625,0.0,0.1875,0.1875,0.375,0.0625,0.0
248,AUX,beta,1.0625,-0.4375,-0.5625,-0.8125,-0.5,-0.375,0.0,0.0625,0.0625,-0.4375,-0.9375,-0.9375,-1.125,-0.125,-0.0625,-0.1875,-0.125,-0.0625,0.4375,-0.25,-0.4375,-0.375,0.1875,0.25,0.125,0.1875,0.125,0.125,0.1875,-0.125,0.0625
249,AUX,beta,0.75,-0.25,-0.1875,-0.8125,-0.375,-0.1875,0.1875,0.1875,0.25,-0.0625,-0.5625,-0.5,-0.625,-0.1875,-0.0625,-0.0625,0.125,0.25,0.5625,-0.25,-0.3125,-0.0625,0.25,0.25,0.0625,0.125,0.125,0.0625,0.3125,-0.25,0.0
250,AUX,beta,0.75,-0.125,-0.1875,-0.625,-0.375,-0.125,-0.3125,-0.25,-0.25,-0.25,-0.75,-0.8125,-0.9375,-0.125,0.0,-0.25,-0.1875,0.125,0.8125,-0.1875,-0.0625,-0.25,0.25,0.25,0.3125,0.3125,0.3125,0.25,0.3125,-0.125,-0.0625
251,AUX,beta,1.4375,-0.4375,-0.5,-0.9375,-0.75,-0.5625,0.0625,0.125,0.1875,-0.3125,-0.75,-0.625,-0.8125,-0.3125,-0.1875,-0.25,-0.1875,-0.1875,0.1875,-0.5625,-0.8125,-0.375,0.25,0.125,0.1875,0.1875,0.125,-0.0625,0.0625,-0.1875,-0.0625
252,AUX,beta,0.8125,-0.4375,-0.4375,-0.3125,-0.0625,0.0625,0.1875,0.1875,0.1875,-0.3125,-0.8125,-0.75,-0.9375,-0.375,-0.1875,-0.1875,-0.125,0.125,0.25,-0.1875,-0.25,-0.125,0.3125,0.3125,0.25,0.3125,0.3125,0.375,0.5,-0.125,0.0625
253,AUX,beta,0.875,-0.6875,-0.6875,-1.0,-0.75,-0.4375,-0.0625,-0.0625,-0.0625,-0.25,-0.75,-0.6875,-0.75,-0.5,-0.375,-0.3125,-0.125,0.0625,0.125,-0.625,-0.5625,-0.375,0.375,0.3125,0.3125,0.25,0.1875,0.0625,0.1875,-0.125,-0.0625
254,AUX,beta,0.8125,-0.125,-0.125,-0.6875,-0.5625,0.125,-0.25,-0.125,-0.1875,-0.125,-0.5,-0.5,-0.5625,0.125,0.1875,-0.375,-0.1875,0.125,0.375,-0.1875,0.0,-0.25,0.25,0.25,0.1875,0.1875,0.125,0.1875,0.1875,-0.1875,0.1875
255,AUX,beta,0.8125,-0.625,-0.6875,-0.75,-0.5625,-0.3125,0.0625,0.125,0.125,-0.5625,-1.3125,-1.1875,-1.25,-0.375,-0.125,-0.3125,-0.25,0.1875,0.5625,-0.125,-0.1875,-0.3125,0.25,0.3125,0.0625,0.0,0.1875,0.1875,0.3125,-0.3125,0.0
256,AUX,beta,0.0,-0.125,-0.125,-0.125,-0.25,-0.5,-0.0625,-0.125,-0.0625,0.0625,-0.5625,-0.375,-0.8125,-0.1875,-0.0625,0.0,0.0625,0.4375,0.25,-0.1875,-0.375,-0.5625,0.3125,0.3125,-0.1875,-0.0625,0.125,0.125,0.125,-0.25,-0.25
257,AUX,beta,-0.25,-0.1875,-0.125,-0.1875,-0.1875,-0.3125,0.125,0.0625,0.0625,0.1875,-0.125,-0.125,-0.3125,-0.1875,-0.0625,-0.375,-0.3125,0.0625,0.375,-0.375,0.0625,-0.125,0.375,0.25,-0.0625,0.0,0.3125,0.3125,0.375,-0.375,0.125
258,AUX,beta,-0.0625,-0.3125,-0.375,0.0625,-0.125,-0.4375,0.1875,0.125,0.125,0.0,-0.625,-0.375,-0.6875,-0.375,-0.25,-0.0625,0.0,0.4375,0.3125,-0.1875,-0.4375,-0.4375,0.5,0.4375,0.125,0.125,0.75,0.8125,0.75,0.0,-0.0625
259,AUX,beta,-0.6875,0.125,0.125,0.3125,0.125,-0.3125,0.0625,0.0625,0.0625,0.375,-0.125,0.0625,-0.25,-0.1875,-0.125,0.0,0.0,0.375,0.5,0.0625,-0.0625,-0.125,0.4375,0.375,0.0625,0.125,0.6875,0.6875,0.75,0.0625,0.0625
260,AUX,beta,0.6875,-0.25,-0.1875,-0.3125,-0.25,-0.25,0.0625,0.0625,0.125,-0.625,-1.1875,-1.0625,-1.1875,-0.0625,0.0,-0.3125,-0.375,-0.0625,0.5,0.0,-0.1875,-0.375,0.375,0.375,0.1875,0.125,0.4375,0.5,0.4375,-0.0625,0.0
261,AUX,beta,-0.1875,0.0,0.0625,-0.25,-0.25,-0.4375,-0.0625,0.0,0.0,0.0,-0.5,-0.375,-0.6875,0.0625,0.1875,-0.1875,-0.125,0.25,0.375,-0.125,0.0,-0.3125,0.0625,0.0625,-0.25,-0.3125,0.1875,0.1875,0.1875,-0.3125,-0.125
262,AUX,beta,1.3125,-0.6875,-0.6875,-0.25,-0.0625,0.0625,-0.125,-0.125,-0.0625,-0.5,-1.0,-0.9375,-1.0625,-0.125,0.0,-0.375,-0.4375,0.0,0.5,-0.25,-0.3125,-0.3125,0.1875,0.3125,0.3125,0.375,0.5,0.5,0.5,0.0,-0.1875
263,AUX,beta,0.25,0.0,0.125,-0.0625,-0.0625,-0.3125,-0.125,-0.1875,-0.25,-0.1875,-0.625,-0.5,-0.6875,0.125,0.1875,-0.375,-0.375,0.0625,0.4375,-0.1875,-0.1875,-0.3125,0.5,0.5,0.0625,0.125,0.5,0.4375,0.4375,-0.0625,-0.0625
264,AUX,beta,-0.5,-0.1875,-0.0625,-0.3125,-0.375,-0.1875,0.0625,0.0625,0.125,0.3125,-0.625,-0.3125,-0.5,-0.125,-0.125,-0.0625,-0.0625,0.4375,0.4375,0.0625,-0.375,-0.3125,0.25,0.1875,0.0,0.0,0.5625,0.5,0.5,0.0625,0.0
265,AUX,beta,-0.9375,0.0625,0.0625,-0.5,-0.375,-0.125,0.3125,0.1875,0.25,0.0,-0.375,-0.375,-0.8125,-0.0625,-0.1875,0.0,0.0625,0.375,0.625,-0.25,-0.0625,0.0,0.25,0.3125,0.0,0.0625,0.25,0.3125,0.3125,0.0,0.3125
266,AUX,beta,0.0625,-0.125,0.0625,0.1875,0.125,-0.4375,-0.0625,-0.125,-0.0625,-0.125,-1.0625,-0.9375,-1.1875,-0.125,-0.0625,-0.1875,-0.125,0.25,0.25,0.0,-0.375,-0.1875,0.1875,0.1875,0.125,0.125,0.5625,0.625,0.625,0.0,0.1875
267,AUX,beta,-0.5625,-0.375,-0.4375,0.0,0.0,-0.375,0.1875,0.1875,0.1875,-0.125,-0.6875,-0.5,-0.8125,-0.125,-0.0625,0.0,0.0625,0.375,0.5625,-0.25,-0.1875,-0.1875,0.25,0.25,0.0625,0.125,0.75,0.6875,0.75,-0.0625,0.125
268,AUX,beta,-0.0625,-0.4375,-0.375,-0.4375,-0.5,-0.625,0.125,0.0625,0.0625,0.125,-0.5,-0.3125,-0.625,-0.625,-0.5625,-0.375,-0.3125,0.0625,0.375,-0.25,-0.625,-0.5,0.1875,0.25,0.125,0.1875,0.375,0.375,0.375,-0.125,-0.0625
269,AUX,beta,-0.8125,-0.3125,-0.3125,-0.0625,-0.0625,-0.4375,0.125,0.125,0.1875,-0.125,-0.625,-0.5,-0.8125,0.0,0.0625,-0.25,-0.1875,0.3125,0.625,0.0625,-0.0625,-0.1875,0.125,0.1875,0.0625,0.0625,0.5625,0.5625,0.6875,-0.0625,0.125
270,AUX,beta,-0.0625,0.25,0.25,0.3125,0.0,-0.3125,0.1875,0.125,0.125,-0.5,-1.1875,-1.0625,-1.4375,-0.5625,-0.4375,-0.4375,-0.3125,0.1875,0.3125,0.0,-0.3125,-0.3125,0.1875,0.1875,-0.0625,0.0625,0.125,0.25,0.1875,0.0,0.0625
271,AUX,beta,-0.0625,-0.25,-0.375,-0.4375,-0.3125,-0.3125,0.125,0.0625,0.0625,-0.25,-0.875,-0.75,-1.0625,-0.5,-0.3125,-0.3125,-0.3125,0.25,0.25,-0.0625,0.0625,-0.375,0.375,0.375,0.375,0.375,0.375,0.5,0.5625,-0.1875,0.0625
272,AUX,beta,0.1875,-0.1875,-0.375,-0.4375,-0.4375,-0.375,0.0625,0.0,0.0,-0.4375,-0.9375,-0.9375,-1.0625,-0.5625,-0.5,-0.3125,-0.3125,0.1875,0.4375,-0.0625,-0.1875,-0.3125,0.1875,0.25,0.125,0.1875,0.25,0.3125,0.3125,-0.25,0.1875
273,AUX,beta,1.0,-0.1875,-0.25,-0.3125,-0.375,-0.25,-0.0625,0.0,-0.0625,-0.375,-1.125,-1.0,-1.125,-0.75,-0.5,-0.375,-0.3125,0.0625,0.1875,-0.0625,-0.1875,-0.5625,0.0,-0.0625,0.125,0.125,0.375,0.375,0.375,-0.375,-0.1875
274,AUX,beta,0.9375,-0.5625,-0.5625,-0.625,-0.4375,0.0,0.0625,0.0625,0.125,-0.5,-1.0625,-1.0,-1.125,-0.625,-0.5,-0.4375,-0.4375,-0.125,0.25,-0.375,-0.375,-0.625,0.3125,0.3125,0.25,0.3125,0.1875,0.25,0.1875,-0.3125,0.125
275,AUX,beta,0.625,-0.0625,-0.125,-0.1875,-0.125,-0.25,0.0,0.0,0.0625,-0.5,-1.0625,-1.0625,-1.1875,-0.625,-0.5625,-0.125,-0.0625,0.25,0.25,-0.125,-0.1875,-0.25,0.1875,0.1875,0.0625,0.0625,0.25,0.3125,0.25,-0.3125,0.25
276,AUX,beta,0.3125,-0.1875,-0.1875,-0.4375,-0.125,0.125,0.125,0.1875,0.1875,-0.1875,-0.625,-0.6875,-0.6875,-0.1875,-0.125,0.0,0.0625,0.1875,0.6875,0.0,0.0,0.125,0.3125,0.25,0.25,0.25,0.5,0.5625,0.5625,-0.125,0.375
277,AUX,beta,0.25,0.25,0.3125,-0.3125,-0.125,-0.125,0.1875,0.125,0.1875,-0.0625,-0.625,-0.625,-0.8125,-0.375,-0.25,-0.1875,-0.1875,0.1875,0.5625,-0.125,0.0625,-0.25,0.1875,0.125,0.3125,0.375,0.3125,0.375,0.4375,-0.375,0.1875
278,AUX,beta,1.25,-0.4375,-0.4375,-0.5,-0.4375,0.0625,0.0,0.0,0.0,-0.6875,-1.125,-1.0625,-1.1875,-0.1875,-0.125,-0.375,-0.25,0.0,0.4375,-0.3125,-0.3125,-0.5,0.375,0.375,0.0625,0.0,0.25,0.25,0.3125,0.0,0.0625
279,AUX,beta,1.8125,-0.5625,-0.8125,-0.8125,-0.6875,0.0,0.0,-0.125,-0.0625,-0.6875,-1.125,-1.0625,-1.1875,-0.1875,0.0,-0.5,-0.375,-0.125,0.625,-0.3125,-0.6875,-0.375,0.25,0.25,0.0625,0.0625,0.5,0.6875,0.5625,0.125,-0.0625
280,AUX,beta,0.875,-0.375,-0.375,-0.625,-0.4375,0.0625,-0.125,-0.125,-0.125,-0.4375,-0.8125,-0.6875,-0.875,-0.25,-0.1875,-0.1875,-0.1875,0.0625,0.25,-0.375,-0.3125,-0.5625,0.3125,0.375,0.1875,0.1875,0.25,0.25,0.25,-0.3125,0.25
281,AUX,beta,1.1875,-0.1875,-0.3125,-1.0625,-0.75,0.0,0.125,0.125,0.1875,-0.4375,-1.0,-0.9375,-1.0625,0.0,0.0625,-0.4375,-0.375,0.0,0.6875,-0.25,-0.1875,-0.25,0.5,0.5,0.125,0.125,0.25,0.25,0.3125,-0.125,0.0625
282,AUX,beta,1.5,-0.1875,-0.375,-0.8125,-0.5625,-0.125,-0.125,-0.125,-0.125,-0.4375,-0.8125,-0.875,-0.9375,0.0625,0.0625,-0.1875,-0.25,0.0,0.625,-0.3125,-0.25,-0.4375,0.1875,0.1875,-0.0625,0.0625,0.1875,0.125,0.1875,-0.1875,0.125
283,AUX,beta,0.6875,-0.0625,0.0,-0.4375,-0.3125,0.0,-0.0625,0.0,0.0,-0.375,-0.625,-0.6875,-0.75,-0.0625,-0.0625,-0.0625,-0.0625,0.125,0.3125,-0.4375,-0.0625,-0.25,0.25,0.25,0.1875,0.1875,0.375,0.4375,0.375,-0.0625,0.0
284,AUX,beta,1.6875,-0.5625,-0.5625,-0.8125,-0.5,-0.1875,-0.0625,-0.0625,-0.0625,-0.6875,-1.0,-0.9375,-1.125,-0.1875,-0.1875,-0.3125,-0.25,-0.125,0.5625,-0.625,-0.5,-0.25,0.3125,0.3125,0.0625,0.125,0.125,0.0,0.1875,0.125,0.0
285,AUX,beta,1.8125,-0.1875,-0.3125,-0.8125,-0.625,-0.125,-0.1875,-0.125,-0.125,-0.3125,-0.75,-0.6875,-0.8125,0.0625,0.3125,-0.3125,-0.25,-0.125,0.625,-0.3125,-0.5,-0.3125,0.1875,0.3125,0.0625,0.125,0.375,0.375,0.3125,0.375,-0.1875
286,AUX,beta,0.25,0.1875,0.25,0.125,0.0625,-0.125,0.0625,0.0625,0.0625,-0.1875,-0.875,-0.8125,-1.0625,-0.0625,-0.0625,-0.1875,-0.25,0.1875,0.4375,0.3125,-0.0625,-0.3125,0.1875,0.125,0.125,0.125,0.5625,0.5,0.5625,-0.1875,-0.0625
287,AUX,beta,0.6875,-0.1875,-0.25,-0.375,-0.125,-0.125,0.125,0.0625,0.125,-0.375,-0.875,-0.875,-0.8125,-0.0625,0.0625,-0.125,-0.0625,0.125,0.4375,-0.375,0.0,-0.1875,0.0625,0.125,0.0625,0.0625,0.375,0.3125,0.375,-0.125,0.25
288,AUX,beta,0.8125,0.0,0.0,0.25,0.5,0.1875,0.125,0.125,0.1875,-0.375,-0.75,-0.75,-0.8125,-0.1875,-0.1875,-0.25,-0.25,-0.0625,0.5625,0.1875,-0.1875,-0.3125,0.0,0.125,0.25,0.25,0.625,0.5,0.5,-0.375,-0.0625
289,AUX,beta,0.5625,0.0625,0.25,0.5625,0.375,0.0,0.125,0.0625,0.0625,-0.5625,-1.25,-1.125,-1.3125,-0.375,-0.3125,-0.375,-0.375,-0.0625,0.3125,-0.1875,-0.1875,-0.25,0.375,0.375,0.0625,0.125,0.4375,0.5,0.5625,-0.125,0.0625
290,AUX,beta,0.5625,0.125,0.3125,-0.375,-0.25,0.1875,0.1875,0.125,0.1875,-0.3125,-0.75,-0.75,-0.8125,-0.1875,-0.0625,-0.25,-0.1875,0.0,0.5,-0.3125,0.0625,-0.125,0.3125,0.25,0.0,0.0,0.3125,0.25,0.375,-0.125,0.1875
291,AUX,beta,1.25,-0.125,-0.25,-0.5,-0.125,-0.3125,0.3125,0.25,0.25,-0.625,-1.0,-0.9375,-1.0,-0.0625,0.0,-0.4375,-0.4375,-0.125,0.4375,-0.125,-0.1875,-0.0625,0.25,0.3125,0.0,0.0625,0.4375,0.375,0.375,-0.0625,0.0625
292,AUX,beta,0.875,-0.25,-0.25,-0.375,-0.375,0.0,0.125,0.125,0.125,-0.375,-1.0,-0.9375,-1.0625,-0.25,-0.1875,-0.5625,-0.5,-0.125,0.125,-0.1875,-0.375,-0.0625,0.125,0.125,0.1875,0.1875,0.5,0.4375,0.5,-0.0625,-0.3125
293,AUX,beta,1.5625,-0.125,-0.125,-0.25,-0.125,-0.0625,0.0625,0.125,0.0625,-0.375,-0.875,-0.6875,-0.75,0.0625,0.125,-0.1875,-0.125,0.0625,0.5,-0.125,0.0625,0.0625,0.125,0.125,-0.0625,-0.0625,0.4375,0.4375,0.5,-0.0625,0.25
294,AUX,alpha,0.6875,0.875,0.8125,1.1875,0.8125,0.3125,-0.0625,-0.0625,-0.0625,0.0625,0.5625,0.375,0.625,0.0625,0.1875,0.0625,0.0625,-0.3125,-0.3125,0.5625,0.0625,0.25,-0.0625,-0.0625,0.1875,0.1875,-0.25,-0.1875,-0.25,0.125,-0.1875
295,AUX,beta,0.1875,-1.1875,-1.0,-1.125,-1.125,-0.75,-0.125,-0.125,-0.1875,-0.0625,-0.875,-0.5625,-0.75,-0.75,-0.75,-0.3125,-0.25,0.125,0.5625,-0.4375,-0.625,-0.5625,-0.125,0.0,0.1875,0.25,0.25,0.1875,0.125,-0.5,-0.6875
296,AUX,alpha,1.1875,0.0625,0.125,0.1875,0.1875,0.25,-0.1875,-0.1875,-0.3125,0.4375,0.6875,0.5625,1.125,0.0,0.0,0.125,0.0,-0.375,-0.5625,0.0625,0.1875,0.125,-0.375,-0.375,0.125,0.125,-0.3125,-0.3125,-0.3125,-0.25,-0.1875
297,AUX,beta,-0.0625,0.125,0.0625,0.125,-0.0625,-0.25,-0.125,-0.1875,-0.125,-0.5625,-1.0625,-0.9375,-1.25,-0.3125,-0.1875,-0.3125,-0.25,0.125,0.4375,0.125,-0.3125,-0.375,0.375,0.3125,-0.125,-0.125,0.25,0.375,0.3125,0.0,0.0
298,AUX,alpha,0.75,0.5625,0.625,0.9375,0.875,0.625,0.0,-0.0625,0.0,0.0,0.5625,0.3125,0.625,0.1875,0.3125,0.0625,0.0,-0.4375,-0.375,0.4375,0.0,0.125,-0.375,-0.375,0.0,0.0,-0.0625,0.0625,-0.125,0.0625,0.125
299,AUX,beta,-1.4375,-0.3125,-0.375,-0.6875,-0.375,-0.625,-0.0625,0.0625,0.0625,-0.375,-0.75,-0.75,-0.75,-0.0625,-0.25,0.0625,0.1875,0.5,0.5625,-0.5625,0.1875,0.0,0.25,0.1875,-0.125,-0.0625,-0.375,-0.5,-0.1875,-0.1875,0.3125
300,AUX,alpha,0.6875,0.875,1.0,1.0,0.625,0.625,-0.125,-0.125,-0.0625,0.0,0.5625,0.375,0.75,-0.0625,0.0625,0.3125,0.125,-0.1875,-0.5625,0.75,0.0,0.125,-0.3125,-0.375,0.1875,0.25,-0.375,-0.375,-0.4375,0.0,0.4375
301,AUX,beta,1.3125,-0.8125,-1.125,-0.9375,-0.9375,-0.125,-0.125,-0.125,-0.1875,-0.9375,-1.4375,-1.375,-1.4375,-0.625,-0.625,-0.875,-0.8125,-0.3125,0.0625,-0.375,-0.4375,-0.6875,0.375,0.375,0.0,0.0,0.375,0.4375,0.3125,0.0,-0.375
302,AUX,alpha,1.125,0.25,0.25,0.4375,0.375,0.6875,-0.1875,-0.1875,-0.1875,-0.0625,0.5,0.0625,0.5625,-0.0625,0.0,0.125,0.0,-0.375,-0.625,0.1875,0.0625,0.125,-0.5,-0.4375,-0.0625,-0.0625,-0.4375,-0.375,-0.4375,-0.125,0.0
303,AUX,beta,0.25,-0.25,-0.1875,-0.5625,-0.5,-0.125,-0.125,-0.125,-0.125,-0.1875,-0.75,-0.5625,-0.75,-0.375,-0.25,-0.25,-0.1875,0.1875,0.4375,-0.25,-0.25,-0.4375,0.4375,0.4375,-0.0625,0.0,0.1875,0.1875,0.25,-0.1875,0.0
304,AUX,alpha,1.3125,0.625,0.5625,1.125,0.75,0.1875,-0.125,-0.0625,-0.1875,-0.0625,0.4375,0.25,0.5625,0.3125,0.25,-0.0625,-0.25,-0.4375,-0.5,0.1875,0.0625,-0.0625,-0.3125,-0.25,0.0625,0.0,-0.75,-0.5625,-0.625,-0.0625,-0.3125
305,AUX,beta,-0.5625,-0.5625,-0.5625,-1.3125,-1.0,-0.8125,-0.125,-0.0625,-0.125,-0.0625,-0.4375,-0.375,-0.5,-0.375,-0.3125,-0.1875,-0.125,0.125,0.875,-0.5,-0.25,-0.1875,0.25,0.25,-0.125,-0.0625,0.1875,0.125,0.1875,-0.25,0.375
306,AUX,alpha,1.625,-0.4375,-0.4375,0.5,0.375,0.5625,0.0,0.0,0.0,-0.0625,0.6875,0.3125,0.875,-0.0625,0.0,0.3125,0.125,-0.125,-0.75,0.125,0.0,0.0625,-0.5,-0.375,0.125,0.0625,-0.25,-0.1875,-0.25,0.0,-0.0625
307,AUX,beta,-0.75,0.125,0.0625,-0.625,-0.5,-0.5,-0.125,-0.125,-0.0625,0.0,-0.75,-0.375,-0.6875,-0.25,-0.375,-0.375,-0.3125,0.25,0.5625,-0.125,0.25,-0.1875,0.4375,0.4375,-0.1875,-0.125,0.0,0.0,0.0625,-0.25,0.125
308,AUX,alpha,1.5,0.0625,0.3125,0.9375,0.625,0.25,0.0625,0.0625,0.0,-0.125,0.25,0.0,0.375,0.0,0.0,0.0,-0.1875,-0.5625,-0.625,0.25,-0.3125,0.125,-0.4375,-0.375,-0.125,-0.0625,-0.5625,-0.5625,-0.625,0.0,-0.3125
309,AUX,beta,1.1875,-0.375,-0.4375,-0.8125,-0.5625,-0.0625,0.9375,0.9375,0.75,-0.5,-0.875,-0.8125,-0.9375,0.1875,0.3125,-0.4375,-0.375,-0.375,0.9375,0.0625,-0.5,-0.1875,0.4375,0.375,0.0,0.0625,0.4375,0.4375,0.3125,0.5,0.25
310,AUX,alpha,0.8125,0.0625,0.25,0.875,0.625,0.3125,-0.0625,-0.125,-0.0625,-0.25,0.3125,0.25,0.3125,-0.125,-0.0625,0.0,-0.1875,-0.375,-0.8125,0.5,-0.3125,0.0625,-0.1875,-0.1875,0.0625,0.0,-0.125,-0.1875,-0.1875,0.125,0.125
311,AUX,beta,0.5625,-0.4375,-0.4375,-0.4375,-0.4375,0.0,0.0,-0.0625,-0.0625,-0.4375,-0.8125,-0.75,-0.9375,-0.5,-0.375,-0.625,-0.4375,-0.125,0.3125,-0.4375,-0.25,-0.4375,0.375,0.3125,-0.25,-0.1875,0.375,0.375,0.3125,0.0625,-0.375
312,AUX,alpha,0.1875,0.5625,0.6875,0.9375,0.8125,0.5,-0.0625,-0.0625,-0.0625,0.25,0.875,0.8125,1.125,0.0,-0.0625,0.25,0.1875,-0.1875,-0.625,0.1875,0.0,0.25,-0.4375,-0.4375,0.125,0.1875,-0.5,-0.5625,-0.5,-0.1875,0.375
313,AUX,beta,0.8125,-0.375,-0.4375,-0.5,-0.625,-0.5,-0.1875,-0.1875,-0.1875,-0.4375,-1.0625,-0.8125,-1.0625,-0.5,-0.4375,-0.625,-0.5625,-0.0625,0.0625,-0.25,-0.375,-0.4375,0.4375,0.375,-0.125,-0.0625,0.25,0.375,0.3125,0.1875,-0.25
314,AUX,alpha,1.6875,0.625,0.6875,1.375,0.9375,0.3125,-0.3125,-0.3125,-0.3125,-0.375,0.125,-0.125,0.25,-0.0625,0.0,-0.1875,-0.3125,-0.75,-0.1875,0.4375,-0.1875,-0.125,-0.25,-0.25,-0.0625,-0.0625,-0.0625,0.0,-0.0625,0.0625,-0.25
315,AUX,beta,-0.3125,-0.875,-0.875,-0.375,-0.5625,-0.75,-0.0625,-0.125,-0.125,0.1875,-0.375,0.0,-0.5,-0.5,-0.375,-0.0625,0.0625,0.375,0.4375,-0.25,-0.5625,-0.625,0.3125,0.375,0.25,0.25,0.4375,0.4375,0.4375,-0.25,-0.125
316,AUX,alpha,0.875,0.125,0.25,0.75,0.4375,0.5625,0.1875,0.1875,0.0625,0.125,0.5625,0.5,0.8125,-0.125,-0.0625,0.0,-0.1875,-0.5625,-0.5,0.3125,-0.125,0.0,-0.5,-0.5,0.0625,0.0625,-0.25,-0.25,-0.25,0.1875,-0.25
317,AUX,beta,2.125,-0.5625,-0.8125,-1.0625,-1.125,-0.5,-0.375,-0.3125,-0.25,-0.5,-1.0625,-1.0,-1.125,-0.5,-0.25,-0.5625,-0.5625,-0.25,0.75,-0.5,-1.0,-0.75,0.25,0.25,0.125,0.0625,0.1875,0.1875,0.25,0.0625,0.125
318,AUX,alpha,1.125,0.3125,0.3125,0.8125,0.75,0.0625,-0.1875,-0.1875,-0.125,0.0,0.3125,0.1875,0.5,-0.125,-0.125,0.0,-0.1875,-0.3125,-0.375,0.5,0.0,0.0,-0.25,-0.25,0.0625,0.0625,-0.1875,-0.25,-0.25,0.125,-0.1875
319,AUX,beta,1.375,-0.1875,-0.0625,-0.3125,-0.3125,0.1875,0.0,0.0,0.0,-0.25,-0.875,-0.75,-0.8125,-0.3125,-0.1875,-0.4375,-0.4375,-0.1875,0.25,0.0,-0.1875,-0.375,-0.0625,0.0,-0.0625,-0.0625,0.25,0.3125,0.1875,0.0,-0.125
320,AUX,alpha,1.0,0.5,0.625,0.6875,0.4375,0.5625,-0.0625,-0.0625,-0.1875,-0.375,0.0625,-0.1875,0.375,0.0625,0.125,0.125,0.0625,-0.4375,-0.625,0.0625,0.0625,0.0,-0.4375,-0.375,0.0,-0.0625,-0.1875,-0.0625,-0.1875,-0.0625,-0.0625
321,AUX,beta,-0.1875,-0.4375,-0.4375,-0.5,-0.375,-0.3125,0.1875,0.1875,0.125,0.125,-0.4375,-0.3125,-0.75,-0.1875,-0.25,-0.1875,-0.125,0.375,0.5625,-0.1875,-0.25,-0.25,0.0625,0.0625,0.0,0.0625,0.3125,0.4375,0.3125,-0.125,0.125
322,AUX,alpha,2.0,0.5,0.625,1.125,0.9375,0.125,0.0,0.0,0.0,-0.9375,-0.5,-0.5625,-0.1875,-0.25,-0.1875,-0.25,-0.4375,-0.625,0.1875,0.5,0.0,0.0625,-0.1875,-0.125,0.0625,0.0625,-0.3125,-0.1875,-0.375,0.625,0.0625
323,AUX,alpha,2.6875,0.1875,0.375,1.25,1.0,0.6875,0.1875,0.125,0.125,-0.9375,-0.3125,-0.5,-0.5,-0.3125,0.0625,-0.3125,-0.5,-0.875,0.25,0.6875,-0.625,-0.25,-0.3125,-0.3125,-0.125,-0.1875,0.125,0.1875,0.125,0.0625,-0.3125
324,AUX,alpha,1.9375,-0.25,0.125,1.0,0.8125,0.3125,-0.0625,-0.0625,-0.0625,-0.6875,-0.4375,-0.375,-0.0625,-0.25,0.0625,-0.3125,-0.375,-0.6875,-0.25,0.4375,-0.4375,-0.0625,-0.3125,-0.25,0.0,0.0,-0.0625,-0.125,0.0,0.125,0.3125
325,AUX,alpha,1.6875,0.5625,0.625,1.1875,0.75,0.125,-0.125,-0.125,-0.125,-0.125,0.25,0.1875,0.4375,-0.0625,0.125,0.1875,0.125,-0.3125,-0.375,0.1875,0.0,-0.125,-0.25,-0.1875,-0.125,-0.125,-0.1875,-0.1875,-0.125,0.1875,0.125
326,AUX,alpha,1.5625,0.6875,0.75,1.1875,1.125,0.4375,0.0,-0.0625,-0.0625,-0.1875,0.125,0.0625,0.25,-0.0625,0.0625,-0.0625,-0.25,-0.5625,-0.25,0.5625,0.25,0.0,-0.25,-0.25,0.0,0.0,-0.1875,-0.125,-0.25,0.125,0.0
327,AUX,alpha,2.125,0.4375,0.5,1.1875,0.875,0.0625,-0.0625,-0.0625,-0.0625,-0.5625,-0.1875,-0.3125,0.125,-0.3125,-0.0625,-0.0625,-0.25,-0.5625,-0.125,0.3125,-0.3125,-0.125,-0.1875,-0.25,-0.125,-0.0625,-0.1875,-0.1875,-0.3125,0.125,0.0
328,AUX,beta,-0.9375,-0.3125,-0.5625,-0.625,-0.375,-0.3125,0.1875,0.25,0.3125,0.0,-0.4375,-0.375,-0.6875,-0.0625,-0.1875,0.125,0.25,0.5,0.375,-0.8125,-0.0625,0.0,0.1875,0.1875,0.125,0.125,0.4375,0.375,0.5,0.0625,0.125
329,AUX,beta,0.875,-0.375,-0.625,-0.75,-0.625,-0.375,0.0625,0.1875,0.25,-0.5,-0.6875,-0.625,-0.8125,-0.0625,0.0625,-0.125,-0.0625,0.125,0.5,-0.3125,-0.3125,-0.25,0.125,0.125,0.0625,0.1875,0.3125,0.25,0.4375,0.0,0.125
330,AUX,beta,-0.5,0.375,0.5,0.125,0.1875,-0.3125,0.0625,0.125,0.0625,-0.3125,-0.75,-0.75,-1.0,0.0,0.0625,-0.125,-0.125,0.1875,0.5,0.1875,0.0625,-0.0625,0.3125,0.25,0.0,0.0,0.5,0.5,0.5,-0.1875,0.0
331,AUX,beta,-0.25,0.3125,0.3125,-0.125,-0.125,-0.3125,0.25,0.25,0.3125,-0.25,-0.8125,-0.75,-1.0,0.0,0.0,-0.25,-0.1875,0.0625,0.4375,0.0,0.0625,-0.125,0.4375,0.4375,0.0625,0.0,0.6875,0.625,0.6875,0.125,0.3125
332,AUX,beta,-0.125,-0.4375,-0.4375,-0.375,-0.25,-0.0625,0.0625,0.0,0.0,-0.125,-0.5625,-0.5,-0.625,-0.125,-0.1875,-0.0625,0.0,0.3125,0.1875,-0.375,0.0,0.0,0.1875,0.125,-0.0625,0.0625,0.375,0.3125,0.3125,-0.25,0.125
333,AUX,beta,-0.1875,0.0,0.0625,-0.4375,-0.25,-0.4375,0.125,0.125,0.1875,-0.1875,-1.0,-0.8125,-1.0625,-0.3125,-0.25,-0.0625,-0.0625,0.1875,0.25,0.125,-0.375,-0.1875,0.125,0.125,0.1875,0.3125,0.5,0.4375,0.5625,-0.125,-0.1875
334,AUX,alpha,1.8125,0.3125,0.3125,1.125,0.9375,0.5625,-0.0625,-0.0625,-0.0625,-0.3125,0.0625,-0.125,0.1875,0.0,0.125,0.1875,-0.0625,-0.4375,-0.375,0.3125,-0.25,0.125,-0.25,-0.25,0.0625,0.0,-0.4375,-0.375,-0.4375,-0.0625,-0.1875
335,AUX,alpha,2.125,0.125,0.0625,0.75,0.375,0.5625,0.1875,0.0,0.0,-0.6875,-0.375,-0.5,-0.0625,-0.3125,-0.1875,-0.125,-0.375,-0.5,-0.125,0.25,-0.5625,-0.0625,-0.1875,-0.1875,0.0,-0.0625,-0.25,-0.0625,-0.1875,0.375,0.1875
336,AUX,alpha,1.4375,0.3125,0.3125,1.125,0.875,0.3125,-0.125,-0.1875,-0.1875,-0.1875,0.3125,0.125,0.375,-0.125,0.0,0.0625,-0.1875,-0.4375,-0.375,0.125,-0.125,-0.0625,-0.125,-0.125,0.0625,0.0625,-0.375,-0.375,-0.4375,-0.125,-0.1875
337,AUX,alpha,1.8125,0.4375,0.5,1.125,1.0625,0.125,0.0625,0.0,0.0,-0.3125,0.4375,0.1875,0.8125,0.0625,0.0625,0.0,-0.125,-0.6875,-0.375,0.1875,-0.125,0.0625,-0.1875,-0.1875,0.0625,0.0,-0.375,-0.375,-0.4375,0.0,-0.3125
338,AUX,alpha,2.25,0.125,0.0625,0.9375,0.5625,0.375,-0.1875,-0.1875,-0.25,-0.1875,0.0625,0.0,0.3125,-0.3125,-0.125,-0.125,-0.1875,-0.625,-0.3125,0.0625,-0.375,-0.1875,-0.125,-0.125,0.0625,0.0,-0.4375,-0.375,-0.375,0.0,-0.3125
339,AUX,alpha,1.8125,0.0,0.0,1.25,1.0,0.4375,-0.125,-0.125,-0.0625,-0.75,-0.3125,-0.5,0.125,-0.3125,-0.0625,-0.125,-0.375,-0.6875,0.0,0.1875,-0.5,-0.125,-0.125,-0.125,0.0625,0.125,-0.6875,-0.625,-0.8125,0.3125,-0.3125
340,AUX,alpha,1.25,-0.125,-0.25,0.4375,0.1875,0.0625,-0.3125,-0.3125,-0.375,0.5625,0.8125,0.75,1.0625,-0.0625,0.125,-0.0625,-0.125,-0.5625,-0.3125,0.25,-0.0625,-0.0625,-0.1875,-0.1875,0.125,0.0625,-0.1875,-0.125,-0.1875,-0.0625,-0.4375
341,AUX,alpha,2.125,0.375,0.3125,1.4375,1.1875,0.5,-0.125,-0.1875,-0.0625,-0.5625,-0.3125,-0.3125,-0.1875,-0.5,-0.25,-0.0625,-0.375,-0.5,-0.6875,0.3125,-0.4375,-0.125,-0.3125,-0.3125,0.0625,0.0,-0.3125,-0.25,-0.375,0.0625,-0.25
342,AUX,alpha,2.375,0.25,0.1875,1.25,1.0625,0.8125,0.25,0.25,0.1875,-0.3125,0.1875,0.1875,0.1875,0.0625,0.125,-0.1875,-0.4375,-0.6875,0.0,0.125,-0.625,-0.125,-0.3125,-0.3125,0.0625,0.0625,-0.125,-0.0625,-0.125,0.375,-0.5625
343,AUX,alpha,1.3125,0.6875,0.6875,1.375,1.1875,0.625,0.625,0.5625,0.625,-0.0625,0.375,0.1875,0.4375,0.0,0.0625,0.125,-0.0625,-0.3125,-0.4375,0.0625,-0.3125,0.1875,-0.3125,-0.25,-0.0625,-0.0625,-0.5625,-0.4375,-0.625,0.0625,-0.3125
344,AUX,alpha,1.375,0.0,0.0,0.75,0.625,0.375,0.0625,0.0,-0.125,-0.1875,0.5625,0.3125,0.5,0.3125,0.4375,0.4375,0.1875,-0.25,-0.5,0.0625,-0.3125,0.1875,-0.1875,-0.1875,-0.0625,0.0,-0.375,-0.3125,-0.5,0.1875,-0.25
345,AUX,alpha,0.8125,0.375,0.4375,0.8125,0.75,0.1875,0.1875,0.125,0.1875,-0.1875,0.25,0.0625,0.375,-0.0625,0.0625,0.1875,0.0,-0.5625,-0.375,0.1875,-0.125,0.125,-0.25,-0.25,-0.0625,-0.0625,-0.5625,-0.5,-0.5,-0.125,-0.0625
346,AUX,alpha,1.8125,0.3125,0.375,1.9375,1.4375,1.5,0.875,0.8125,0.875,0.0625,0.4375,0.3125,0.25,-0.0625,0.125,-0.3125,-0.5625,-0.625,-0.25,0.125,-0.3125,0.0625,-0.3125,-0.375,0.1875,0.125,0.4375,0.4375,0.375,0.1875,0.0
347,AUX,alpha,2.1875,0.0,0.0625,0.875,0.5625,0.4375,0.0625,0.0,-0.0625,0.0625,0.5,0.375,0.4375,-0.125,-0.0625,0.125,-0.0625,-0.5,-0.4375,0.3125,-0.3125,-0.125,-0.1875,-0.125,0.1875,0.125,0.0625,0.1875,-0.0625,0.3125,-0.625
348,AUX,alpha,1.0625,0.3125,0.4375,1.4375,1.4375,0.6875,0.3125,0.25,0.3125,0.1875,0.5,0.3125,0.5625,0.125,0.1875,0.0,-0.1875,-0.5,0.0625,0.0,-0.25,0.0625,-0.25,-0.25,0.0,0.0,-0.3125,-0.3125,-0.4375,0.0625,-0.4375
349,AUX,alpha,1.4375,0.0625,0.1875,1.1875,0.875,0.5625,0.3125,0.1875,0.3125,-0.0625,0.0625,0.125,0.125,-0.125,0.0625,0.0,-0.1875,-0.5,-0.5625,0.3125,-0.4375,-0.0625,-0.5625,-0.5625,0.125,0.125,-0.5,-0.5625,-0.625,0.1875,-0.75
350,AUX,alpha,1.375,0.25,0.4375,1.0,0.6875,0.8125,0.1875,0.125,0.125,0.25,0.9375,0.8125,0.875,0.0,0.125,0.125,-0.0625,-0.5625,-0.75,0.0,-0.3125,0.0,-0.3125,-0.3125,0.0625,0.0625,0.0625,0.0,0.0,0.25,-0.25
351,AUX,alpha,1.9375,0.0625,0.3125,1.0,0.625,0.75,0.0625,-0.1875,-0.125,0.1875,0.75,0.5625,0.75,-0.0625,0.0,0.25,0.125,-0.625,-0.5625,0.1875,-0.3125,-0.125,-0.25,-0.375,0.0625,0.125,0.0,0.0625,-0.125,0.1875,-0.5
352,AUX,alpha,1.625,0.125,0.125,0.875,0.5625,0.8125,0.25,0.0625,0.1875,0.0,0.5625,0.5,0.5625,-0.125,0.0,0.1875,0.0,-0.375,-0.6875,0.1875,-0.4375,-0.125,-0.375,-0.3125,0.1875,0.1875,0.25,0.25,0.125,0.3125,-0.5625
353,AUX,alpha,2.25,-0.0625,-0.1875,1.0,0.4375,0.3125,0.3125,0.3125,0.375,-0.125,0.25,0.25,0.25,-0.25,-0.125,-0.3125,-0.5,-0.75,-0.75,0.125,-0.3125,-0.0625,-0.4375,-0.4375,0.375,0.375,0.25,0.375,0.1875,0.6875,-0.5625
354,AUX,alpha,2.0625,0.125,0.1875,0.8125,0.625,0.1875,0.125,0.0625,0.0625,0.0,0.375,0.25,0.5625,-0.1875,-0.125,0.0625,-0.0625,-0.5,-0.3125,-0.0625,0.0,0.0,-0.5,-0.5,-0.1875,-0.125,0.125,0.25,0.0,-0.125,0.0
355,AUX,alpha,1.8125,0.5,0.5,1.1875,1.0,0.875,0.3125,0.25,0.1875,-0.375,0.1875,0.0625,0.3125,0.1875,0.25,0.1875,0.0625,-0.625,-0.1875,0.4375,-0.125,-0.1875,-0.5,-0.4375,0.125,0.0625,-0.1875,-0.125,-0.3125,-0.0625,0.0625
356,AUX,alpha,1.3125,-0.1875,-0.125,0.6875,0.5,0.4375,-0.3125,-0.375,-0.375,0.0625,0.375,0.0625,0.5625,0.0,0.0,0.0625,-0.125,-0.25,-0.1875,0.0625,-0.1875,-0.3125,-0.375,-0.3125,-0.125,-0.125,-0.25,-0.25,-0.1875,0.0,-0.4375
357,AUX,alpha,1.4375,0.0,0.125,0.5625,0.5,0.625,-0.0625,-0.125,-0.125,-0.0625,0.1875,0.0625,0.5,0.0625,0.0,0.0625,0.0625,-0.3125,-0.375,0.375,-0.125,-0.25,-0.25,-0.25,0.1875,0.1875,0.0625,0.125,0.0625,0.25,-0.5
358,AUX,alpha,1.125,0.0,0.0625,0.625,0.4375,0.5,-0.3125,-0.3125,-0.375,0.3125,0.5,0.25,0.9375,-0.0625,0.0,0.125,0.0625,-0.25,-0.5,0.3125,0.0,-0.125,-0.4375,-0.4375,0.0625,0.0625,-0.1875,-0.1875,-0.1875,0.0625,-0.25
359,AUX,alpha,1.1875,0.0,0.125,0.4375,0.3125,0.3125,-0.375,-0.375,-0.375,0.125,0.5,0.3125,0.8125,0.0625,0.125,0.125,0.125,-0.5,-0.4375,0.3125,0.0625,-0.0625,-0.3125,-0.3125,0.0,0.0,-0.3125,-0.25,-0.25,0.0625,-0.25
360,AUX,alpha,1.0625,0.0,0.0625,0.4375,0.375,0.375,-0.1875,-0.25,-0.3125,0.1875,0.375,0.0625,0.8125,0.0625,0.125,0.1875,0.25,-0.0625,-0.25,0.125,0.0625,-0.0625,-0.25,-0.3125,0.0,0.0625,-0.3125,-0.375,-0.3125,0.0625,-0.3125
361,AUX,alpha,1.3125,-0.0625,-0.125,0.5625,0.4375,0.6875,-0.1875,-0.1875,-0.25,0.0625,0.25,0.0625,0.4375,0.0625,0.0,0.0625,0.125,-0.25,-0.25,0.1875,-0.125,-0.3125,-0.375,-0.375,0.0625,0.0625,-0.1875,-0.125,-0.1875,0.125,-0.375
362,AUX,beta,0.0,-0.375,-0.4375,-0.6875,-0.5,-0.625,-0.1875,-0.1875,-0.1875,-0.3125,-0.5625,-0.5,-0.8125,-0.25,-0.25,-0.4375,-0.3125,0.0,0.4375,-0.4375,-0.25,-0.25,0.25,0.1875,-0.1875,-0.1875,0.125,0.125,0.1875,-0.5,0.125
363,AUX,beta,-0.1875,0.0,-0.0625,-0.875,-0.625,-0.5625,-0.0625,-0.0625,-0.0625,-0.1875,-0.5625,-0.375,-0.6875,0.0,-0.0625,-0.25,-0.1875,0.125,0.3125,-0.25,0.0625,-0.0625,0.375,0.4375,0.0625,0.0625,0.1875,0.1875,0.3125,-0.3125,0.25
364,AUX,beta,-0.6875,0.0,0.0,-0.5625,-0.4375,-0.4375,0.3125,0.375,0.3125,-0.1875,-0.4375,-0.375,-0.5625,-0.1875,-0.25,-0.4375,-0.25,0.125,0.3125,-0.375,0.0,0.0,0.375,0.375,0.1875,0.125,0.3125,0.25,0.3125,-0.25,0.25
365,AUX,beta,-0.6875,-0.1875,-0.25,-0.8125,-0.5625,-0.875,-0.0625,0.0625,-0.0625,-0.25,-0.375,-0.4375,-0.5625,-0.375,-0.375,-0.4375,-0.1875,0.0625,0.1875,-0.5,-0.125,-0.0625,0.4375,0.375,-0.125,-0.1875,0.25,0.25,0.375,-0.5,0.375
366,AUX,beta,-0.375,-0.375,-0.4375,-0.5625,-0.375,-0.5625,0.0625,0.0,0.0,-0.25,-0.5625,-0.5625,-0.75,-0.0625,-0.0625,-0.375,-0.1875,0.125,0.4375,-0.375,0.0625,0.0,0.4375,0.5,0.125,0.125,0.125,0.125,0.25,-0.25,0.5
367,AUX,beta,-0.875,0.0,-0.1875,-0.625,-0.3125,-0.4375,0.375,0.375,0.3125,-0.1875,-0.625,-0.5,-0.8125,0.0,0.125,-0.3125,-0.25,0.375,0.625,-0.3125,0.375,0.0625,0.375,0.3125,-0.0625,-0.0625,0.125,0.125,0.1875,-0.25,0.3125
368,AUX,beta,-0.625,-0.375,-0.375,-0.9375,-0.5625,-0.6875,-0.1875,-0.1875,-0.25,-0.3125,-0.75,-0.625,-0.75,-0.125,-0.1875,-0.25,-0.125,0.125,0.3125,-0.3125,0.125,-0.125,0.1875,0.1875,-0.0625,-0.0625,0.0,-0.0625,0.125,-0.375,0.3125
369,AUX,beta,-1.125,0.125,-0.0625,-0.1875,-0.1875,-0.25,0.0625,0.125,0.1875,0.1875,-0.3125,-0.375,-0.5625,-0.1875,-0.25,-0.25,-0.1875,0.25,0.625,-0.125,-0.0625,-0.0625,0.375,0.375,-0.0625,0.0,0.25,0.3125,0.375,-0.1875,0.6875
370,AUX,beta,-0.625,0.0,-0.0625,-0.75,-0.5625,-0.125,0.125,0.125,0.1875,-0.375,-0.5625,-0.625,-0.9375,-0.1875,-0.125,-0.25,-0.125,0.125,0.5625,-0.125,0.1875,-0.25,0.3125,0.375,-0.125,-0.125,-0.125,-0.0625,0.0,-0.4375,0.5625
371,AUX,beta,-0.1875,-0.1875,-0.0625,-0.6875,-0.5625,-0.1875,0.0,0.0625,0.125,-0.6875,-1.25,-1.1875,-1.375,-0.8125,-0.625,-0.625,-0.5,-0.0625,0.8125,-0.3125,-0.3125,-0.5625,0.1875,0.1875,-0.125,-0.0625,0.0625,0.0,0.125,-0.25,0.1875
372,AUX,beta,-0.5625,-0.1875,-0.0625,-0.5625,-0.5,-0.3125,0.0625,0.0625,0.125,-0.5,-1.1875,-1.0625,-1.25,-0.25,-0.3125,-0.25,-0.125,0.4375,0.375,-0.375,-0.1875,-0.1875,0.25,0.25,-0.0625,-0.0625,0.0625,0.0625,0.1875,-0.25,0.25
373,AUX,beta,-0.625,-0.0625,-0.25,-1.0,-1.125,-0.3125,-0.3125,-0.25,-0.3125,0.125,0.0,0.0,-0.1875,0.0625,0.125,-0.0625,0.0,0.0625,0.125,-0.375,0.0,-0.125,0.5,0.5,-0.0625,0.0,0.0,-0.0625,0.25,-0.3125,0.25
374,AUX,beta,-0.5,0.0,0.0,-0.5,-0.3125,0.0,-0.1875,-0.25,-0.125,-0.4375,-0.9375,-0.8125,-1.0625,-0.25,-0.125,-0.1875,0.0,0.3125,0.5625,-0.3125,-0.1875,-0.3125,0.3125,0.25,-0.1875,-0.125,-0.1875,-0.1875,-0.0625,-0.375,0.125
375,AUX,beta,-1.1875,0.1875,0.25,-0.5,-0.1875,-0.0625,0.1875,0.1875,0.3125,-0.3125,-0.75,-0.8125,-1.0,-0.125,-0.125,-0.0625,0.0625,0.4375,0.375,-0.125,0.0,-0.125,0.5,0.5,0.0625,0.125,0.25,0.1875,0.375,-0.1875,0.4375
376,AUX,beta,-1.5,0.4375,0.625,-0.0625,0.1875,0.25,0.125,0.1875,0.1875,-0.4375,-0.6875,-0.625,-0.875,0.0625,0.125,0.0,0.125,0.5625,0.4375,-0.25,0.125,0.1875,0.5625,0.5,0.125,0.1875,0.125,0.0625,0.1875,-0.25,0.5
377,AUX,beta,-0.8125,0.125,0.25,-0.5625,-0.375,0.0625,0.0625,0.0,0.125,-0.1875,-0.4375,-0.375,-0.625,-0.0625,0.0,-0.1875,0.0,0.1875,0.4375,-0.125,0.125,-0.125,0.4375,0.375,0.0,0.0,0.0625,0.0625,0.1875,-0.3125,0.25
378,AUX,beta,-0.5,-0.375,-0.375,-0.5625,-0.5625,-0.25,-0.125,-0.125,-0.0625,0.125,-0.4375,-0.375,-0.625,-0.3125,-0.4375,-0.25,-0.125,0.3125,0.5,0.0,0.0,-0.3125,0.5,0.5,-0.0625,-0.125,0.125,0.125,0.125,0.0625,0.25
379,AUX,beta,-1.0,-0.4375,-0.5625,-0.75,-0.625,-0.625,-0.0625,0.0,0.0625,0.0625,-0.375,-0.25,-0.5625,-0.1875,-0.25,-0.25,-0.0625,0.4375,0.375,-0.125,0.0,-0.1875,0.4375,0.4375,0.125,0.125,0.0,0.0,0.125,-0.0625,0.0625
380,AUX,beta,-0.875,-0.25,-0.1875,-0.75,-0.625,-0.75,0.0625,0.125,0.125,-0.4375,-1.0625,-0.9375,-0.9375,-0.3125,-0.3125,-0.4375,-0.3125,0.1875,0.375,-0.0625,0.125,0.0,0.4375,0.375,0.0625,0.0,0.1875,0.125,0.3125,-0.125,0.1875
381,AUX,beta,-0.75,-0.3125,-0.375,-1.0,-0.75,-0.5,-0.3125,-0.25,-0.1875,-0.1875,-1.0,-0.8125,-0.8125,-0.25,-0.25,-0.3125,0.0,0.3125,0.4375,-0.4375,0.25,-0.3125,0.4375,0.375,-0.1875,-0.0625,0.125,0.0625,0.1875,-0.25,0.125
382,AUX,beta,0.25,-0.1875,-0.3125,-0.875,-0.75,-0.75,-0.25,-0.1875,-0.0625,-0.6875,-1.0,-0.875,-1.0625,-0.625,-0.4375,-0.375,-0.1875,0.0,0.5,0.0,-0.1875,-0.3125,0.3125,0.375,-0.0625,0.0,0.5,0.5,0.4375,0.0,-0.3125
383,AUX,beta,-0.375,-0.4375,-0.5,-0.8125,-0.75,-0.6875,-0.4375,-0.375,-0.375,-0.0625,-0.75,-0.625,-0.75,-0.75,-0.5625,-0.4375,-0.125,0.25,0.6875,-0.5625,0.0,-0.4375,0.3125,0.3125,-0.25,-0.25,0.25,0.1875,0.25,-0.125,0.125
384,AUX,beta,-1.4375,0.3125,0.4375,-0.625,-0.375,0.0,0.3125,0.375,0.375,-0.5,-0.9375,-0.75,-1.125,-0.0625,-0.125,-0.125,0.0,0.5,0.4375,0.0625,0.125,0.1875,0.3125,0.375,-0.125,0.0,0.25,0.1875,0.3125,-0.375,0.375
385,AUX,beta,-1.9375,0.3125,0.4375,-0.6875,-0.5,-0.4375,0.1875,0.1875,0.25,-0.125,-0.3125,-0.1875,-0.5625,-0.0625,-0.125,0.0,0.0625,0.375,0.4375,-0.125,0.1875,0.0625,0.25,0.3125,0.0625,0.0,0.3125,0.3125,0.3125,-0.25,0.5
386,AUX,beta,-1.5625,0.25,0.1875,-0.625,-0.4375,-0.0625,0.0625,0.0625,0.125,-0.5625,-0.625,-0.6875,-0.875,0.0,0.0,-0.1875,-0.0625,0.0625,0.375,0.0625,0.25,0.1875,0.5,0.4375,-0.0625,-0.0625,0.375,0.3125,0.375,-0.1875,0.375
387,AUX,beta,-1.6875,0.1875,0.375,-0.8125,-0.3125,-0.0625,0.125,0.25,0.1875,-0.375,-0.75,-0.625,-0.75,0.0625,0.1875,0.0625,0.125,0.4375,0.3125,-0.0625,0.1875,0.0625,0.375,0.4375,-0.0625,0.0,0.5,0.4375,0.5625,0.0,0.5
388,AUX,beta,-0.9375,-0.4375,-0.375,-0.5,-0.1875,-0.125,0.3125,0.25,0.25,-0.75,-0.9375,-0.75,-1.25,-0.125,-0.25,0.0,0.0,0.4375,0.375,-0.5,-0.375,0.0625,0.25,0.25,0.0,0.0,0.1875,0.25,0.25,-0.125,0.375
389,AUX,beta,-1.1875,0.0625,0.125,-1.1875,-0.875,-0.375,-0.0625,0.0,0.0,-0.125,-0.5625,-0.3125,-0.6875,0.0,-0.0625,-0.125,0.0,0.3125,0.5,-0.1875,0.25,-0.0625,0.1875,0.1875,-0.0625,-0.125,0.1875,0.375,0.375,-0.3125,0.4375
390,AUX,alpha,0.8125,0.3125,0.5,0.8125,0.6875,0.3125,-0.125,-0.1875,-0.1875,-0.0625,0.625,0.4375,0.75,0.125,0.1875,-0.0625,-0.125,-0.375,-0.3125,0.5,0.1875,0.125,-0.1875,-0.1875,0.0,0.0,0.0,-0.0625,0.0,0.0,-0.0625
391,AUX,alpha,1.375,0.5625,0.75,0.9375,0.6875,0.1875,-0.1875,-0.25,-0.125,-0.125,0.3125,0.1875,0.5,0.25,0.3125,-0.125,-0.3125,-0.625,-0.3125,0.625,-0.0625,0.0,-0.125,-0.125,0.0625,0.0,0.0625,0.125,0.0625,0.1875,0.0625
392,AUX,alpha,0.8125,0.3125,0.375,0.25,0.3125,0.125,-0.0625,-0.0625,-0.0625,0.375,0.8125,0.7813000000000001,1.125,0.125,0.125,0.125,0.0625,-0.375,-0.5,0.1875,0.1875,0.25,-0.25,-0.3125,0.125,0.125,-0.125,-0.125,-0.125,0.0625,-0.25
393,AUX,alpha,1.5,0.4375,0.5625,1.125,0.8125,0.3125,0.0,-0.0625,0.0,0.0,0.375,0.125,0.5625,-0.0625,0.125,0.0,-0.0625,-0.4375,-0.5,0.1875,-0.25,0.0,-0.125,-0.25,0.0,0.0625,-0.125,-0.125,-0.1875,0.0625,0.0625
394,AUX,alpha,1.1875,0.3125,0.25,0.5,0.5,-0.125,-0.125,-0.1875,-0.1875,0.125,0.5625,0.5,0.8125,0.0,0.0625,0.0,-0.125,-0.375,-0.4375,0.5,0.375,0.0625,-0.1875,-0.125,0.125,0.125,-0.1875,-0.125,-0.125,0.125,0.0625
395,AUX,alpha,1.0625,0.625,0.8125,0.8125,0.625,0.125,-0.25,-0.25,-0.1875,0.3125,0.6875,0.625,0.8125,0.0625,0.125,-0.1875,-0.1875,-0.4375,-0.25,0.75,-0.0625,0.0625,-0.3125,-0.3125,-0.0625,0.0,0.0625,0.0625,0.0,0.125,0.125
396,AUX,alpha,1.4375,0.25,0.25,0.375,0.375,0.4375,-0.1875,-0.1875,-0.25,-0.3125,0.1875,0.0,0.4375,0.25,0.3125,-0.25,-0.375,-0.5625,-0.3125,0.375,-0.0625,0.0625,-0.1875,-0.1875,-0.125,-0.0625,0.0,0.0625,-0.0625,0.125,0.125
397,AUX,alpha,0.625,0.3125,0.5,0.8125,0.625,0.25,-0.375,-0.375,-0.3125,0.0625,0.375,0.375,0.5,-0.1875,-0.125,-0.125,-0.25,-0.3125,-0.5,0.5,-0.0625,-0.1875,-0.375,-0.375,-0.125,-0.0625,-0.3125,-0.3125,-0.3125,0.125,-0.0625
398,AUX,beta,1.1875,-0.4375,-0.4375,-0.0625,0.0,0.0,0.0625,0.0,0.0625,-0.4375,-0.625,-0.625,-0.75,-0.1875,-0.0625,-0.1875,-0.1875,-0.0625,0.1875,-0.3125,-0.1875,-0.1875,0.1875,0.1875,0.125,0.125,0.375,0.3125,0.375,-0.0625,0.1875
399,AUX,beta,0.8125,-0.3125,-0.375,0.0,0.0625,0.0,0.25,0.25,0.25,-0.375,-0.875,-0.875,-0.9375,-0.0625,0.0625,-0.1875,-0.125,0.1875,0.4375,-0.25,-0.125,-0.125,0.1875,0.1875,0.125,0.125,0.5,0.4375,0.5,0.0,0.375
400,AUX,beta,1.5625,-0.375,-0.4375,-0.1875,-0.0625,0.0,0.0625,0.0625,0.0625,-0.4375,-0.6875,-0.5625,-0.8125,-0.1875,-0.0625,-0.125,-0.1875,-0.0625,0.3125,-0.5,-0.4375,-0.25,0.0625,0.125,0.0,0.0625,0.125,0.1875,0.1875,-0.1875,0.0625
401,AUX,beta,1.0,-0.0625,0.125,0.0,0.125,0.125,0.0625,0.0,0.0625,-0.375,-0.75,-0.6875,-0.875,-0.3125,-0.1875,-0.375,-0.3125,-0.125,0.375,-0.1875,-0.1875,-0.1875,0.375,0.375,-0.0625,0.0,0.5,0.5,0.5625,-0.125,0.3125
402,AUX,beta,1.1875,-0.125,-0.125,-0.1875,-0.3125,0.0,0.0,0.0625,0.0,0.0,-0.3125,-0.125,-0.1875,-0.125,-0.0625,-0.0625,-0.0625,0.125,0.125,-0.125,-0.0625,-0.25,0.0625,0.0625,0.0,0.0,0.0625,0.0625,0.0,0.0,0.25
403,AUX,beta,1.375,-0.1875,-0.3125,-0.125,0.0,-0.125,0.25,0.25,0.3125,-0.3125,-0.625,-0.5,-0.6875,0.0,0.125,-0.125,-0.0625,0.0625,0.4375,-0.0625,-0.125,0.1875,0.25,0.1875,-0.0625,0.0625,0.5,0.5,0.5,0.125,0.125
404,AUX,beta,1.5,-0.375,-0.3125,-0.125,-0.1875,0.0625,0.125,0.1875,0.125,-0.375,-0.9375,-0.6875,-0.875,-0.25,-0.125,-0.25,-0.25,0.0625,0.375,-0.25,-0.25,-0.375,0.1875,0.125,0.125,0.1875,0.375,0.3125,0.3125,0.0,0.25
405,AUX,beta,1.5,-0.5,-0.4375,-0.5625,-0.3125,0.3125,0.0625,0.0,0.0,-0.3125,-0.6875,-0.5625,-0.6875,-0.3125,-0.1875,-0.1875,-0.1875,0.0,0.375,-0.125,-0.125,-0.0625,0.1875,0.1875,0.0625,0.1875,0.3125,0.3125,0.375,0.0625,0.6875
406,AUX,alpha,1.8125,0.3125,0.3125,1.125,0.9375,0.5625,-0.0625,-0.0625,-0.0625,-0.3125,0.0625,-0.125,0.1875,0.0,0.125,0.1875,-0.0625,-0.4375,-0.375,0.3125,-0.25,0.125,-0.25,-0.25,0.0625,0.0,-0.4375,-0.375,-0.4375,-0.0625,-0.1875
407,AUX,beta,0.0,-0.375,-0.4375,-0.6875,-0.5,-0.625,-0.1875,-0.1875,-0.1875,-0.3125,-0.5625,-0.5,-0.8125,-0.25,-0.25,-0.4375,-0.3125,0.0,0.4375,-0.4375,-0.25,-0.25,0.25,0.1875,-0.1875,-0.1875,0.125,0.125,0.1875,-0.5,0.125
408,AUX,alpha,2.375,0.25,0.1875,1.25,1.0625,0.8125,0.25,0.25,0.1875,-0.3125,0.1875,0.1875,0.1875,0.0625,0.125,-0.1875,-0.4375,-0.6875,0.0,0.125,-0.625,-0.125,-0.3125,-0.3125,0.0625,0.0625,-0.125,-0.0625,-0.125,0.375,-0.5625
409,AUX,beta,-0.625,0.0,-0.0625,-0.75,-0.5625,-0.125,0.125,0.125,0.1875,-0.375,-0.5625,-0.625,-0.9375,-0.1875,-0.125,-0.25,-0.125,0.125,0.5625,-0.125,0.1875,-0.25,0.3125,0.375,-0.125,-0.125,-0.125,-0.0625,0.0,-0.4375,0.5625
410,AUX,alpha,1.0,0.8125,0.75,1.25,1.0625,1.125,0.1875,0.125,0.125,-0.4375,0.25,0.125,0.3125,0.375,0.4375,0.4375,0.3125,-0.375,-0.5625,0.375,-0.0625,0.3125,-0.5,-0.4375,-0.125,-0.125,-0.4375,-0.375,-0.4375,0.125,-0.0625
411,AUX,beta,-0.5,-0.375,-0.375,-0.5625,-0.5625,-0.25,-0.125,-0.125,-0.0625,0.125,-0.4375,-0.375,-0.625,-0.3125,-0.4375,-0.25,-0.125,0.3125,0.5,0.0,0.0,-0.3125,0.5,0.5,-0.0625,-0.125,0.125,0.125,0.125,0.0625,0.25
412,AUX,alpha,1.3125,-0.1875,-0.125,0.6875,0.5,0.4375,-0.3125,-0.375,-0.375,0.0625,0.375,0.0625,0.5625,0.0,0.0,0.0625,-0.125,-0.25,-0.1875,0.0625,-0.1875,-0.3125,-0.375,-0.3125,-0.125,-0.125,-0.25,-0.25,-0.1875,0.0,-0.4375
413,AUX,beta,-1.4375,0.3125,0.4375,-0.625,-0.375,0.0,0.3125,0.375,0.375,-0.5,-0.9375,-0.75,-1.125,-0.0625,-0.125,-0.125,0.0,0.5,0.4375,0.0625,0.125,0.1875,0.3125,0.375,-0.125,0.0,0.25,0.1875,0.3125,-0.375,0.375
414,AUX,alpha,1.3125,0.375,0.5,1.1875,1.0625,0.5625,-0.0625,-0.0625,-0.0625,-0.375,0.375,-0.125,0.875,0.0625,0.1875,0.1875,0.125,-0.75,-0.3125,0.1875,-0.375,0.0625,-0.5,-0.5,0.125,0.125,-0.1875,-0.0625,-0.25,0.3125,-0.0625
415,AUX,alpha,1.375,0.125,0.0625,0.4375,0.375,0.1875,-0.3125,-0.25,-0.3125,0.3125,0.6562000000000001,0.3125,0.8125,-0.125,-0.0625,-0.0625,-0.125,-0.375,-0.4375,0.0625,0.0625,-0.0625,-0.25,-0.1875,0.0625,0.0,-0.125,-0.125,-0.1875,-0.0625,-0.5
416,AUX,alpha,2.1875,0.25,0.3125,1.375,0.9375,0.4375,-0.125,-0.0625,-0.125,-0.5625,0.0625,-0.25,0.0625,-0.3125,-0.0625,0.0625,-0.125,-0.5,-0.25,0.375,-0.5625,-0.1875,-0.0625,-0.125,-0.0625,0.0,-0.25,-0.1875,-0.3125,0.0625,-0.25
417,AUX,alpha,1.8125,0.125,0.1875,0.5625,0.25,0.5,-0.125,-0.0625,-0.125,0.0,0.5625,0.4375,0.875,-0.125,0.0625,0.0625,-0.125,-0.625,-0.4375,0.25,0.0,-0.1875,-0.1875,-0.1875,0.0,0.0,-0.0625,0.0625,-0.0625,0.1875,-0.3125
418,AUX,alpha,1.8125,0.0,0.0,0.625,0.4375,0.1875,-0.25,-0.25,-0.25,0.1875,0.75,0.5625,0.8125,0.125,0.1875,0.0,-0.125,-0.625,-0.125,0.3125,-0.0625,0.0,-0.3125,-0.375,0.0625,0.0625,-0.0625,-0.125,-0.1875,0.3125,-0.4375
419,AUX,alpha,2.0,0.0625,-0.0625,0.5,0.1875,0.25,0.0,-0.0625,-0.125,-0.125,0.3125,0.3125,0.5,0.125,0.25,0.3125,0.1875,-0.3125,-0.6875,0.5,-0.1875,-0.125,-0.4375,-0.4375,0.125,0.125,-0.1875,0.0,-0.125,0.1875,-0.5625
420,AUX,alpha,0.9375,0.4375,0.4375,0.875,0.8125,0.125,-0.1875,-0.125,-0.125,-0.375,0.0625,-0.125,0.375,0.125,0.25,0.25,0.25,-0.5625,-0.5,0.4375,-0.0625,0.375,-0.25,-0.25,0.125,0.125,-0.25,-0.1875,-0.3125,0.125,-0.125
421,AUX,alpha,1.5,0.375,0.3125,1.125,0.875,0.875,0.0,-0.0625,0.0625,-0.0625,0.625,0.5,0.5,-0.25,-0.125,-0.1875,-0.1875,-0.6875,-0.375,0.1875,-0.375,0.0625,-0.3125,-0.25,0.125,0.0625,0.0,0.0,-0.125,0.0625,-0.25
422,AUX,alpha,1.5,0.25,0.25,0.8125,0.6875,0.625,0.0,0.0,0.0,-0.4375,0.0625,-0.1875,0.125,-0.1875,-0.125,0.25,0.0625,-0.4375,-0.25,0.3125,-0.5625,0.0,-0.0625,-0.0625,-0.0625,-0.125,-0.3125,-0.3125,-0.4375,0.0625,-0.25
423,AUX,alpha,1.4375,0.625,0.6875,1.125,0.9375,0.6875,-0.375,-0.3125,-0.3125,-0.75,0.0625,-0.1875,0.6875,0.0,0.125,0.0,-0.0625,-0.875,-0.0625,0.25,0.0,-0.0625,-0.375,-0.375,-0.125,-0.125,-0.625,-0.5625,-0.5625,0.0625,-0.0625
424,AUX,beta,0.5625,-1.125,-1.125,-1.125,-1.0,-0.4375,0.0625,0.1875,0.25,-0.1875,-0.625,-0.5625,-0.6875,-0.5,-0.4375,-0.1875,-0.0625,0.3125,0.0,-1.1875,-0.625,-0.125,-0.0625,-0.0625,0.0,0.0,0.1875,0.125,0.25,0.0,0.0625
425,AUX,beta,-1.0625,0.25,0.375,-0.5625,-0.3125,-0.0625,0.3125,0.375,0.3125,-0.25,-0.75,-0.6875,-0.9375,0.0625,0.0625,-0.1875,-0.0625,0.5625,-0.0625,-0.3125,0.1875,0.4375,0.0625,0.0625,-0.3125,-0.375,-0.0625,0.0,0.0625,-0.25,0.5
426,AUX,beta,-0.8125,0.0625,-0.0625,-0.125,0.0,0.0625,0.125,0.125,0.25,-0.25,-0.6875,-0.375,-0.625,-0.375,-0.3125,-0.125,0.0,0.3125,0.4375,-0.25,-0.375,-0.0625,0.75,0.75,0.3125,0.25,0.5625,0.5625,0.625,0.0625,-0.125
427,AUX,beta,0.75,-0.4375,-0.4375,-0.5,-0.5625,-0.625,-0.25,-0.25,-0.25,-0.75,-1.25,-0.9375,-1.375,-0.4375,-0.5,-0.75,-0.625,-0.125,-0.125,-0.375,0.0625,-0.1875,0.25,0.25,0.0625,0.125,0.375,0.4375,0.375,-0.125,0.125
428,AUX,beta,-0.875,-0.0625,-0.125,-1.125,-0.75,-0.375,-0.1875,-0.125,-0.25,-0.125,-0.5625,-0.5,-0.6875,-0.125,-0.0625,-0.125,-0.125,0.25,0.3125,-0.25,-0.25,0.0,0.1875,0.1875,0.0,0.0,0.375,0.3125,0.375,-0.1875,0.0625
429,AUX,beta,-1.375,0.3125,0.3125,-0.5,-0.375,0.0625,0.4375,0.375,0.3125,-0.375,-0.6875,-0.5625,-0.8125,0.0,-0.125,0.25,0.375,0.625,0.4375,-0.3125,-0.0625,0.125,0.25,0.25,0.0625,0.0,-0.0625,0.0,0.0625,-0.25,0.375
430,AUX,beta,-1.25,0.0625,0.0625,-0.6875,-0.5,-0.6875,0.25,0.3125,0.1875,-0.4375,-0.75,-0.5625,-0.875,-0.3125,-0.25,-0.125,0.0,0.4375,0.1875,-0.25,0.25,-0.0625,0.375,0.4375,-0.0625,-0.0625,0.1875,0.1875,0.3125,-0.4375,0.3125
431,AUX,beta,-1.375,0.125,0.1875,-0.5,-0.25,-0.375,-0.0625,0.0625,-0.0625,0.25,0.0625,0.1875,0.0625,-0.0625,-0.1875,0.25,0.3125,0.5625,0.4375,-0.25,-0.125,0.0625,0.5625,0.4375,-0.0625,0.0,0.375,0.375,0.5,0.0,0.4375
432,AUX,beta,-0.6875,0.25,0.3125,-0.1875,-0.25,-0.4375,0.0625,0.0625,0.125,-0.125,-1.0,-0.5,-0.9375,0.0625,-0.125,-0.25,-0.1875,0.25,0.1875,-0.375,-0.0625,0.0,0.125,0.125,-0.0625,-0.0625,0.75,0.6875,0.75,-0.25,-0.0625
433,AUX,beta,0.125,-0.3125,-0.4375,-0.25,-0.1875,-0.1875,0.125,0.1875,0.25,0.0,-0.5625,-0.5,-0.625,-0.3125,-0.375,-0.5,-0.375,0.1875,0.5,-0.375,-0.25,-0.25,0.5,0.5,-0.125,-0.0625,-0.5625,-0.5625,-0.25,0.0625,0.25
434,AUX,alpha,0.6875,0.3125,0.3125,0.625,0.4375,0.25,0.0,-0.0625,-0.0625,-0.125,0.625,0.3125,0.625,0.0625,0.125,0.5,0.375,-0.1875,-0.5625,0.0625,-0.125,0.1875,-0.1875,-0.125,0.1875,0.125,-0.1875,-0.125,-0.1875,0.0,0.0625
435,AUX,beta,-0.6875,0.0625,0.0625,-0.125,-0.0625,-0.3125,-0.125,-0.1875,-0.125,0.3125,-0.375,-0.125,-0.4375,-0.1875,-0.1875,-0.25,-0.1875,0.25,0.6875,0.125,-0.125,-0.1875,0.125,0.125,-0.125,-0.0625,0.375,0.3125,0.375,0.125,-0.0625
436,AUX,alpha,0.375,0.3125,0.25,0.875,0.6875,0.875,0.0625,0.0,0.0,0.5625,1.3125,0.9375,1.25,-0.0625,-0.125,0.625,0.5,0.0,-0.5625,0.375,0.1875,0.125,-0.375,-0.375,0.25,0.3125,-0.1875,-0.1875,-0.1875,0.125,0.125
437,AUX,beta,-0.5625,0.3125,0.1875,0.0,0.0,-0.3125,0.0625,0.0625,0.0625,-0.3125,-0.75,-0.625,-1.0625,-0.1875,-0.25,-0.1875,-0.1875,0.1875,0.4375,0.1875,-0.25,-0.25,0.4375,0.4375,-0.1875,-0.125,0.3125,0.375,0.375,-0.0625,0.0625
438,AUX,alpha,0.9375,0.0625,0.0,0.625,0.4375,0.25,0.0,0.0625,0.125,0.1875,0.6875,0.4375,0.625,-0.0625,-0.0625,0.25,0.125,-0.375,-0.5,0.1875,-0.125,0.25,-0.4375,-0.375,0.0625,0.0,-0.25,-0.1875,-0.125,0.0625,0.0
439,AUX,beta,-0.25,0.0,0.125,-0.375,-0.25,-0.25,-0.125,-0.1875,-0.125,-0.3125,-0.9375,-0.75,-0.9375,-0.25,-0.25,-0.1875,-0.0625,0.1875,0.625,-0.25,-0.0625,-0.3125,0.3125,0.3125,-0.125,-0.125,0.4375,0.375,0.4375,-0.125,-0.125
440,AUX,alpha,0.9375,0.0,0.0625,0.1875,0.1875,0.1875,-0.125,-0.125,-0.125,-0.0625,0.625,0.4375,0.625,0.0625,0.0625,0.25,0.1875,-0.3125,-0.5,0.0,-0.125,0.0,-0.375,-0.375,0.0,0.0,-0.375,-0.3125,-0.4375,-0.0625,-0.125
441,AUX,beta,0.375,-0.375,-0.5,-0.625,-0.5,-0.25,0.0625,0.0,0.0,-0.5,-0.8125,-0.6875,-0.875,-0.1875,-0.125,-0.125,-0.0625,0.1875,0.5625,-0.1875,-0.25,-0.3125,0.375,0.4375,-0.0625,0.0,0.1875,0.1875,0.1875,-0.1875,-0.0625
442,AUX,alpha,1.3125,0.3125,0.3125,0.875,0.5625,0.1875,-0.0625,-0.125,-0.0625,-0.125,0.5625,0.375,0.5625,0.0,0.1875,0.375,0.125,-0.375,-0.5,0.1875,-0.25,-0.125,-0.375,-0.4375,0.0,0.0,-0.5,-0.375,-0.5625,0.0,-0.1875
443,AUX,beta,-0.25,0.1875,0.375,0.0,0.0625,-0.25,0.0,0.0,0.0,-0.4375,-0.75,-0.5625,-0.8125,-0.1875,-0.25,-0.125,-0.0625,0.25,0.3125,-0.0625,0.1875,0.0,0.4375,0.4375,-0.0625,0.0,0.3125,0.375,0.4375,0.0625,0.375
444,AUX,alpha,0.625,0.0625,0.125,0.5,0.375,0.1875,0.0625,0.125,0.0625,0.125,0.625,0.4375,0.6875,0.125,0.0625,0.0625,-0.0625,-0.375,-0.4375,0.1875,-0.0625,0.375,-0.3125,-0.25,0.125,0.0625,-0.1875,-0.0625,-0.1875,0.125,0.0
445,AUX,beta,-0.4375,0.125,0.1875,-0.3125,-0.375,-0.1875,-0.1875,-0.3125,-0.25,0.0625,-0.8125,-0.25,-0.625,-0.125,-0.0625,0.0,0.0625,0.4375,0.4375,-0.1875,-0.125,-0.375,0.3125,0.1875,-0.25,-0.3125,0.125,0.0625,0.0625,-0.0625,0.0625
446,AUX,alpha,0.8125,0.625,0.6875,0.9375,0.6875,0.125,-0.25,-0.25,-0.25,0.9375,1.375,1.0,1.4375,0.0,0.0625,-0.0625,-0.125,-0.3125,-0.3125,0.25,0.1875,0.125,-0.125,-0.125,-0.125,-0.125,-0.1875,-0.1875,-0.1875,0.0,-0.125
447,AUX,alpha,1.125,0.5,0.5625,1.125,0.8125,0.0625,-0.25,-0.25,-0.1875,0.25,0.8125,0.3125,1.125,-0.1875,-0.125,-0.0625,-0.1875,-0.3125,-0.25,0.1875,-0.0625,0.125,-0.1875,-0.1875,0.0,-0.0625,-0.375,-0.375,-0.5,0.0,-0.125
448,AUX,alpha,1.0625,0.4375,0.4375,0.8125,0.6875,0.0625,-0.125,-0.0625,-0.0625,0.375,0.8125,0.4375,1.25,-0.125,-0.0625,-0.0625,-0.125,-0.3125,-0.1875,0.0625,0.0625,0.125,-0.1875,-0.1875,-0.125,-0.1875,-0.375,-0.375,-0.4375,0.125,0.0
449,AUX,alpha,0.625,0.6875,0.6875,0.625,0.5625,0.3125,-0.25,-0.1875,-0.25,0.875,1.1875,0.8125,1.4375,0.0625,0.1875,0.0625,0.0,-0.125,-0.1875,0.1875,0.125,0.25,0.0,0.0,-0.125,-0.125,-0.1875,-0.125,-0.25,0.0625,0.125
450,AUX,alpha,0.875,0.8125,0.875,0.75,0.6875,-0.125,-0.125,-0.0625,-0.0625,0.4375,0.9375,0.5625,1.1875,-0.0625,-0.125,-0.0625,-0.1875,-0.3125,0.0625,0.125,0.1875,0.1875,-0.0625,-0.125,-0.125,-0.125,-0.25,-0.3125,-0.3125,0.1875,-0.125
451,AUX,alpha,0.9375,0.5,0.5,0.6875,0.4375,0.1875,-0.1875,-0.1875,-0.125,0.625,1.0,0.6875,1.3125,0.0,0.0625,0.0,-0.125,-0.3125,-0.3125,0.25,0.3125,0.0625,-0.125,-0.0625,-0.0625,-0.0625,0.0,0.0625,0.0,-0.0625,0.0
452,AUX,beta,0.8125,-0.4375,-0.5625,-1.0625,-0.875,0.0,0.25,0.1875,0.25,-0.9375,-1.375,-1.0625,-1.4375,0.0625,0.0625,-0.1875,-0.1875,0.0625,0.3125,-0.25,0.0625,-0.25,0.25,0.3125,0.1875,0.1875,0.375,0.375,0.5,0.0625,0.0
453,AUX,beta,-0.1875,-0.625,-0.75,-0.375,-0.375,-0.375,0.1875,0.125,0.1875,-0.9375,-1.1875,-1.125,-1.1875,-0.3125,-0.375,-0.125,-0.1875,0.125,0.0625,-0.0625,-0.3125,-0.375,0.0625,0.125,0.125,0.125,0.25,0.3125,0.4375,-0.25,-0.1875
454,AUX,beta,0.5625,-0.3125,-0.375,-0.8125,-0.6875,-0.125,0.1875,0.1875,0.25,-0.6875,-1.0625,-0.6875,-1.125,-0.1875,-0.125,-0.1875,-0.125,0.0625,0.1875,-0.125,-0.1875,-0.1875,0.25,0.25,0.1875,0.125,0.4375,0.375,0.5,-0.0625,0.0
455,AUX,beta,0.4375,-0.25,-0.25,-0.75,-0.625,-0.0625,0.25,0.3125,0.3125,-0.75,-1.25,-1.0,-1.375,-0.0625,-0.1875,-0.125,-0.125,0.0625,0.3125,-0.125,0.0,-0.1875,0.125,0.1875,0.1875,0.125,0.3125,0.3125,0.3125,0.0,0.0625
456,AUX,beta,0.375,-0.3125,-0.4375,-0.6875,-0.75,0.0,0.3125,0.25,0.3125,-0.75,-1.0625,-0.6875,-1.1875,0.0625,0.0,-0.0625,0.0625,0.3125,0.25,-0.0625,0.0625,-0.1875,0.25,0.3125,0.125,0.1875,0.3125,0.3125,0.375,-0.125,0.1875
457,AUX,beta,0.4375,-0.5625,-0.5625,-0.9375,-0.75,0.0625,0.1875,0.25,0.25,-1.0,-1.3125,-0.9375,-1.3125,0.0625,0.0,-0.0625,-0.0625,0.1875,0.25,-0.125,-0.25,-0.125,0.25,0.25,0.125,0.125,0.25,0.3125,0.4375,-0.0625,0.0
458,AUX,alpha,0.5625,0.75,0.75,0.5,0.6875,0.5,-0.3125,-0.25,-0.25,-0.1875,0.25,0.125,0.4375,0.1875,0.25,0.5625,0.5625,-0.0625,-0.75,0.1875,0.4375,0.375,-0.5,-0.5,-0.0625,0.0,-0.25,-0.25,-0.25,0.1875,-0.125
459,AUX,alpha,0.875,0.375,0.5,0.9375,0.875,0.4375,0.0625,0.0625,0.0,0.375,0.875,0.6875,0.875,0.0625,0.1875,0.5,0.3125,-0.25,-0.5625,0.1875,0.0,0.1875,-0.375,-0.3125,0.0,0.0625,-0.0625,0.0,-0.1875,-0.0625,-0.25
460,AUX,alpha,0.5,0.3125,0.3125,0.75,0.75,0.375,0.0,0.0,-0.0625,0.375,1.0625,0.875,1.1875,0.375,0.4375,0.625,0.5,-0.125,-0.1875,0.25,0.3125,0.3125,-0.375,-0.375,0.25,0.1875,-0.1875,-0.1875,-0.25,-0.0625,0.0625
461,AUX,alpha,1.0625,0.1875,0.125,0.625,0.625,0.3125,-0.1875,-0.1875,-0.1875,0.0625,0.625,0.5625,0.8125,0.1875,0.125,0.5,0.3125,-0.25,-0.3125,0.1875,-0.0625,0.3125,-0.5625,-0.5,0.1875,0.25,-0.5,-0.5,-0.625,-0.1875,-0.0625
462,AUX,alpha,2.125,0.5,0.8125,1.25,0.9375,1.1875,0.3125,0.3125,0.3125,0.3125,1.0,0.6875,0.8125,-0.125,0.0,0.1875,0.0625,-0.625,-0.4375,0.0625,-0.4375,-0.125,-0.4375,-0.375,0.125,0.0625,0.875,0.875,0.6875,0.0625,-0.625
463,AUX,alpha,0.5,0.6875,0.875,1.0625,0.8125,0.3125,-0.0625,-0.125,-0.0625,0.125,0.8125,0.5625,0.75,0.0,0.1875,0.5625,0.5,-0.25,-0.5625,0.375,-0.125,0.25,-0.25,-0.25,0.125,0.0,0.0,0.125,-0.125,0.125,-0.1875
464,AUX,beta,-0.125,-0.4375,-0.5625,-0.375,-0.5,-0.4375,0.5,0.4375,0.4375,0.1875,-0.25,-0.1875,-0.5,-0.25,-0.125,-0.5625,-0.4375,0.1875,0.5,-0.125,-0.4375,-0.25,0.625,0.5,0.0625,0.125,0.4375,0.4375,0.5,0.0,0.1875
465,AUX,beta,-0.625,0.0625,0.125,-0.3125,-0.3125,-0.1875,0.3125,0.25,0.25,0.0625,-0.8125,-0.625,-0.8125,-0.0625,-0.0625,-0.375,-0.25,0.25,0.6875,0.1875,-0.0625,-0.125,0.4375,0.375,-0.0625,-0.0625,0.1875,0.3125,0.4375,0.25,0.375
466,AUX,beta,0.25,-0.1875,-0.1875,-0.5,-0.5625,-0.25,0.0,0.0,0.0625,-0.4375,-1.125,-1.0,-1.1875,-0.6875,-0.75,-0.625,-0.5,0.0,0.0,-0.25,-0.375,-0.375,0.0625,0.125,-0.1875,-0.1875,0.125,0.1875,0.25,0.25,0.0
467,AUX,beta,-0.8125,-0.0625,-0.125,-0.8125,-0.75,-0.5625,0.125,0.125,0.1875,-0.125,-0.6875,-0.5,-0.9375,-0.375,-0.3125,-0.5,-0.3125,0.3125,0.4375,-0.125,0.0625,-0.125,0.4375,0.4375,-0.25,-0.1875,0.25,0.25,0.4375,0.125,0.375
468,AUX,beta,-0.4375,-0.3125,-0.4375,-0.5,-0.5625,-0.5,-0.125,-0.125,-0.125,-0.125,-0.625,-0.5,-0.75,-0.4375,-0.4375,-0.25,-0.0625,0.3125,0.375,-0.125,-0.1875,-0.3125,0.5625,0.5625,0.0625,0.125,0.3125,0.25,0.3125,0.0625,0.125
469,AUX,beta,-0.5625,-0.25,-0.375,-0.8125,-0.875,-0.125,0.375,0.3125,0.375,-0.0625,-0.5,-0.5,-0.6875,-0.0625,-0.0625,-0.4375,-0.375,0.1875,1.0625,-0.1875,-0.0625,-0.25,0.5,0.4375,-0.0625,0.0625,-0.1875,-0.3125,0.0,-0.1875,0.1875
470,cluster_ejection,alpha,1.6875,0.375,0.5625,1.1875,1.0625,-0.125,0.1875,0.1875,0.1875,-0.3125,-0.0625,-0.25,0.375,-0.3125,-0.375,-0.4375,-0.5625,-0.875,0.1875,0.3125,-0.3125,-0.125,-0.125,-0.0625,-0.0625,-0.125,-0.375,-0.375,-0.5,0.3125,0.125
471,cluster_ejection,alpha,1.625,0.375,0.5,1.1875,0.9375,0.0625,-0.0625,-0.125,-0.125,-0.625,-0.125,-0.4375,0.0625,-0.25,-0.0625,-0.3125,-0.5,-0.8125,0.0,0.3125,-0.375,-0.125,-0.125,-0.125,-0.1875,-0.125,-0.5,-0.4375,-0.4375,0.0625,0.0
472,cluster_ejection,alpha,1.9375,0.125,0.4375,1.0625,0.6875,0.375,0.125,0.0625,0.125,-0.8125,-0.1875,-0.375,-0.0625,-0.5,-0.25,-0.375,-0.5625,-1.0,0.1875,0.6875,-0.625,-0.1875,-0.375,-0.375,-0.125,-0.125,-0.25,-0.1875,-0.3125,0.1875,1.125
473,cluster_ejection,alpha,1.1875,0.4375,0.5625,0.75,0.6875,0.375,0.25,0.1875,0.1875,0.125,0.375,0.25,0.6875,-0.0625,0.0,0.0,-0.125,-0.5,-0.125,0.125,-0.3125,-0.0625,-0.3125,-0.3125,0.0,-0.0625,-0.375,-0.3125,-0.3125,0.0625,-0.125
474,cluster_ejection,alpha,1.375,-0.0625,0.125,0.25,0.25,0.125,-0.1875,-0.25,-0.1875,-0.3125,0.3438000000000001,-0.031199999999999894,0.5625,-0.125,0.0,-0.25,-0.375,-0.625,-0.5,0.125,-0.3125,0.0,-0.1875,-0.125,-0.0625,-0.0625,-0.5,-0.5,-0.5625,0.0,-0.3125
475,cluster_ejection,alpha,1.625,0.375,0.625,1.125,0.875,0.25,0.0,-0.0625,0.0,-0.3125,0.3125,0.0625,0.5,-0.25,-0.125,-0.3125,-0.4375,-0.8125,-0.25,0.4375,-0.25,0.0,-0.125,-0.125,0.0625,0.0,-0.125,-0.0625,-0.3125,0.25,0.125
476,cluster_ejection,alpha,1.1875,0.875,1.125,1.5625,1.3125,0.5,0.5625,0.5,0.5625,0.0625,0.25,0.125,0.3125,0.0,0.3125,-0.1875,-0.375,-0.5625,0.1875,0.4375,-0.1875,0.0625,-0.1875,-0.1875,0.0625,0.0,0.125,0.1875,0.125,0.125,0.25
477,cluster_ejection,alpha,1.8125,0.3125,0.375,1.125,0.9375,0.375,0.125,0.1875,0.125,-0.125,0.3125,0.0625,0.5,-0.125,0.0,-0.125,-0.25,-0.625,0.0,0.25,-0.125,0.0,-0.25,-0.3125,-0.0625,0.0,0.1875,0.125,0.0,0.1875,-0.125
478,cluster_ejection,alpha,2.0,0.1875,0.4375,1.25,1.0,0.25,0.3125,0.25,0.25,-0.6875,-0.125,-0.5,0.0625,-0.25,-0.1875,-0.0625,-0.3125,-0.8125,0.0625,0.1875,-0.4375,-0.0625,-0.125,-0.0625,0.0625,0.0625,-0.5625,-0.5,-0.625,0.6875,0.875
479,cluster_ejection,alpha,2.0,0.0,0.0625,0.75,0.5625,0.4375,0.4375,0.4375,0.4375,-0.5625,-0.0625,-0.25,0.375,-0.25,-0.125,-0.125,-0.25,-0.75,-0.25,0.3125,-0.125,-0.125,-0.25,-0.3125,0.1875,0.125,0.0625,0.125,-0.125,0.1875,0.1875
480,cluster_ejection_daughter,alpha,1.125,0.5,0.6875,1.1875,1.0625,0.25,-0.125,-0.125,-0.125,0.0,0.3125,0.25,0.6875,-0.0625,-0.0625,0.0,-0.125,-0.375,-0.5,0.5,-0.125,0.125,-0.25,-0.3125,-0.0625,-0.0625,-0.1875,-0.25,-0.1875,0.0,0.0
481,cluster_ejection_daughter,alpha,0.75,0.125,0.1875,0.1875,0.25,0.625,-0.125,-0.125,-0.1875,0.25,0.6875,0.625,1.125,0.0625,0.0625,-0.0625,-0.0625,-0.4375,-0.375,0.0,0.1875,0.25,-0.1875,-0.125,0.0,0.0,-0.4375,-0.4375,-0.4375,-0.25,-0.125
482,cluster_ejection_daughter,alpha,0.8125,0.3125,0.5,0.5625,0.4375,0.25,-0.125,-0.125,-0.125,0.25,0.75,0.625,1.125,0.1875,0.1875,0.0,-0.125,-0.375,-0.4375,0.25,-0.125,0.0625,-0.25,-0.25,-0.0625,0.0,-0.0625,-0.0625,-0.125,0.0,-0.0625
483,cluster_ejection_daughter,alpha,1.125,0.5625,0.75,1.125,0.8125,0.375,-0.1875,-0.1875,-0.1875,0.0625,0.5,0.4375,0.6875,0.125,0.1875,-0.125,-0.1875,-0.5,-0.625,0.5,-0.0625,0.0625,-0.125,-0.1875,0.0625,0.0625,0.0625,0.0625,0.0,0.1875,0.25
484,cluster_ejection_daughter,alpha,1.1875,0.375,0.4375,1.0,0.875,0.5625,-0.375,-0.375,-0.4375,0.0625,0.5,0.25,0.875,0.0625,0.0625,-0.125,-0.1875,-0.375,-0.1875,0.75,-0.0625,0.125,-0.125,-0.1875,-0.0625,0.0,-0.25,-0.25,-0.25,0.0625,0.25
485,cluster_ejection_daughter,alpha,1.5625,0.0,0.3125,1.25,1.0625,-0.1875,-0.5,-0.4375,-0.375,-0.8125,-0.4375,-0.4375,-0.1875,-0.375,-0.3125,-0.625,-0.75,-0.75,-1.0,0.0625,-0.5,-0.3125,-0.3125,-0.375,-0.25,-0.25,-0.125,-0.125,-0.25,0.3125,0.1875
486,cluster_ejection_daughter,alpha,0.9375,0.1875,0.25,-0.125,0.0625,0.3125,-0.375,-0.375,-0.4375,0.1875,0.4375,0.3125,0.9375,0.0,0.0,-0.1875,-0.1875,-0.5625,-0.3125,0.1875,0.0,0.125,-0.3125,-0.3125,0.0,0.0,-0.3125,-0.25,-0.3125,0.0,-0.0625
487,cluster_ejection_daughter,alpha,0.5,0.5625,0.6875,0.8125,0.625,0.1875,0.0625,0.0,0.0625,0.5,0.875,0.8125,1.1875,0.0625,0.0625,0.0,-0.125,-0.375,-0.4375,0.3125,0.0625,0.125,-0.25,-0.1875,0.0625,0.0625,-0.1875,-0.125,-0.125,0.0,0.0
488,cluster_ejection_daughter,alpha,1.3125,0.3125,0.5,1.4375,1.1875,0.25,-0.375,-0.375,-0.25,-0.25,0.125,0.0625,0.25,-0.25,-0.125,-0.125,-0.3125,-0.375,-0.5625,0.625,-0.375,-0.0625,-0.3125,-0.25,0.125,0.1875,-0.25,-0.3125,-0.3125,0.3125,0.25
489,cluster_ejection_daughter,alpha,1.125,0.0625,0.1875,0.875,0.75,-0.0625,0.375,0.3125,0.375,0.4375,0.5625,0.5,0.9375,-0.0625,-0.0625,0.0,-0.0625,-0.4375,-0.5625,0.25,0.0,0.125,-0.125,-0.1875,0.1875,0.125,-0.1875,-0.1875,-0.125,0.125,0.0
490,cluster_no_creation,alpha,1.0625,0.25,0.4375,0.9375,0.75,0.1875,0.0625,0.0625,0.0625,-0.4375,0.125,-0.125,0.5,0.0,0.0625,0.125,-0.0625,-0.5625,-0.125,0.4375,0.0,0.0625,-0.1875,-0.1875,0.125,0.0625,-0.625,-0.5,-0.75,0.0,0.0625
491,cluster_no_creation,alpha,0.9375,0.125,0.1875,0.6875,0.4375,0.375,0.4375,0.3125,0.3125,0.125,0.5,0.3125,0.6875,0.375,0.5,0.25,0.0,-0.6875,-0.5625,0.375,0.0625,0.0625,-0.4375,-0.5,0.125,0.0625,-0.3125,-0.375,-0.4375,0.1875,-0.375
492,cluster_no_creation,alpha,1.875,-0.125,0.0625,0.625,0.375,0.375,0.0625,0.0,0.0625,-0.5625,-0.125,-0.375,0.1875,-0.1875,-0.0625,-0.1875,-0.3125,-0.8125,-0.375,0.3125,-0.4375,-0.0625,-0.5,-0.5,0.1875,0.125,-0.0625,0.0,-0.25,0.25,-0.1875
493,cluster_no_creation,alpha,1.0625,0.5,0.8125,1.4375,1.1875,0.1875,0.0,0.0625,0.0,-0.125,0.25,0.0,0.5625,0.0625,0.1875,0.0,-0.0625,-0.5,0.125,0.4375,-0.0625,0.1875,-0.25,-0.25,0.0625,0.0625,-0.375,-0.4375,-0.4375,0.125,-0.125
494,cluster_no_creation,alpha,1.125,-0.3125,0.0625,0.4375,0.25,0.125,-0.0625,-0.125,-0.1875,-0.5625,0.0625,-0.0625,0.375,0.25,0.375,0.0625,-0.125,-0.75,-0.625,0.25,-0.125,0.1875,-0.5,-0.5,0.125,0.0625,0.0625,0.0625,-0.0625,0.1875,-0.3125
495,cluster_no_creation,alpha,0.8125,0.25,0.5625,0.5625,0.5625,-0.0625,-0.25,-0.25,-0.25,0.3125,0.5625,0.375,1.0625,0.0625,0.1875,0.1875,0.0625,-0.4375,-0.4375,0.375,-0.125,-0.0625,-0.375,-0.25,0.0,0.0,-0.625,-0.5,-0.5625,0.0625,-0.4375
496,cluster_no_creation,alpha,1.875,0.0625,0.1875,1.0625,0.875,0.125,0.0,-0.125,0.0,-0.5625,-0.1875,-0.375,0.125,-0.5,-0.25,-0.4375,-0.5,-0.9375,-0.0625,0.9375,-0.5625,-0.1875,-0.3125,-0.375,-0.1875,-0.125,-0.125,-0.125,-0.125,0.375,0.5625
497,cluster_no_creation,alpha,0.875,0.0625,0.25,0.9375,0.6875,0.0,0.0625,0.0,0.0,0.25,0.6875,0.4375,1.0625,0.1875,0.3125,0.375,0.1875,-0.5,-0.25,0.5,0.0625,-0.125,-0.1875,-0.1875,0.125,0.1875,-0.4375,-0.375,-0.5,0.125,-0.25
498,quark_flavour_change,beta,1.375,-0.8125,-1.1875,-1.625,-1.375,-0.3125,0.0,-0.0625,0.125,-0.75,-1.1875,-1.0625,-1.3125,-0.4375,-0.3125,-0.4375,-0.4375,-0.0625,0.8125,-0.375,-0.5,-0.5625,0.3125,0.375,0.125,0.125,0.5625,0.5625,0.6875,0.0625,-0.5
499,quark_flavour_change,beta,-0.625,-0.0625,-0.0625,-0.3125,-0.25,0.0625,0.125,0.125,0.1875,-0.25,-0.6875,-0.5,-0.8125,-0.0625,-0.0625,-0.25,-0.3125,0.0625,0.5625,-0.125,-0.1875,0.125,0.5625,0.5625,0.1875,0.0625,0.5,0.5625,0.625,-0.0625,0.3125
500,quark_flavour_change,beta,-0.4375,-0.5,-0.625,-0.3125,-0.375,0.1875,0.5,0.4375,0.75,-0.5,-0.8125,-0.6875,-0.875,-0.25,-0.0625,-0.1875,-0.25,0.1875,0.625,0.25,-0.1875,-0.0625,0.5625,0.625,0.375,0.3125,0.375,0.5,0.375,0.0625,0.0625
501,quark_flavour_change,beta,0.5625,-0.625,-0.8125,-1.25,-0.875,-0.4375,-0.25,-0.1875,0.0,-0.5625,-0.875,-0.75,-0.9375,-0.3125,-0.25,-0.25,-0.25,0.0625,0.4375,-0.375,-0.5,-0.4375,0.25,0.25,0.125,0.25,0.1875,0.3125,0.375,0.1875,-0.25
502,quark_flavour_change,beta,1.375,-0.6875,-0.875,-0.9375,-0.625,-0.0625,-0.4375,-0.375,-0.25,-0.6875,-1.25,-1.1875,-1.375,-0.5,-0.4375,-0.1875,-0.25,0.1875,0.5,-0.1875,-0.5,-0.4375,0.0625,0.0,0.125,0.125,0.3125,0.375,0.375,-0.0625,-0.25
503,quark_flavour_change,beta,0.5,-0.5,-0.625,-0.9375,-0.75,0.0625,0.0625,0.0625,0.1875,-0.5625,-0.875,-0.875,-0.9375,-0.375,-0.375,-0.1875,-0.1875,0.0625,0.75,-0.0625,-0.375,0.0,0.3125,0.375,0.0625,0.0625,0.25,0.25,0.25,0.125,-0.125
504,quark_flavour_change,beta,0.375,-0.6875,-0.8125,-1.1875,-1.0625,-0.25,-0.0625,0.0,0.0625,-0.5625,-1.0,-1.0,-1.0625,-0.5,-0.4375,-0.3125,-0.375,0.0625,0.4375,-0.625,-0.5625,-0.1875,0.5,0.5,-0.125,-0.0625,0.5,0.5,0.625,0.3125,-0.3125
505,quark_flavour_change,beta,-0.125,-0.375,-0.5625,-0.9375,-0.75,-0.125,-0.1875,-0.125,0.0625,-0.1875,-0.6875,-0.625,-0.6875,0.125,0.125,-0.1875,-0.125,0.25,1.0,-0.1875,0.0,0.125,0.5,0.4375,0.3125,0.3125,0.4375,0.375,0.5,0.125,-0.125
506,quark_flavour_change,beta,0.75,-0.6875,-0.9375,-1.25,-0.875,-0.25,-0.25,-0.25,-0.125,-0.5625,-0.875,-0.75,-0.875,-0.125,-0.0625,0.0,0.0,0.1875,0.375,-0.25,-0.375,0.0,0.25,0.25,0.1875,0.1875,0.375,0.3125,0.4375,0.0,-0.0625
507,quark_flavour_change,beta,1.4375,-0.5625,-0.8125,-0.8125,-0.6875,-0.25,0.0625,0.0625,0.1875,-0.625,-1.1875,-1.0625,-1.1875,-0.5,-0.3125,-0.375,-0.375,-0.0625,0.75,0.0,-0.5,-0.4375,0.3125,0.375,0.25,0.3125,0.5625,0.6875,0.6875,-0.125,-0.0625
508,w_boson_mediation,beta,-1.5,0.25,0.125,-0.625,-0.375,-0.8125,-0.1875,-0.1875,-0.125,0.125,-0.375,-0.25,-0.5625,0.0625,0.0625,-0.0625,0.0625,0.5,0.4375,-0.4375,0.0,0.25,0.1875,0.125,-0.0625,-0.125,0.0625,0.0,0.375,-0.0625,0.5
509,w_boson_mediation,beta,-1.4375,0.0625,0.0625,-0.9375,-0.625,-0.3125,-0.375,-0.3125,-0.375,0.1875,-0.4375,-0.125,-0.3125,-0.0625,-0.0625,0.125,0.1875,0.5625,0.375,-0.3125,-0.0625,0.3125,0.25,0.3125,-0.125,-0.1875,0.3125,0.25,0.375,-0.0625,0.75
510,w_boson_mediation,beta,-0.8125,-0.0625,-0.125,-0.4375,-0.3125,-0.25,0.0625,0.125,0.125,-0.375,-0.75,-0.625,-0.75,-0.125,0.0,-0.25,-0.3125,0.25,0.5625,-0.1875,-0.125,0.1875,0.1875,0.25,0.0625,0.0625,0.1875,0.1875,0.25,-0.1875,0.0625
511,w_boson_mediation,beta,-0.5,-0.1875,-0.3125,-1.0625,-0.8125,-0.4375,-0.0625,-0.0625,-0.0625,-0.125,-0.5,-0.375,-0.5625,0.125,0.1875,0.25,0.3125,0.75,0.3125,-0.3125,0.0,0.1875,0.375,0.4375,0.1875,0.125,0.6875,0.75,0.6875,0.0,0.25
512,w_boson_mediation,beta,-0.75,0.125,0.0,-0.5625,-0.5,-0.0625,0.0,-0.0625,0.0,-0.1875,-0.875,-0.625,-0.8125,-0.0625,-0.0625,-0.1875,-0.1875,0.3125,0.375,-0.1875,-0.25,0.0625,0.25,0.25,0.125,0.125,0.375,0.3125,0.4375,-0.0625,-0.0625
513,w_boson_mediation,beta,-0.875,0.0625,0.0,-0.3125,-0.25,-0.25,0.125,0.125,0.1875,-0.3125,-0.75,-0.75,-0.8125,0.0625,0.0625,0.0,0.0625,0.3125,0.5,-0.25,0.0,0.1875,0.25,0.25,0.125,0.125,0.1875,0.1875,0.3125,-0.125,0.0
514,w_boson_mediation,beta,-0.0625,-0.4375,-0.625,-0.5,-0.5,-0.5625,-0.125,-0.125,-0.0625,-0.125,-0.4375,-0.375,-0.4375,-0.1875,-0.1875,0.0,0.0,0.3125,0.3125,-0.375,-0.3125,0.0,0.375,0.375,0.125,0.125,0.3125,0.25,0.3125,-0.125,-0.125
515,w_boson_mediation,beta,-1.0625,-0.125,-0.125,-0.75,-0.4375,-0.3125,-0.0625,-0.0625,-0.0625,-0.25,-0.625,-0.5,-0.6875,-0.25,-0.25,0.1875,0.1875,0.5625,0.3125,-0.375,-0.0625,0.125,0.0,0.0,-0.0625,-0.0625,0.3125,0.25,0.375,-0.1875,0.4375
516,w_boson_mediation,beta,0.375,0.0625,-0.1875,-0.1875,-0.125,-0.125,-0.0625,0.0,0.0625,-0.3125,-0.875,-0.8125,-0.9375,-0.25,-0.0625,-0.1875,-0.1875,0.25,0.25,-0.1875,-0.25,0.0,0.0,0.0,0.0625,0.125,0.125,0.125,0.25,-0.1875,-0.1875
517,w_boson_mediation,beta,-0.25,-0.625,-1.0625,-1.375,-1.125,-0.3125,0.0,0.125,0.125,-0.25,-0.75,-0.6875,-0.8125,-0.5625,-0.5,-0.0625,0.0,0.3125,0.75,-0.625,-0.3125,0.0,-0.25,-0.3125,-0.125,-0.125,0.4375,0.375,0.4375,0.1875,0.125
518,quark_change_z_plus1,beta,-0.5,0.0625,0.125,0.375,0.5625,0.875,0.125,0.125,0.125,-0.125,-0.6875,-0.625,-0.75,-0.3125,-0.25,-0.1875,-0.125,0.25,0.625,0.1875,0.0,0.0625,0.75,0.6875,0.1875,0.1875,0.25,0.375,0.375,-0.125,0.375
519,quark_change_z_plus1,beta,0.5625,0.0625,0.125,-0.1875,0.0625,0.3125,0.1875,0.1875,0.3125,-0.3125,-1.0,-0.875,-1.125,0.0,0.0625,-0.1875,-0.1875,0.1875,0.4375,0.1875,-0.25,-0.1875,0.375,0.375,0.0625,0.0625,0.4375,0.5,0.5,-0.25,0.125
520,quark_change_z_plus1,beta,0.6875,-0.0625,0.0625,-0.5,-0.3125,0.1875,0.1875,0.25,0.375,-0.5,-1.0,-1.0625,-1.125,0.0,0.125,-0.125,-0.125,0.125,0.375,-0.0625,0.0,-0.125,0.3125,0.3125,0.125,0.1875,0.625,0.6875,0.6875,-0.25,-0.0625
521,quark_change_z_plus1,beta,0.875,-0.375,-0.5625,-0.3125,-0.1875,0.0,0.125,0.125,0.25,-0.5,-0.75,-0.75,-0.9375,-0.1875,-0.0625,-0.25,-0.25,0.0625,0.625,0.0,-0.125,-0.3125,0.3125,0.25,0.3125,0.3125,0.375,0.4375,0.4375,0.0,0.0
522,quark_change_z_plus1,beta,-0.125,-0.0625,-0.0625,-0.4375,-0.1875,0.0,0.1875,0.1875,0.25,-0.5,-1.0,-0.9375,-1.125,-0.3125,-0.3125,-0.1875,-0.125,0.1875,0.625,0.0,-0.1875,-0.0625,0.4375,0.4375,0.0625,0.125,0.5,0.5,0.5,-0.125,0.1875
523,quark_change_z_plus1,beta,0.875,-0.375,-0.5,-0.9375,-0.5,-0.25,-0.125,-0.0625,0.0,-0.375,-0.9375,-0.875,-1.0,-0.3125,-0.25,-0.125,-0.125,0.1875,0.5625,-0.4375,-0.25,-0.125,0.3125,0.375,0.125,0.125,0.375,0.375,0.4375,-0.0625,0.0625
524,quark_change_z_plus1,beta,0.3125,-0.3125,-0.375,-0.3125,-0.1875,0.0,0.125,0.125,0.1875,-0.5,-0.75,-0.6875,-0.8125,-0.3125,-0.25,-0.1875,-0.1875,0.125,0.5625,0.0,-0.0625,-0.125,0.375,0.375,0.25,0.25,0.8125,0.8125,0.75,-0.0625,0.0625
525,quark_change_z_plus1,beta,0.4375,-0.0625,-0.125,-0.5,-0.375,0.375,0.125,0.125,0.1875,-0.625,-1.0625,-1.1875,-1.1875,-0.0625,-0.0625,-0.3125,-0.375,0.0625,0.375,-0.25,-0.3125,0.0,0.375,0.375,0.0625,0.0625,0.5625,0.4375,0.5625,-0.1875,-0.0625
526,quark_change_z_plus1,beta,0.625,0.0,0.0625,0.0625,0.0625,0.0,0.25,0.1875,0.25,-0.3125,-0.75,-0.5625,-0.875,-0.1875,-0.125,-0.1875,-0.1875,0.0625,0.25,0.0,-0.25,-0.1875,0.4375,0.4375,0.25,0.25,0.625,0.6875,0.625,-0.0625,0.1875
527,quark_change_z_plus1,beta,0.875,-0.6875,-0.6875,-0.5625,-0.4375,0.0625,0.125,0.125,0.125,-0.6875,-1.1875,-1.0625,-1.25,-0.375,-0.3125,-0.1875,-0.25,0.125,0.5625,-0.0625,-0.25,-0.3125,0.25,0.3125,0.1875,0.1875,0.5,0.5,0.5625,-0.125,-0.25
528,no_quark_flavour_change,alpha,1.3125,0.1875,0.1875,0.0625,0.0,0.4375,-0.125,-0.125,-0.125,-0.3125,0.25,-0.125,0.375,-0.0625,0.125,0.1875,0.0625,-0.5625,-0.5,0.1875,-0.0625,-0.125,-0.4375,-0.4375,0.0625,0.125,-0.25,-0.1875,-0.3125,-0.0625,-0.3125
529,not_weak_force,alpha,0.25,0.1875,0.1875,0.5,0.4375,1.0625,0.25,0.125,0.1875,-0.375,-0.1875,-0.25,-0.0625,0.125,0.125,0.125,-0.0625,-0.4375,-0.1875,0.5,0.125,-0.125,-0.125,-0.0625,0.0625,0.0625,-0.5,-0.4375,-0.5,0.0625,-0.3125
530,no_new_particles,alpha,1.0,0.3125,0.3125,0.5625,0.5,0.375,-0.125,-0.125,-0.1875,-0.0625,0.375,0.25,0.375,-0.0625,0.0625,0.25,0.0,-0.25,-0.1875,0.125,0.0625,0.0,-0.5,-0.5,0.0625,0.0625,-0.5,-0.4375,-0.625,-0.0625,-0.3125
531,discrete_energy_spectrum,alpha,1.25,0.5625,0.5625,0.6875,0.625,-0.0625,-0.125,-0.1875,-0.1875,-0.1875,0.3125,-0.0625,0.4375,0.25,0.375,0.4375,0.3125,-0.4375,-0.4375,0.1875,-0.125,0.1875,-0.1875,-0.1875,0.0625,0.0625,-0.0625,0.125,-0.0625,0.3125,0.0
532,element_shift_minus2,alpha,1.75,0.125,0.125,-0.0625,0.125,-0.0625,-0.3125,-0.3125,-0.375,0.1875,0.2812000000000001,0.2188000000000001,0.8437999999999999,-0.0625,-0.0625,-0.0625,-0.125,-0.6875,-0.375,-0.125,0.0,0.1875,-0.1875,-0.1875,0.0625,0.0625,-0.125,-0.125,-0.25,-0.0625,-0.25
533,continuous_energy_spectrum,beta,0.0625,-0.1875,-0.125,-0.375,-0.3125,0.125,0.125,0.0625,0.0625,0.125,-0.6875,-0.3125,-0.75,-0.5625,-0.75,-0.6875,-0.6875,0.0,0.4375,-0.5,0.5,-0.625,-0.125,-0.25,-0.375,-0.1875,-0.125,-0.1875,-0.125,-0.375,-0.1875
534,new_particles_created,beta,-0.5625,-0.375,-0.375,-0.6875,-0.5,-0.1875,0.0,0.0625,0.0,0.0,-0.5,-0.3125,-0.6875,0.0625,0.0625,0.1875,0.375,0.375,0.4375,-0.3125,0.4375,-0.1875,0.25,0.1875,-0.1875,-0.125,0.375,0.25,0.4375,0.0,0.125
535,lepton_number_increases,beta,-1.0,0.3125,0.0,-0.3125,-0.125,-0.375,0.0625,0.0,0.0,-0.1875,-0.4375,-0.375,-0.625,-0.0625,-0.125,-0.1875,-0.25,0.1875,0.5,-0.375,0.4375,-0.0625,0.3125,0.3125,-0.1875,-0.125,0.125,0.125,0.1875,-0.3125,0.4375
536,lightest_charged_elementary,beta,-1.125,-0.5625,-0.5,-1.25,-1.0,-0.4375,0.0625,0.0625,0.0625,-0.1875,-0.5625,-0.5625,-0.4375,-0.125,-0.25,-0.25,-0.125,0.3125,0.375,-0.375,-0.125,-0.125,0.3125,0.1875,-0.125,0.0,-0.0625,-0.125,0.0,-0.0625,0.375
537,element_shift_plus1,beta,-1.3125,0.125,0.0625,0.125,-0.0625,-0.0625,0.125,0.125,0.1875,0.0,-0.1875,-0.1875,-0.5625,-0.031300000000000106,0.0,0.0,0.1875,0.5,0.25,0.125,-0.0625,-0.25,0.125,0.125,-0.0625,0.0,0.3125,0.3125,0.4375,0.125,0.375
