cluster_id,n_features,representative,method,missingness_rate
0,37,L10_F148569,agglomerative,0.9479166666666666
5,5,L11_F107914,agglomerative,0.9479166666666666
4,5,L12_F39488,agglomerative,0.9479166666666666
7,5,L13_F132137,agglomerative,0.9479166666666666
2,5,L14_F59886,agglomerative,0.9479166666666666
6,5,L20_F16630,agglomerative,0.9479166666666666
3,5,L23_F40170,agglomerative,0.9479166666666666
1,5,L25_F121673,agglomerative,0.9479166666666666
