cluster_id,n_features,representative,method,missingness_rate
0,34,L17_F6720,agglomerative,0.9506340579710145
5,5,L16_F14097,agglomerative,0.9506340579710145
1,5,L19_F41536,agglomerative,0.9506340579710145
3,5,L21_F157518,agglomerative,0.9506340579710145
4,5,L22_F110496,agglomerative,0.9506340579710145
7,5,L23_F140107,agglomerative,0.9506340579710145
2,5,L24_F249,agglomerative,0.9506340579710145
6,5,L25_F71226,agglomerative,0.9506340579710145
