{
  "behaviour": "grammar_agreement",
  "experiment_type": "ablation",
  "n_experiments": 120,
  "mean_effect_size": 0.15143229166666666,
  "median_effect_size": 0.046875,
  "std_effect_size": 0.7471326596442557,
  "mean_abs_effect_size": 0.44283854166666664,
  "median_abs_effect_size": 0.2578125,
  "std_abs_effect_size": 0.6193365243618123,
  "mean_relative_effect": 0.1655421640520679,
  "mean_baseline_logit_diff": 3.72890625,
  "median_baseline_logit_diff": 3.859375,
  "mean_intervened_logit_diff": 3.8803385416666667,
  "median_intervened_logit_diff": 3.7890625,
  "sign_flip_rate": 0.016666666666666666,
  "n_sign_flips": 2,
  "timestamp": "2026-02-12T08:25:51.746773",
  "model_size": "4b",
  "transcoder_repo": "mwhanna/qwen3-4b-transcoders",
  "n_prompts": 20,
  "top_k": 5,
  "prompts_file": null,
  "source_prompts_file": null
}