{
  "graph_type": "presentation",
  "note": "Graph B (presentation only). Circuit membership derives from extract_circuit() path union in Graph A; this graph does NOT affect circuit membership.",
  "n_nodes": 16,
  "n_edges": 43,
  "top_n_io_edges": 10,
  "nodes": [
    {
      "id": "L15_F127839",
      "type": "feature",
      "layer": 15,
      "feature_idx": 127839,
      "n_prompts": 13,
      "frequency": 0.13541666666666666,
      "mean_grad_attr_conditional": -0.11615125147195962,
      "mean_abs_grad_attr_conditional": 0.19045159908441398,
      "grad_attr_sign": -1,
      "mean_score_conditional": -0.11615125147195962,
      "mean_abs_score_conditional": 0.19045159908441398,
      "specific_score": 0.16466127837506625,
      "std_score": 0.20047708629130231,
      "mean_score_missing0": -0.015728815303494532,
      "mean_abs_missing0": 0.025790320709347725,
      "position_role": "decision",
      "causal_status": "output_attributed"
    },
    {
      "id": "L16_F45664",
      "type": "feature",
      "layer": 16,
      "feature_idx": 45664,
      "n_prompts": 20,
      "frequency": 0.20833333333333334,
      "mean_grad_attr_conditional": 0.12367308475077152,
      "mean_abs_grad_attr_conditional": 0.2440053228288889,
      "grad_attr_sign": 1,
      "mean_score_conditional": 0.12367308475077152,
      "mean_abs_score_conditional": 0.2440053228288889,
      "specific_score": 0.19317088057287038,
      "std_score": 0.3074334103714359,
      "mean_score_missing0": 0.025765225989744067,
      "mean_abs_missing0": 0.05083444225601852,
      "position_role": "decision",
      "causal_status": "output_attributed"
    },
    {
      "id": "L17_F111317",
      "type": "feature",
      "layer": 17,
      "feature_idx": 111317,
      "n_prompts": 33,
      "frequency": 0.34375,
      "mean_grad_attr_conditional": 0.18626278232444415,
      "mean_abs_grad_attr_conditional": 0.2510148693214763,
      "grad_attr_sign": 1,
      "mean_score_conditional": 0.18626278232444415,
      "mean_abs_score_conditional": 0.2510148693214763,
      "specific_score": 0.16472850799221883,
      "std_score": 0.2364336090000661,
      "mean_score_missing0": 0.06402783142402768,
      "mean_abs_missing0": 0.08628636132925749,
      "position_role": "decision",
      "causal_status": "output_attributed"
    },
    {
      "id": "L18_F152973",
      "type": "feature",
      "layer": 18,
      "feature_idx": 152973,
      "n_prompts": 13,
      "frequency": 0.13541666666666666,
      "mean_grad_attr_conditional": 0.15027384861157492,
      "mean_abs_grad_attr_conditional": 0.17536532019193357,
      "grad_attr_sign": 1,
      "mean_score_conditional": 0.15027384861157492,
      "mean_abs_score_conditional": 0.17536532019193357,
      "specific_score": 0.15161793308260924,
      "std_score": 0.10190532318367022,
      "mean_score_missing0": 0.020349583666150767,
      "mean_abs_missing0": 0.023747387109324336,
      "position_role": "decision",
      "causal_status": "output_attributed"
    },
    {
      "id": "L19_F114972",
      "type": "feature",
      "layer": 19,
      "feature_idx": 114972,
      "n_prompts": 38,
      "frequency": 0.3958333333333333,
      "mean_grad_attr_conditional": 0.1281365509095945,
      "mean_abs_grad_attr_conditional": 0.2294862184085344,
      "grad_attr_sign": 1,
      "mean_score_conditional": 0.1281365509095945,
      "mean_abs_score_conditional": 0.2294862184085344,
      "specific_score": 0.13864792362182288,
      "std_score": 0.25357881866693394,
      "mean_score_missing0": 0.05072071806838115,
      "mean_abs_missing0": 0.09083829478671153,
      "position_role": "decision",
      "causal_status": "output_attributed"
    },
    {
      "id": "L20_F89742",
      "type": "feature",
      "layer": 20,
      "feature_idx": 89742,
      "n_prompts": 44,
      "frequency": 0.4583333333333333,
      "mean_grad_attr_conditional": -0.2404954917728901,
      "mean_abs_grad_attr_conditional": 0.27547775344415143,
      "grad_attr_sign": -1,
      "mean_score_conditional": -0.2404954917728901,
      "mean_abs_score_conditional": 0.27547775344415143,
      "specific_score": 0.1492171164489154,
      "std_score": 0.25817841193284646,
      "mean_score_missing0": -0.11022710039590795,
      "mean_abs_missing0": 0.12626063699523607,
      "position_role": "decision",
      "causal_status": "output_attributed"
    },
    {
      "id": "L21_F27974",
      "type": "feature",
      "layer": 21,
      "feature_idx": 27974,
      "n_prompts": 42,
      "frequency": 0.4375,
      "mean_grad_attr_conditional": 0.014953200306211199,
      "mean_abs_grad_attr_conditional": 0.2255008774144309,
      "grad_attr_sign": 1,
      "mean_score_conditional": 0.014953200306211199,
      "mean_abs_score_conditional": 0.2255008774144309,
      "specific_score": 0.12684424354561738,
      "std_score": 0.2484843849617114,
      "mean_score_missing0": 0.0065420251339674,
      "mean_abs_missing0": 0.09865663386881351,
      "position_role": "decision",
      "causal_status": "output_attributed"
    },
    {
      "id": "L22_F41906",
      "type": "feature",
      "layer": 22,
      "feature_idx": 41906,
      "n_prompts": 25,
      "frequency": 0.2604166666666667,
      "mean_grad_attr_conditional": -0.04174729585647583,
      "mean_abs_grad_attr_conditional": 0.1806510281562805,
      "grad_attr_sign": -1,
      "mean_score_conditional": -0.04174729585647583,
      "mean_abs_score_conditional": 0.1806510281562805,
      "specific_score": 0.13360648957391577,
      "std_score": 0.19331963210367484,
      "mean_score_missing0": -0.01087169162929058,
      "mean_abs_missing0": 0.047044538582364716,
      "position_role": "decision",
      "causal_status": "output_attributed"
    },
    {
      "id": "L23_F67377",
      "type": "feature",
      "layer": 23,
      "feature_idx": 67377,
      "n_prompts": 41,
      "frequency": 0.4270833333333333,
      "mean_grad_attr_conditional": 0.2376766471964557,
      "mean_abs_grad_attr_conditional": 0.2376766471964557,
      "grad_attr_sign": 1,
      "mean_score_conditional": 0.2376766471964557,
      "mean_abs_score_conditional": 0.2376766471964557,
      "specific_score": 0.13616891245630278,
      "std_score": 0.14423540483687822,
      "mean_score_missing0": 0.10150773474015296,
      "mean_abs_missing0": 0.10150773474015296,
      "position_role": "decision",
      "causal_status": "output_attributed"
    },
    {
      "id": "L23_F6889",
      "type": "feature",
      "layer": 23,
      "feature_idx": 6889,
      "n_prompts": 57,
      "frequency": 0.59375,
      "mean_grad_attr_conditional": -0.2636712881033881,
      "mean_abs_grad_attr_conditional": 0.2735163266198677,
      "grad_attr_sign": -1,
      "mean_score_conditional": -0.2636712881033881,
      "mean_abs_score_conditional": 0.2735163266198677,
      "specific_score": 0.11111600768932126,
      "std_score": 0.1603913399490623,
      "mean_score_missing0": -0.15655482731138667,
      "mean_abs_missing0": 0.16240031893054643,
      "position_role": "decision",
      "causal_status": "output_attributed"
    },
    {
      "id": "L24_F35447",
      "type": "feature",
      "layer": 24,
      "feature_idx": 35447,
      "n_prompts": 78,
      "frequency": 0.8125,
      "mean_grad_attr_conditional": -0.6813736660167192,
      "mean_abs_grad_attr_conditional": 0.6813736660167192,
      "grad_attr_sign": -1,
      "mean_score_conditional": -0.6813736660167192,
      "mean_abs_score_conditional": 0.6813736660167192,
      "specific_score": 0.12775756237813485,
      "std_score": 0.35723715860160277,
      "mean_score_missing0": -0.5536161036385844,
      "mean_abs_missing0": 0.5536161036385844,
      "position_role": "decision",
      "causal_status": "output_attributed"
    },
    {
      "id": "L25_F43384",
      "type": "feature",
      "layer": 25,
      "feature_idx": 43384,
      "n_prompts": 62,
      "frequency": 0.6458333333333334,