feature_id,layer,ranking_metric,rank,metric_value,community,role_label,prompt_idx,prompt_id,prompt_short,level,group_id,cue_label,latent_state_target,correct_answer,is_anchor,is_kw_variant,is_auxiliary,baseline_sign_diff,sign_correct
L10_F116205,10,abs_effect_size,1,6.8125,,,292,p0292,Unlike dark matter candidates (hypothetical massive particles that feel gravity ,AUX,?,,,photon,False,False,False,5.826063871383667,True
L10_F116205,10,abs_effect_size,2,5.84375,,,145,p0145,"Unlike the pion (massive, mediates residual nuclear force), which massless parti",AUX,?,,,photon,False,False,False,4.448410987854004,True
L10_F116205,10,abs_effect_size,3,5.625,,,288,p0288,"Unlike the phonon (a vibration quantum in a solid), which massless particle carr",AUX,?,,,photon,False,False,False,6.139462947845459,True
L10_F116205,10,abs_effect_size,4,5.625,,,418,p0418,"Unlike matter particles (which have rest mass), which massless particle always t",AUX,?,,,photon,False,False,False,3.9562950134277344,True
L10_F116205,10,abs_effect_size,5,5.1875,,,340,p0340,"Unlike massive charged particles like electrons and protons, which massless, unc",AUX,?,,,photon,False,False,False,4.579797744750977,True
L10_F116205,10,abs_effect_size,6,5.09375,,,75,p0075,"Unlike the electron (which has mass and charge), which massless particle mediate",AUX,?,,,photon,False,False,False,4.85789966583252,True
L10_F116205,10,abs_effect_size,7,5.0625,,,167,p0167,"Unlike the massive Z boson that mediates weak neutral currents, which massless b",AUX,?,,,photon,False,False,False,4.340040683746338,True
L10_F116205,10,abs_effect_size,8,4.59375,,,25,p0025,"Unlike the proton (a massive charged particle), which massless uncharged particl",AUX,?,,,photon,False,False,False,5.440845966339111,True
L10_F116205,10,abs_effect_size,9,4.5625,,,264,p0264,Which massless gauge boson is exchanged between charged particles to produce ele,AUX,?,,,photon,False,False,False,-1.0760321617126465,False
L10_F116205,10,abs_effect_size,10,4.40625,,,408,p0408,"Unlike the Higgs boson (which gives mass to particles), which massless boson car",AUX,?,,,photon,False,False,False,5.537413120269775,True
L10_F41460,10,abs_effect_size,1,6.875,,,292,p0292,Unlike dark matter candidates (hypothetical massive particles that feel gravity ,AUX,?,,,photon,False,False,False,5.826063871383667,True
L10_F41460,10,abs_effect_size,2,6.71875,,,145,p0145,"Unlike the pion (massive, mediates residual nuclear force), which massless parti",AUX,?,,,photon,False,False,False,4.448410987854004,True
L10_F41460,10,abs_effect_size,3,6.4375,,,288,p0288,"Unlike the phonon (a vibration quantum in a solid), which massless particle carr",AUX,?,,,photon,False,False,False,6.139462947845459,True
L10_F41460,10,abs_effect_size,4,5.75,,,418,p0418,"Unlike matter particles (which have rest mass), which massless particle always t",AUX,?,,,photon,False,False,False,3.9562950134277344,True
L10_F41460,10,abs_effect_size,5,5.15625,,,75,p0075,"Unlike the electron (which has mass and charge), which massless particle mediate",AUX,?,,,photon,False,False,False,4.85789966583252,True
L10_F41460,10,abs_effect_size,6,5.125,,,340,p0340,"Unlike massive charged particles like electrons and protons, which massless, unc",AUX,?,,,photon,False,False,False,4.579797744750977,True
L10_F41460,10,abs_effect_size,7,4.84375,,,25,p0025,"Unlike the proton (a massive charged particle), which massless uncharged particl",AUX,?,,,photon,False,False,False,5.440845966339111,True
L10_F41460,10,abs_effect_size,8,4.75,,,167,p0167,"Unlike the massive Z boson that mediates weak neutral currents, which massless b",AUX,?,,,photon,False,False,False,4.340040683746338,True
L10_F41460,10,abs_effect_size,9,4.5,,,346,p0346,"Unlike the muon (a charged, massive lepton), which massless, chargeless boson ac",AUX,?,,,photon,False,False,False,4.823732376098633,True
L10_F41460,10,abs_effect_size,10,4.28125,,,408,p0408,"Unlike the Higgs boson (which gives mass to particles), which massless boson car",AUX,?,,,photon,False,False,False,5.537413120269775,True
L10_F56424,10,abs_effect_size,1,6.625,,,292,p0292,Unlike dark matter candidates (hypothetical massive particles that feel gravity ,AUX,?,,,photon,False,False,False,5.826063871383667,True
L10_F56424,10,abs_effect_size,2,6.53125,,,145,p0145,"Unlike the pion (massive, mediates residual nuclear force), which massless parti",AUX,?,,,photon,False,False,False,4.448410987854004,True
L10_F56424,10,abs_effect_size,3,6.4375,,,288,p0288,"Unlike the phonon (a vibration quantum in a solid), which massless particle carr",AUX,?,,,photon,False,False,False,6.139462947845459,True
L10_F56424,10,abs_effect_size,4,5.5625,,,418,p0418,"Unlike matter particles (which have rest mass), which massless particle always t",AUX,?,,,photon,False,False,False,3.9562950134277344,True
L10_F56424,10,abs_effect_size,5,5.15625,,,75,p0075,"Unlike the electron (which has mass and charge), which massless particle mediate",AUX,?,,,photon,False,False,False,4.85789966583252,True
L10_F56424,10,abs_effect_size,6,5.125,,,340,p0340,"Unlike massive charged particles like electrons and protons, which massless, unc",AUX,?,,,photon,False,False,False,4.579797744750977,True
L10_F56424,10,abs_effect_size,7,4.75,,,167,p0167,"Unlike the massive Z boson that mediates weak neutral currents, which massless b",AUX,?,,,photon,False,False,False,4.340040683746338,True
L10_F56424,10,abs_effect_size,8,4.71875,,,25,p0025,"Unlike the proton (a massive charged particle), which massless uncharged particl",AUX,?,,,photon,False,False,False,5.440845966339111,True
L10_F56424,10,abs_effect_size,9,4.71875,,,346,p0346,"Unlike the muon (a charged, massive lepton), which massless, chargeless boson ac",AUX,?,,,photon,False,False,False,4.823732376098633,True
L10_F56424,10,abs_effect_size,10,4.34375,,,408,p0408,"Unlike the Higgs boson (which gives mass to particles), which massless boson car",AUX,?,,,photon,False,False,False,5.537413120269775,True
L10_F72085,10,abs_effect_size,1,7.0,,,292,p0292,Unlike dark matter candidates (hypothetical massive particles that feel gravity ,AUX,?,,,photon,False,False,False,5.826063871383667,True
L10_F72085,10,abs_effect_size,2,6.78125,,,145,p0145,"Unlike the pion (massive, mediates residual nuclear force), which massless parti",AUX,?,,,photon,False,False,False,4.448410987854004,True
L10_F72085,10,abs_effect_size,3,6.6875,,,288,p0288,"Unlike the phonon (a vibration quantum in a solid), which massless particle carr",AUX,?,,,photon,False,False,False,6.139462947845459,True
L10_F72085,10,abs_effect_size,4,5.9375,,,418,p0418,"Unlike matter particles (which have rest mass), which massless particle always t",AUX,?,,,photon,False,False,False,3.9562950134277344,True
L10_F72085,10,abs_effect_size,5,5.34375,,,75,p0075,"Unlike the electron (which has mass and charge), which massless particle mediate",AUX,?,,,photon,False,False,False,4.85789966583252,True
L10_F72085,10,abs_effect_size,6,5.28125,,,340,p0340,"Unlike massive charged particles like electrons and protons, which massless, unc",AUX,?,,,photon,False,False,False,4.579797744750977,True
L10_F72085,10,abs_effect_size,7,5.125,,,167,p0167,"Unlike the massive Z boson that mediates weak neutral currents, which massless b",AUX,?,,,photon,False,False,False,4.340040683746338,True
L10_F72085,10,abs_effect_size,8,4.90625,,,25,p0025,"Unlike the proton (a massive charged particle), which massless uncharged particl",AUX,?,,,photon,False,False,False,5.440845966339111,True
L10_F72085,10,abs_effect_size,9,4.6875,,,346,p0346,"Unlike the muon (a charged, massive lepton), which massless, chargeless boson ac",AUX,?,,,photon,False,False,False,4.823732376098633,True
L10_F72085,10,abs_effect_size,10,4.4375,,,408,p0408,"Unlike the Higgs boson (which gives mass to particles), which massless boson car",AUX,?,,,photon,False,False,False,5.537413120269775,True
L10_F9316,10,abs_effect_size,1,6.71875,,,145,p0145,"Unlike the pion (massive, mediates residual nuclear force), which massless parti",AUX,?,,,photon,False,False,False,4.448410987854004,True
L10_F9316,10,abs_effect_size,2,6.6875,,,292,p0292,Unlike dark matter candidates (hypothetical massive particles that feel gravity ,AUX,?,,,photon,False,False,False,5.826063871383667,True
L10_F9316,10,abs_effect_size,3,6.375,,,288,p0288,"Unlike the phonon (a vibration quantum in a solid), which massless particle carr",AUX,?,,,photon,False,False,False,6.139462947845459,True
L10_F9316,10,abs_effect_size,4,6.1875,,,418,p0418,"Unlike matter particles (which have rest mass), which massless particle always t",AUX,?,,,photon,False,False,False,3.9562950134277344,True
L10_F9316,10,abs_effect_size,5,5.34375,,,75,p0075,"Unlike the electron (which has mass and charge), which massless particle mediate",AUX,?,,,photon,False,False,False,4.85789966583252,True
L10_F9316,10,abs_effect_size,6,5.0,,,167,p0167,"Unlike the massive Z boson that mediates weak neutral currents, which massless b",AUX,?,,,photon,False,False,False,4.340040683746338,True
L10_F9316,10,abs_effect_size,7,5.0,,,340,p0340,"Unlike massive charged particles like electrons and protons, which massless, unc",AUX,?,,,photon,False,False,False,4.579797744750977,True
L10_F9316,10,abs_effect_size,8,4.78125,,,25,p0025,"Unlike the proton (a massive charged particle), which massless uncharged particl",AUX,?,,,photon,False,False,False,5.440845966339111,True
L10_F9316,10,abs_effect_size,9,4.53125,,,346,p0346,"Unlike the muon (a charged, massive lepton), which massless, chargeless boson ac",AUX,?,,,photon,False,False,False,4.823732376098633,True
L10_F9316,10,abs_effect_size,10,4.5,,,408,p0408,"Unlike the Higgs boson (which gives mass to particles), which massless boson car",AUX,?,,,photon,False,False,False,5.537413120269775,True
L11_F134274,11,abs_effect_size,1,3.34375,,,413,p0413,What is the quantum of the electromagnetic field called? Answer:,AUX,?,,,photon,False,False,False,6.356540679931641,True
L11_F134274,11,abs_effect_size,2,3.21875,,,61,p0061,Carbon-12 has six protons and six neutral nuclear particles in its nucleus. What,AUX,?,,,neutron,False,False,False,6.376859664916992,True
L11_F134274,11,abs_effect_size,3,2.625,,,142,p0142,"In lead-208, there are 82 protons and 126 neutral nuclear particles. What are th",AUX,?,,,neutron,False,False,False,8.174721240997314,True
L11_F134274,11,abs_effect_size,4,2.46875,,,12,p0012,The mass number of a nucleus equals the total count of its protons plus its neut,AUX,?,,,neutron,False,False,False,7.734220504760742,True
L11_F134274,11,abs_effect_size,5,2.40625,,,190,p0190,Carbon-12's stability comes partly from equal numbers of protons and neutral nuc,AUX,?,,,neutron,False,False,False,7.0172271728515625,True
L11_F134274,11,abs_effect_size,6,2.3125,,,170,p0170,The nuclear strong force acts equally between protons and the neutral particles ,AUX,?,,,neutron,False,False,False,6.037257194519043,True
L11_F134274,11,abs_effect_size,7,2.25,,,186,p0186,"Unlike the electron, which massless particle is emitted when an atom undergoes a",AUX,?,,,photon,False,False,False,2.118959426879883,True
L11_F134274,11,abs_effect_size,8,2.125,,,133,p0133,"When a nucleus captures a neutral particle in a reactor, it may become an unstab",AUX,?,,,neutron,False,False,False,6.594324588775635,True
L11_F134274,11,abs_effect_size,9,2.03125,,,225,p0225,"In radiation therapy, high-energy discrete electromagnetic packets are directed ",AUX,?,,,photon,False,False,False,-0.3262643814086914,False
L11_F134274,11,abs_effect_size,10,2.0,,,16,p0016,"Which massless, chargeless particle is emitted or absorbed during atomic energy ",AUX,?,,,photon,False,False,False,1.5003962516784668,True
L11_F9723,11,abs_effect_size,1,3.5,,,413,p0413,What is the quantum of the electromagnetic field called? Answer:,AUX,?,,,photon,False,False,False,6.356540679931641,True
L11_F9723,11,abs_effect_size,2,3.09375,,,61,p0061,Carbon-12 has six protons and six neutral nuclear particles in its nucleus. What,AUX,?,,,neutron,False,False,False,6.376859664916992,True
L11_F9723,11,abs_effect_size,3,2.625,,,142,p0142,"In lead-208, there are 82 protons and 126 neutral nuclear particles. What are th",AUX,?,,,neutron,False,False,False,8.174721240997314,True
L11_F9723,11,abs_effect_size,4,2.40625,,,12,p0012,The mass number of a nucleus equals the total count of its protons plus its neut,AUX,?,,,neutron,False,False,False,7.734220504760742,True
L11_F9723,11,abs_effect_size,5,2.28125,,,186,p0186,"Unlike the electron, which massless particle is emitted when an atom undergoes a",AUX,?,,,photon,False,False,False,2.118959426879883,True
L11_F9723,11,abs_effect_size,6,2.25,,,133,p0133,"When a nucleus captures a neutral particle in a reactor, it may become an unstab",AUX,?,,,neutron,False,False,False,6.594324588775635,True
L11_F9723,11,abs_effect_size,7,2.21875,,,190,p0190,Carbon-12's stability comes partly from equal numbers of protons and neutral nuc,AUX,?,,,neutron,False,False,False,7.0172271728515625,True
L11_F9723,11,abs_effect_size,8,2.125,,,170,p0170,The nuclear strong force acts equally between protons and the neutral particles ,AUX,?,,,neutron,False,False,False,6.037257194519043,True
L11_F9723,11,abs_effect_size,9,2.0625,,,16,p0016,"Which massless, chargeless particle is emitted or absorbed during atomic energy ",AUX,?,,,photon,False,False,False,1.5003962516784668,True
L11_F9723,11,abs_effect_size,10,2.0,,,80,p0080,"While protons cause electromagnetic repulsion in the nucleus, which neutral part",AUX,?,,,neutron,False,False,False,8.256889343261719,True
L12_F100195,12,abs_effect_size,1,3.8125,,,151,p0151,"In particle physics, virtual particles mediate forces; the virtual particle resp",AUX,?,,,photon,False,False,False,5.048319339752197,True
L12_F100195,12,abs_effect_size,2,2.96875,,,61,p0061,Carbon-12 has six protons and six neutral nuclear particles in its nucleus. What,AUX,?,,,neutron,False,False,False,6.376859664916992,True
L12_F100195,12,abs_effect_size,3,2.90625,,,443,p0443,Unlike the W and Z bosons (which give the weak force a short range due to their ,AUX,?,,,photon,False,False,False,5.592960834503174,True
L12_F100195,12,abs_effect_size,4,2.5,,,395,p0395,James Chadwick discovered a neutral nuclear particle in 1932 by bombarding beryl,AUX,?,,,neutron,False,False,False,3.621847152709961,True
L12_F100195,12,abs_effect_size,5,2.375,,,291,p0291,"Radio antennas emit electromagnetic radiation; at the quantum level, the energy ",AUX,?,,,photon,False,False,False,4.377542018890381,True
L12_F100195,12,abs_effect_size,6,2.1875,,,343,p0343,Which constituent of atomic nuclei carries no electric charge? Answer:,AUX,?,,,neutron,False,False,False,6.5862767696380615,True
L12_F100195,12,abs_effect_size,7,1.96875,,,358,p0358,"In Doppler laser cooling, discrete electromagnetic packets carry momentum that s",AUX,?,,,photon,False,False,False,3.232701301574707,True
L12_F100195,12,abs_effect_size,8,1.9375,,,228,p0228,Which massless particle carries a discrete packet of electromagnetic energy? Ans,AUX,?,,,photon,False,False,False,3.765594959259033,True
L12_F100195,12,abs_effect_size,9,1.9375,,,432,p0432,Which fundamental particle is the carrier of both light and electromagnetic radi,AUX,?,,,photon,False,False,False,2.0639381408691406,True
L12_F100195,12,abs_effect_size,10,1.8125,,,240,p0240,"In Compton scattering, an X-ray interacts with an electron by exchanging a discr",AUX,?,,,photon,False,False,False,4.95566463470459,True
L12_F159359,12,abs_effect_size,1,3.9375,4.0,α-attr,151,p0151,"In particle physics, virtual particles mediate forces; the virtual particle resp",AUX,?,,,photon,False,False,False,5.048319339752197,True
L12_F159359,12,abs_effect_size,2,3.0625,4.0,α-attr,61,p0061,Carbon-12 has six protons and six neutral nuclear particles in its nucleus. What,AUX,?,,,neutron,False,False,False,6.376859664916992,True
L12_F159359,12,abs_effect_size,3,2.90625,4.0,α-attr,443,p0443,Unlike the W and Z bosons (which give the weak force a short range due to their ,AUX,?,,,photon,False,False,False,5.592960834503174,True
L12_F159359,12,abs_effect_size,4,2.8125,4.0,α-attr,395,p0395,James Chadwick discovered a neutral nuclear particle in 1932 by bombarding beryl,AUX,?,,,neutron,False,False,False,3.621847152709961,True
L12_F159359,12,abs_effect_size,5,2.3125,4.0,α-attr,291,p0291,"Radio antennas emit electromagnetic radiation; at the quantum level, the energy ",AUX,?,,,photon,False,False,False,4.377542018890381,True
L12_F159359,12,abs_effect_size,6,2.15625,4.0,α-attr,358,p0358,"In Doppler laser cooling, discrete electromagnetic packets carry momentum that s",AUX,?,,,photon,False,False,False,3.232701301574707,True
L12_F159359,12,abs_effect_size,7,1.875,4.0,α-attr,417,p0417,The weak force is short-range due to the mass of its force carriers; in contrast,AUX,?,,,photon,False,False,False,4.077683448791504,True
L12_F159359,12,abs_effect_size,8,1.8125,4.0,α-attr,228,p0228,Which massless particle carries a discrete packet of electromagnetic energy? Ans,AUX,?,,,photon,False,False,False,3.765594959259033,True
L12_F159359,12,abs_effect_size,9,1.8125,4.0,α-attr,240,p0240,"In Compton scattering, an X-ray interacts with an electron by exchanging a discr",AUX,?,,,photon,False,False,False,4.95566463470459,True
L12_F159359,12,abs_effect_size,10,1.75,4.0,α-attr,202,p0202,"In neutron activation, bombarding a stable nucleus with a neutral particle makes",AUX,?,,,neutron,False,False,False,7.845130205154419,True
L12_F50000,12,abs_effect_size,1,3.6875,3.0,α-attr,151,p0151,"In particle physics, virtual particles mediate forces; the virtual particle resp",AUX,?,,,photon,False,False,False,5.048319339752197,True
L12_F50000,12,abs_effect_size,2,3.125,3.0,α-attr,395,p0395,James Chadwick discovered a neutral nuclear particle in 1932 by bombarding beryl,AUX,?,,,neutron,False,False,False,3.621847152709961,True
L12_F50000,12,abs_effect_size,3,2.78125,3.0,α-attr,443,p0443,Unlike the W and Z bosons (which give the weak force a short range due to their ,AUX,?,,,photon,False,False,False,5.592960834503174,True
L12_F50000,12,abs_effect_size,4,2.75,3.0,α-attr,61,p0061,Carbon-12 has six protons and six neutral nuclear particles in its nucleus. What,AUX,?,,,neutron,False,False,False,6.376859664916992,True
L12_F50000,12,abs_effect_size,5,2.25,3.0,α-attr,291,p0291,"Radio antennas emit electromagnetic radiation; at the quantum level, the energy ",AUX,?,,,photon,False,False,False,4.377542018890381,True
L12_F50000,12,abs_effect_size,6,1.9375,3.0,α-attr,343,p0343,Which constituent of atomic nuclei carries no electric charge? Answer:,AUX,?,,,neutron,False,False,False,6.5862767696380615,True
L12_F50000,12,abs_effect_size,7,1.9375,3.0,α-attr,367,p0367,Protons and which neutral nuclear particle together are collectively called nucl,AUX,?,,,neutron,False,False,False,6.942437171936035,True
L12_F50000,12,abs_effect_size,8,1.9375,3.0,α-attr,432,p0432,Which fundamental particle is the carrier of both light and electromagnetic radi,AUX,?,,,photon,False,False,False,2.0639381408691406,True
L12_F50000,12,abs_effect_size,9,1.8125,3.0,α-attr,228,p0228,Which massless particle carries a discrete packet of electromagnetic energy? Ans,AUX,?,,,photon,False,False,False,3.765594959259033,True
L12_F50000,12,abs_effect_size,10,1.78125,3.0,α-attr,358,p0358,"In Doppler laser cooling, discrete electromagnetic packets carry momentum that s",AUX,?,,,photon,False,False,False,3.232701301574707,True
L13_F132297,13,abs_effect_size,1,4.84375,,,312,p0312,"In nuclear medicine, radioactive isotopes with too few neutral particles relativ",AUX,?,,,neutron,False,False,False,4.960377216339111,True
L13_F132297,13,abs_effect_size,2,4.46875,,,325,p0325,"Unlike spin-2 gravitons (theoretical, carry gravity), which spin-1 massless part",AUX,?,,,photon,False,False,False,3.0164108276367188,True
L13_F132297,13,abs_effect_size,3,3.78125,,,145,p0145,"Unlike the pion (massive, mediates residual nuclear force), which massless parti",AUX,?,,,photon,False,False,False,4.448410987854004,True
L13_F132297,13,abs_effect_size,4,3.359375,,,148,p0148,"Which particle, when exchanged between two charges, gives rise to the electromag",AUX,?,,,photon,False,False,False,-0.7653512954711914,False
L13_F132297,13,abs_effect_size,5,3.25,,,93,p0093,"Unlike the proton, which nuclear particle can be added to a nucleus without chan",AUX,?,,,neutron,False,False,False,8.711501598358154,True
L13_F132297,13,abs_effect_size,6,3.21875,,,418,p0418,"Unlike matter particles (which have rest mass), which massless particle always t",AUX,?,,,photon,False,False,False,3.9562950134277344,True
L13_F132297,13,abs_effect_size,7,3.0625,,,413,p0413,What is the quantum of the electromagnetic field called? Answer:,AUX,?,,,photon,False,False,False,6.356540679931641,True
L13_F132297,13,abs_effect_size,8,3.0,,,103,p0103,"Which nuclear particle, when counted, gives the atomic number of an element? Ans",AUX,?,,,proton,False,False,False,-0.3510103225708008,False
L13_F132297,13,abs_effect_size,9,3.0,,,270,p0270,Unlike electrons (which orbit the nucleus and can be transferred in chemical rea,AUX,?,,,neutron,False,False,False,4.724963665008545,True
L13_F132297,13,abs_effect_size,10,2.875,,,15,p0015,Which particle in the nucleus carries zero electric charge? Answer:,AUX,?,,,neutron,False,False,False,5.128715991973877,True
L13_F13278,13,abs_effect_size,1,4.59375,,,312,p0312,"In nuclear medicine, radioactive isotopes with too few neutral particles relativ",AUX,?,,,neutron,False,False,False,4.960377216339111,True
L13_F13278,13,abs_effect_size,2,4.25,,,325,p0325,"Unlike spin-2 gravitons (theoretical, carry gravity), which spin-1 massless part",AUX,?,,,photon,False,False,False,3.0164108276367188,True
L13_F13278,13,abs_effect_size,3,3.53125,,,145,p0145,"Unlike the pion (massive, mediates residual nuclear force), which massless parti",AUX,?,,,photon,False,False,False,4.448410987854004,True
L13_F13278,13,abs_effect_size,4,3.125,,,148,p0148,"Which particle, when exchanged between two charges, gives rise to the electromag",AUX,?,,,photon,False,False,False,-0.7653512954711914,False
L13_F13278,13,abs_effect_size,5,3.125,,,413,p0413,What is the quantum of the electromagnetic field called? Answer:,AUX,?,,,photon,False,False,False,6.356540679931641,True
L13_F13278,13,abs_effect_size,6,3.0625,,,93,p0093,"Unlike the proton, which nuclear particle can be added to a nucleus without chan",AUX,?,,,neutron,False,False,False,8.711501598358154,True
L13_F13278,13,abs_effect_size,7,3.0625,,,418,p0418,"Unlike matter particles (which have rest mass), which massless particle always t",AUX,?,,,photon,False,False,False,3.9562950134277344,True
L13_F13278,13,abs_effect_size,8,3.03125,,,103,p0103,"Which nuclear particle, when counted, gives the atomic number of an element? Ans",AUX,?,,,proton,False,False,False,-0.3510103225708008,False
L13_F13278,13,abs_effect_size,9,3.0,,,196,p0196,Which particle in the nucleus is neutral? Answer:,AUX,?,,,neutron,False,False,False,4.731135845184326,True
L13_F13278,13,abs_effect_size,10,2.875,,,50,p0050,"While adding a proton would change the element entirely, adding which neutral nu",AUX,?,,,neutron,False,False,False,11.935192227363586,True
L14_F18110,14,abs_effect_size,1,3.9375,,,432,p0432,Which fundamental particle is the carrier of both light and electromagnetic radi,AUX,?,,,photon,False,False,False,2.0639381408691406,True
L14_F18110,14,abs_effect_size,2,3.40625,,,103,p0103,"Which nuclear particle, when counted, gives the atomic number of an element? Ans",AUX,?,,,proton,False,False,False,-0.3510103225708008,False
L14_F18110,14,abs_effect_size,3,3.3125,,,301,p0301,"Which nuclear particle, when present in the right number relative to protons, pr",AUX,?,,,neutron,False,False,False,6.355813980102539,True
L14_F18110,14,abs_effect_size,4,3.1875,,,312,p0312,"In nuclear medicine, radioactive isotopes with too few neutral particles relativ",AUX,?,,,neutron,False,False,False,4.960377216339111,True
L14_F18110,14,abs_effect_size,5,3.15625,,,325,p0325,"Unlike spin-2 gravitons (theoretical, carry gravity), which spin-1 massless part",AUX,?,,,photon,False,False,False,3.0164108276367188,True
L14_F18110,14,abs_effect_size,6,2.4375,,,138,p0138,Which nuclear particle has zero charge but significant mass? Answer:,AUX,?,,,neutron,False,False,False,9.601098537445068,True
L14_F18110,14,abs_effect_size,7,2.421875,,,409,p0409,Which positively charged particle is found in every atomic nucleus? Answer:,AUX,?,,,proton,False,False,False,3.5273561477661133,True
L14_F18110,14,abs_effect_size,8,2.3125,,,33,p0033,Which massive particle in the nucleus is positively charged? Answer:,AUX,?,,,proton,False,False,False,1.815616607666016,True
L14_F18110,14,abs_effect_size,9,2.21875,,,320,p0320,Which massless boson is emitted when an atom undergoes a downward energy transit,AUX,?,,,photon,False,False,False,3.1731648445129395,True
L14_F18110,14,abs_effect_size,10,2.15625,,,243,p0243,Isotopes of an element have the same atomic number but different mass numbers be,AUX,?,,,neutron,False,False,False,5.39505672454834,True
L15_F131368,15,abs_effect_size,1,3.3125,,,151,p0151,"In particle physics, virtual particles mediate forces; the virtual particle resp",AUX,?,,,photon,False,False,False,5.048319339752197,True
L15_F131368,15,abs_effect_size,2,3.0625,,,292,p0292,Unlike dark matter candidates (hypothetical massive particles that feel gravity ,AUX,?,,,photon,False,False,False,5.826063871383667,True
L15_F131368,15,abs_effect_size,3,3.046875,,,328,p0328,"Unlike the neutrino (which is very light and rarely interacts), which massive ne",AUX,?,,,neutron,False,False,False,1.5706934928894043,True
L15_F131368,15,abs_effect_size,4,2.40625,,,391,p0391,Which massless boson is the mediator of the electromagnetic interaction in the S,AUX,?,,,photon,False,False,False,3.2196531295776367,True
L15_F131368,15,abs_effect_size,5,2.40625,,,443,p0443,Unlike the W and Z bosons (which give the weak force a short range due to their ,AUX,?,,,photon,False,False,False,5.592960834503174,True
L15_F131368,15,abs_effect_size,6,2.03125,,,346,p0346,"Unlike the muon (a charged, massive lepton), which massless, chargeless boson ac",AUX,?,,,photon,False,False,False,4.823732376098633,True
L15_F131368,15,abs_effect_size,7,2.0,,,221,p0221,"Unlike the graviton (hypothetical, massless, but mediates gravity), which confir",AUX,?,,,photon,False,False,False,7.76081371307373,True
L15_F131368,15,abs_effect_size,8,2.0,,,417,p0417,The weak force is short-range due to the mass of its force carriers; in contrast,AUX,?,,,photon,False,False,False,4.077683448791504,True
L15_F131368,15,abs_effect_size,9,1.9375,,,53,p0053,Which zero-mass particle is the force carrier of electromagnetism? Answer:,AUX,?,,,photon,False,False,False,0.4686808586120605,True
L15_F131368,15,abs_effect_size,10,1.9375,,,123,p0123,"Unlike the W+ boson (charged weak force mediator with significant mass), which m",AUX,?,,,photon,False,False,False,6.073936462402344,True
L15_F142865,15,abs_effect_size,1,3.3125,,,151,p0151,"In particle physics, virtual particles mediate forces; the virtual particle resp",AUX,?,,,photon,False,False,False,5.048319339752197,True
L15_F142865,15,abs_effect_size,2,3.171875,,,328,p0328,"Unlike the neutrino (which is very light and rarely interacts), which massive ne",AUX,?,,,neutron,False,False,False,1.5706934928894043,True
L15_F142865,15,abs_effect_size,3,2.9375,,,292,p0292,Unlike dark matter candidates (hypothetical massive particles that feel gravity ,AUX,?,,,photon,False,False,False,5.826063871383667,True
L15_F142865,15,abs_effect_size,4,2.34375,,,391,p0391,Which massless boson is the mediator of the electromagnetic interaction in the S,AUX,?,,,photon,False,False,False,3.2196531295776367,True
L15_F142865,15,abs_effect_size,5,2.28125,,,443,p0443,Unlike the W and Z bosons (which give the weak force a short range due to their ,AUX,?,,,photon,False,False,False,5.592960834503174,True
L15_F142865,15,abs_effect_size,6,2.03125,,,346,p0346,"Unlike the muon (a charged, massive lepton), which massless, chargeless boson ac",AUX,?,,,photon,False,False,False,4.823732376098633,True
L15_F142865,15,abs_effect_size,7,1.96875,,,221,p0221,"Unlike the graviton (hypothetical, massless, but mediates gravity), which confir",AUX,?,,,photon,False,False,False,7.76081371307373,True
L15_F142865,15,abs_effect_size,8,1.9375,,,53,p0053,Which zero-mass particle is the force carrier of electromagnetism? Answer:,AUX,?,,,photon,False,False,False,0.4686808586120605,True
L15_F142865,15,abs_effect_size,9,1.9375,,,417,p0417,The weak force is short-range due to the mass of its force carriers; in contrast,AUX,?,,,photon,False,False,False,4.077683448791504,True
L15_F142865,15,abs_effect_size,10,1.875,,,47,p0047,"Unlike the massive carriers of the weak force, which zero-mass carrier transmits",AUX,?,,,photon,False,False,False,4.064589500427246,True
L15_F45839,15,abs_effect_size,1,3.703125,3.0,α-attr,328,p0328,"Unlike the neutrino (which is very light and rarely interacts), which massive ne",AUX,?,,,neutron,False,False,False,1.5706934928894043,True
L15_F45839,15,abs_effect_size,2,3.5,3.0,α-attr,151,p0151,"In particle physics, virtual particles mediate forces; the virtual particle resp",AUX,?,,,photon,False,False,False,5.048319339752197,True
L15_F45839,15,abs_effect_size,3,2.75,3.0,α-attr,292,p0292,Unlike dark matter candidates (hypothetical massive particles that feel gravity ,AUX,?,,,photon,False,False,False,5.826063871383667,True
L15_F45839,15,abs_effect_size,4,2.53125,3.0,α-attr,443,p0443,Unlike the W and Z bosons (which give the weak force a short range due to their ,AUX,?,,,photon,False,False,False,5.592960834503174,True
L15_F45839,15,abs_effect_size,5,2.28125,3.0,α-attr,221,p0221,"Unlike the graviton (hypothetical, massless, but mediates gravity), which confir",AUX,?,,,photon,False,False,False,7.76081371307373,True
L15_F45839,15,abs_effect_size,6,2.28125,3.0,α-attr,391,p0391,Which massless boson is the mediator of the electromagnetic interaction in the S,AUX,?,,,photon,False,False,False,3.2196531295776367,True
L15_F45839,15,abs_effect_size,7,2.25,3.0,α-attr,417,p0417,The weak force is short-range due to the mass of its force carriers; in contrast,AUX,?,,,photon,False,False,False,4.077683448791504,True
L15_F45839,15,abs_effect_size,8,2.125,3.0,α-attr,148,p0148,"Which particle, when exchanged between two charges, gives rise to the electromag",AUX,?,,,photon,False,False,False,-0.7653512954711914,False
L15_F45839,15,abs_effect_size,9,2.09375,3.0,α-attr,223,p0223,"Unlike the graviton (hypothetical, carries gravity), which confirmed massless pa",AUX,?,,,photon,False,False,False,6.112358808517456,True
L15_F45839,15,abs_effect_size,10,2.0625,3.0,α-attr,123,p0123,"Unlike the W+ boson (charged weak force mediator with significant mass), which m",AUX,?,,,photon,False,False,False,6.073936462402344,True
L15_F76750,15,abs_effect_size,1,3.234375,,,328,p0328,"Unlike the neutrino (which is very light and rarely interacts), which massive ne",AUX,?,,,neutron,False,False,False,1.5706934928894043,True
L15_F76750,15,abs_effect_size,2,3.125,,,151,p0151,"In particle physics, virtual particles mediate forces; the virtual particle resp",AUX,?,,,photon,False,False,False,5.048319339752197,True
L15_F76750,15,abs_effect_size,3,2.9375,,,292,p0292,Unlike dark matter candidates (hypothetical massive particles that feel gravity ,AUX,?,,,photon,False,False,False,5.826063871383667,True
L15_F76750,15,abs_effect_size,4,2.34375,,,443,p0443,Unlike the W and Z bosons (which give the weak force a short range due to their ,AUX,?,,,photon,False,False,False,5.592960834503174,True
L15_F76750,15,abs_effect_size,5,2.28125,,,391,p0391,Which massless boson is the mediator of the electromagnetic interaction in the S,AUX,?,,,photon,False,False,False,3.2196531295776367,True
L15_F76750,15,abs_effect_size,6,2.0625,,,53,p0053,Which zero-mass particle is the force carrier of electromagnetism? Answer:,AUX,?,,,photon,False,False,False,0.4686808586120605,True
L15_F76750,15,abs_effect_size,7,2.0,,,221,p0221,"Unlike the graviton (hypothetical, massless, but mediates gravity), which confir",AUX,?,,,photon,False,False,False,7.76081371307373,True
L15_F76750,15,abs_effect_size,8,2.0,,,417,p0417,The weak force is short-range due to the mass of its force carriers; in contrast,AUX,?,,,photon,False,False,False,4.077683448791504,True
L15_F76750,15,abs_effect_size,9,1.90625,,,47,p0047,"Unlike the massive carriers of the weak force, which zero-mass carrier transmits",AUX,?,,,photon,False,False,False,4.064589500427246,True
L15_F76750,15,abs_effect_size,10,1.90625,,,346,p0346,"Unlike the muon (a charged, massive lepton), which massless, chargeless boson ac",AUX,?,,,photon,False,False,False,4.823732376098633,True
L16_F35329,16,abs_effect_size,1,3.34375,,,413,p0413,What is the quantum of the electromagnetic field called? Answer:,AUX,?,,,photon,False,False,False,6.356540679931641,True
L16_F35329,16,abs_effect_size,2,2.84375,,,103,p0103,"Which nuclear particle, when counted, gives the atomic number of an element? Ans",AUX,?,,,proton,False,False,False,-0.3510103225708008,False
L16_F35329,16,abs_effect_size,3,2.75,,,79,p0079,Unlike the pion (which mediates residual strong force between nucleons and has m,AUX,?,,,photon,False,False,False,5.40229868888855,True
L16_F35329,16,abs_effect_size,4,2.6875,,,151,p0151,"In particle physics, virtual particles mediate forces; the virtual particle resp",AUX,?,,,photon,False,False,False,5.048319339752197,True
L16_F35329,16,abs_effect_size,5,2.5625,,,50,p0050,"While adding a proton would change the element entirely, adding which neutral nu",AUX,?,,,neutron,False,False,False,11.935192227363586,True
L16_F35329,16,abs_effect_size,6,2.5625,,,343,p0343,Which constituent of atomic nuclei carries no electric charge? Answer:,AUX,?,,,neutron,False,False,False,6.5862767696380615,True
L16_F35329,16,abs_effect_size,7,2.4375,,,138,p0138,Which nuclear particle has zero charge but significant mass? Answer:,AUX,?,,,neutron,False,False,False,9.601098537445068,True
L16_F35329,16,abs_effect_size,8,2.15625,,,432,p0432,Which fundamental particle is the carrier of both light and electromagnetic radi,AUX,?,,,photon,False,False,False,2.0639381408691406,True
L16_F35329,16,abs_effect_size,9,2.125,,,33,p0033,Which massive particle in the nucleus is positively charged? Answer:,AUX,?,,,proton,False,False,False,1.815616607666016,True
L16_F35329,16,abs_effect_size,10,2.125,,,147,p0147,"Unlike the charged W± bosons (which mediate charged current interactions), which",AUX,?,,,photon,False,False,False,5.208723545074463,True
L17_F119141,17,abs_effect_size,1,4.84375,,,367,p0367,Protons and which neutral nuclear particle together are collectively called nucl,AUX,?,,,neutron,False,False,False,6.942437171936035,True
L17_F119141,17,abs_effect_size,2,3.3125,,,79,p0079,Unlike the pion (which mediates residual strong force between nucleons and has m,AUX,?,,,photon,False,False,False,5.40229868888855,True
L17_F119141,17,abs_effect_size,3,3.171875,,,328,p0328,"Unlike the neutrino (which is very light and rarely interacts), which massive ne",AUX,?,,,neutron,False,False,False,1.5706934928894043,True
L17_F119141,17,abs_effect_size,4,3.125,,,292,p0292,Unlike dark matter candidates (hypothetical massive particles that feel gravity ,AUX,?,,,photon,False,False,False,5.826063871383667,True
L17_F119141,17,abs_effect_size,5,2.75,,,399,p0399,"Unlike the Higgs boson (which has mass and gives other particles their mass), wh",AUX,?,,,photon,False,False,False,5.040262222290039,True
L17_F119141,17,abs_effect_size,6,2.59375,,,443,p0443,Unlike the W and Z bosons (which give the weak force a short range due to their ,AUX,?,,,photon,False,False,False,5.592960834503174,True
L17_F119141,17,abs_effect_size,7,2.46875,,,145,p0145,"Unlike the pion (massive, mediates residual nuclear force), which massless parti",AUX,?,,,photon,False,False,False,4.448410987854004,True
L17_F119141,17,abs_effect_size,8,2.375,,,45,p0045,"When a nucleus has too few neutral particles relative to protons, it undergoes p",AUX,?,,,neutron,False,False,False,5.502025127410889,True
L17_F119141,17,abs_effect_size,9,2.25,,,151,p0151,"In particle physics, virtual particles mediate forces; the virtual particle resp",AUX,?,,,photon,False,False,False,5.048319339752197,True
L17_F119141,17,abs_effect_size,10,2.1875,,,17,p0017,"During nuclear de-excitation, the nucleus releases energy as a very high-energy ",AUX,?,,,photon,False,False,False,0.7735161781311035,True
L18_F71234,18,abs_effect_size,1,5.8125,1.0,β-attr,148,p0148,"Which particle, when exchanged between two charges, gives rise to the electromag",AUX,?,,,photon,False,False,False,-0.7653512954711914,False
L18_F71234,18,abs_effect_size,2,4.78125,1.0,β-attr,312,p0312,"In nuclear medicine, radioactive isotopes with too few neutral particles relativ",AUX,?,,,neutron,False,False,False,4.960377216339111,True
L18_F71234,18,abs_effect_size,3,4.5625,1.0,β-attr,264,p0264,Which massless gauge boson is exchanged between charged particles to produce ele,AUX,?,,,photon,False,False,False,-1.0760321617126465,False
L18_F71234,18,abs_effect_size,4,4.40625,1.0,β-attr,391,p0391,Which massless boson is the mediator of the electromagnetic interaction in the S,AUX,?,,,photon,False,False,False,3.2196531295776367,True
L18_F71234,18,abs_effect_size,5,4.3125,1.0,β-attr,151,p0151,"In particle physics, virtual particles mediate forces; the virtual particle resp",AUX,?,,,photon,False,False,False,5.048319339752197,True
L18_F71234,18,abs_effect_size,6,4.21875,1.0,β-attr,380,p0380,Which particle is the quantum of electromagnetic radiation? Answer:,AUX,?,,,photon,False,False,False,0.5401186943054199,True
L18_F71234,18,abs_effect_size,7,3.921875,1.0,β-attr,328,p0328,"Unlike the neutrino (which is very light and rarely interacts), which massive ne",AUX,?,,,neutron,False,False,False,1.5706934928894043,True
L18_F71234,18,abs_effect_size,8,3.75,1.0,β-attr,250,p0250,The massless nature of the electromagnetic force carrier means electromagnetic f,AUX,?,,,photon,False,False,False,1.0698022842407229,True
L18_F71234,18,abs_effect_size,9,3.6875,1.0,β-attr,161,p0161,"In optical fibres, information is encoded in pulses of massless electromagnetic ",AUX,?,,,photon,False,False,False,1.3522825241088867,True
L18_F71234,18,abs_effect_size,10,3.6875,1.0,β-attr,247,p0247,Which massless particle mediates the electromagnetic force between charged parti,AUX,?,,,photon,False,False,False,0.5027980804443359,True
L19_F39488,19,abs_effect_size,1,3.546875,1.0,β-attr,246,p0246,"Heavy water (D2O) contains deuterium nuclei, each with one proton and one neutra",AUX,?,,,neutron,False,False,False,8.044711709022522,True
L19_F39488,19,abs_effect_size,2,2.75,1.0,β-attr,121,p0121,"In heavy nuclei like uranium, the ratio of neutral nuclear particles to protons ",AUX,?,,,neutron,False,False,False,8.160660743713379,True
L19_F39488,19,abs_effect_size,3,2.5,1.0,β-attr,142,p0142,"In lead-208, there are 82 protons and 126 neutral nuclear particles. What are th",AUX,?,,,neutron,False,False,False,8.174721240997314,True
L19_F39488,19,abs_effect_size,4,2.4375,1.0,β-attr,406,p0406,"Deuterium, the heavy isotope of hydrogen, contains one proton and one neutral nu",AUX,?,,,neutron,False,False,False,8.731446027755737,True
L19_F39488,19,abs_effect_size,5,2.0,1.0,β-attr,313,p0313,The SEMF (semi-empirical mass formula) includes an asymmetry term that penalises,AUX,?,,,neutron,False,False,False,9.21216869354248,True
L19_F39488,19,abs_effect_size,6,1.96875,1.0,β-attr,61,p0061,Carbon-12 has six protons and six neutral nuclear particles in its nucleus. What,AUX,?,,,neutron,False,False,False,6.376859664916992,True
L19_F39488,19,abs_effect_size,7,1.9375,1.0,β-attr,17,p0017,"During nuclear de-excitation, the nucleus releases energy as a very high-energy ",AUX,?,,,photon,False,False,False,0.7735161781311035,True
L19_F39488,19,abs_effect_size,8,1.90625,1.0,β-attr,212,p0212,"During stimulated Raman scattering, an incoming massless electromagnetic particl",AUX,?,,,photon,False,False,False,3.5123653411865234,True
L19_F39488,19,abs_effect_size,9,1.90625,1.0,β-attr,443,p0443,Unlike the W and Z bosons (which give the weak force a short range due to their ,AUX,?,,,photon,False,False,False,5.592960834503174,True
L19_F39488,19,abs_effect_size,10,1.875,1.0,β-attr,207,p0207,"During beta-minus decay, a neutral nuclear particle converts to a proton, adjust",AUX,?,,,neutron,False,False,False,5.266707181930542,True
L19_F41536,19,abs_effect_size,1,3.6875,1.0,β-attr,246,p0246,"Heavy water (D2O) contains deuterium nuclei, each with one proton and one neutra",AUX,?,,,neutron,False,False,False,8.044711709022522,True
L19_F41536,19,abs_effect_size,2,2.875,1.0,β-attr,121,p0121,"In heavy nuclei like uranium, the ratio of neutral nuclear particles to protons ",AUX,?,,,neutron,False,False,False,8.160660743713379,True
L19_F41536,19,abs_effect_size,3,2.8125,1.0,β-attr,142,p0142,"In lead-208, there are 82 protons and 126 neutral nuclear particles. What are th",AUX,?,,,neutron,False,False,False,8.174721240997314,True
L19_F41536,19,abs_effect_size,4,2.3125,1.0,β-attr,212,p0212,"During stimulated Raman scattering, an incoming massless electromagnetic particl",AUX,?,,,photon,False,False,False,3.5123653411865234,True
L19_F41536,19,abs_effect_size,5,2.3125,1.0,β-attr,406,p0406,"Deuterium, the heavy isotope of hydrogen, contains one proton and one neutral nu",AUX,?,,,neutron,False,False,False,8.731446027755737,True
L19_F41536,19,abs_effect_size,6,2.125,1.0,β-attr,51,p0051,"The periodic table organises elements by atomic number, which counts a specific ",AUX,?,,,proton,False,False,False,4.032049179077148,True
L19_F41536,19,abs_effect_size,7,2.125,1.0,β-attr,313,p0313,The SEMF (semi-empirical mass formula) includes an asymmetry term that penalises,AUX,?,,,neutron,False,False,False,9.21216869354248,True
L19_F41536,19,abs_effect_size,8,2.0625,1.0,β-attr,177,p0177,"In absorption spectroscopy, atoms or molecules remove specific discrete electrom",AUX,?,,,photon,False,False,False,2.114299774169922,True
L19_F41536,19,abs_effect_size,9,2.0625,1.0,β-attr,267,p0267,"In inverse beta decay, an antineutrino interacts with a positively charged nucle",AUX,?,,,proton,False,False,False,3.060757160186768,True
L19_F41536,19,abs_effect_size,10,2.03125,1.0,β-attr,96,p0096,"In Thomson scattering, a massless electromagnetic particle scatters off a free e",AUX,?,,,photon,False,False,False,4.42772912979126,True
L19_F54110,19,abs_effect_size,1,3.8125,,,246,p0246,"Heavy water (D2O) contains deuterium nuclei, each with one proton and one neutra",AUX,?,,,neutron,False,False,False,8.044711709022522,True
L19_F54110,19,abs_effect_size,2,3.03125,,,121,p0121,"In heavy nuclei like uranium, the ratio of neutral nuclear particles to protons ",AUX,?,,,neutron,False,False,False,8.160660743713379,True
L19_F54110,19,abs_effect_size,3,2.78125,,,142,p0142,"In lead-208, there are 82 protons and 126 neutral nuclear particles. What are th",AUX,?,,,neutron,False,False,False,8.174721240997314,True
L19_F54110,19,abs_effect_size,4,2.4375,,,312,p0312,"In nuclear medicine, radioactive isotopes with too few neutral particles relativ",AUX,?,,,neutron,False,False,False,4.960377216339111,True
L19_F54110,19,abs_effect_size,5,2.4375,,,406,p0406,"Deuterium, the heavy isotope of hydrogen, contains one proton and one neutral nu",AUX,?,,,neutron,False,False,False,8.731446027755737,True
L19_F54110,19,abs_effect_size,6,2.34375,,,61,p0061,Carbon-12 has six protons and six neutral nuclear particles in its nucleus. What,AUX,?,,,neutron,False,False,False,6.376859664916992,True
L19_F54110,19,abs_effect_size,7,2.15625,,,296,p0296,"In positron emission tomography, an emitted positron immediately annihilates wit",AUX,?,,,electron,False,False,False,6.94698429107666,True
L19_F54110,19,abs_effect_size,8,2.125,,,212,p0212,"During stimulated Raman scattering, an incoming massless electromagnetic particl",AUX,?,,,photon,False,False,False,3.5123653411865234,True
L19_F54110,19,abs_effect_size,9,2.03125,,,207,p0207,"During beta-minus decay, a neutral nuclear particle converts to a proton, adjust",AUX,?,,,neutron,False,False,False,5.266707181930542,True
L19_F54110,19,abs_effect_size,10,2.0,,,51,p0051,"The periodic table organises elements by atomic number, which counts a specific ",AUX,?,,,proton,False,False,False,4.032049179077148,True
L19_F59757,19,abs_effect_size,1,3.921875,,,246,p0246,"Heavy water (D2O) contains deuterium nuclei, each with one proton and one neutra",AUX,?,,,neutron,False,False,False,8.044711709022522,True
L19_F59757,19,abs_effect_size,2,3.09375,,,121,p0121,"In heavy nuclei like uranium, the ratio of neutral nuclear particles to protons ",AUX,?,,,neutron,False,False,False,8.160660743713379,True
L19_F59757,19,abs_effect_size,3,2.78125,,,142,p0142,"In lead-208, there are 82 protons and 126 neutral nuclear particles. What are th",AUX,?,,,neutron,False,False,False,8.174721240997314,True
L19_F59757,19,abs_effect_size,4,2.703125,,,406,p0406,"Deuterium, the heavy isotope of hydrogen, contains one proton and one neutral nu",AUX,?,,,neutron,False,False,False,8.731446027755737,True
L19_F59757,19,abs_effect_size,5,2.5,,,312,p0312,"In nuclear medicine, radioactive isotopes with too few neutral particles relativ",AUX,?,,,neutron,False,False,False,4.960377216339111,True
L19_F59757,19,abs_effect_size,6,2.46875,,,61,p0061,Carbon-12 has six protons and six neutral nuclear particles in its nucleus. What,AUX,?,,,neutron,False,False,False,6.376859664916992,True
L19_F59757,19,abs_effect_size,7,2.3125,,,108,p0108,"In nuclear structure physics, adding one neutral particle to carbon-12 produces ",AUX,?,,,neutron,False,False,False,5.977040410041809,True
L19_F59757,19,abs_effect_size,8,2.28125,,,212,p0212,"During stimulated Raman scattering, an incoming massless electromagnetic particl",AUX,?,,,photon,False,False,False,3.5123653411865234,True
L19_F59757,19,abs_effect_size,9,2.1875,,,296,p0296,"In positron emission tomography, an emitted positron immediately annihilates wit",AUX,?,,,electron,False,False,False,6.94698429107666,True
L19_F59757,19,abs_effect_size,10,2.15625,,,96,p0096,"In Thomson scattering, a massless electromagnetic particle scatters off a free e",AUX,?,,,photon,False,False,False,4.42772912979126,True
L20_F101109,20,abs_effect_size,1,5.875,1.0,α-attr,148,p0148,"Which particle, when exchanged between two charges, gives rise to the electromag",AUX,?,,,photon,False,False,False,-0.7653512954711914,False
L20_F101109,20,abs_effect_size,2,5.25,1.0,α-attr,247,p0247,Which massless particle mediates the electromagnetic force between charged parti,AUX,?,,,photon,False,False,False,0.5027980804443359,True
L20_F101109,20,abs_effect_size,3,5.21875,1.0,α-attr,305,p0305,Atomic emission spectra arise when atoms release discrete packets of electromagn,AUX,?,,,photon,False,False,False,1.6420698165893557,True
L20_F101109,20,abs_effect_size,4,5.125,1.0,α-attr,138,p0138,Which nuclear particle has zero charge but significant mass? Answer:,AUX,?,,,neutron,False,False,False,9.601098537445068,True
L20_F101109,20,abs_effect_size,5,5.09375,1.0,α-attr,301,p0301,"Which nuclear particle, when present in the right number relative to protons, pr",AUX,?,,,neutron,False,False,False,6.355813980102539,True
L20_F101109,20,abs_effect_size,6,4.96875,1.0,α-attr,325,p0325,"Unlike spin-2 gravitons (theoretical, carry gravity), which spin-1 massless part",AUX,?,,,photon,False,False,False,3.0164108276367188,True
L20_F101109,20,abs_effect_size,7,4.9375,1.0,α-attr,80,p0080,"While protons cause electromagnetic repulsion in the nucleus, which neutral part",AUX,?,,,neutron,False,False,False,8.256889343261719,True
L20_F101109,20,abs_effect_size,8,4.65625,1.0,α-attr,414,p0414,"While electrons are expelled in beta-minus decay, which neutral nuclear particle",AUX,?,,,neutron,False,False,False,3.9894614219665527,True
L20_F101109,20,abs_effect_size,9,4.5625,1.0,α-attr,114,p0114,"Unlike electrons and protons, which nuclear particle cannot be detected directly",AUX,?,,,neutron,False,False,False,11.32456636428833,True
L20_F101109,20,abs_effect_size,10,4.375,1.0,α-attr,432,p0432,Which fundamental particle is the carrier of both light and electromagnetic radi,AUX,?,,,photon,False,False,False,2.0639381408691406,True
L20_F111138,20,abs_effect_size,1,6.0625,,,148,p0148,"Which particle, when exchanged between two charges, gives rise to the electromag",AUX,?,,,photon,False,False,False,-0.7653512954711914,False
L20_F111138,20,abs_effect_size,2,5.375,,,138,p0138,Which nuclear particle has zero charge but significant mass? Answer:,AUX,?,,,neutron,False,False,False,9.601098537445068,True
L20_F111138,20,abs_effect_size,3,5.1875,,,247,p0247,Which massless particle mediates the electromagnetic force between charged parti,AUX,?,,,photon,False,False,False,0.5027980804443359,True
L20_F111138,20,abs_effect_size,4,5.1875,,,301,p0301,"Which nuclear particle, when present in the right number relative to protons, pr",AUX,?,,,neutron,False,False,False,6.355813980102539,True
L20_F111138,20,abs_effect_size,5,5.15625,,,325,p0325,"Unlike spin-2 gravitons (theoretical, carry gravity), which spin-1 massless part",AUX,?,,,photon,False,False,False,3.0164108276367188,True
L20_F111138,20,abs_effect_size,6,5.0625,,,305,p0305,Atomic emission spectra arise when atoms release discrete packets of electromagn,AUX,?,,,photon,False,False,False,1.6420698165893557,True
L20_F111138,20,abs_effect_size,7,4.875,,,80,p0080,"While protons cause electromagnetic repulsion in the nucleus, which neutral part",AUX,?,,,neutron,False,False,False,8.256889343261719,True
L20_F111138,20,abs_effect_size,8,4.59375,,,414,p0414,"While electrons are expelled in beta-minus decay, which neutral nuclear particle",AUX,?,,,neutron,False,False,False,3.9894614219665527,True
L20_F111138,20,abs_effect_size,9,4.5625,,,432,p0432,Which fundamental particle is the carrier of both light and electromagnetic radi,AUX,?,,,photon,False,False,False,2.0639381408691406,True
L20_F111138,20,abs_effect_size,10,4.5,,,53,p0053,Which zero-mass particle is the force carrier of electromagnetism? Answer:,AUX,?,,,photon,False,False,False,0.4686808586120605,True
L20_F111313,20,abs_effect_size,1,6.125,,,148,p0148,"Which particle, when exchanged between two charges, gives rise to the electromag",AUX,?,,,photon,False,False,False,-0.7653512954711914,False
L20_F111313,20,abs_effect_size,2,5.1875,,,138,p0138,Which nuclear particle has zero charge but significant mass? Answer:,AUX,?,,,neutron,False,False,False,9.601098537445068,True
L20_F111313,20,abs_effect_size,3,5.15625,,,301,p0301,"Which nuclear particle, when present in the right number relative to protons, pr",AUX,?,,,neutron,False,False,False,6.355813980102539,True
L20_F111313,20,abs_effect_size,4,5.15625,,,305,p0305,Atomic emission spectra arise when atoms release discrete packets of electromagn,AUX,?,,,photon,False,False,False,1.6420698165893557,True
L20_F111313,20,abs_effect_size,5,5.0625,,,247,p0247,Which massless particle mediates the electromagnetic force between charged parti,AUX,?,,,photon,False,False,False,0.5027980804443359,True
L20_F111313,20,abs_effect_size,6,5.0625,,,325,p0325,"Unlike spin-2 gravitons (theoretical, carry gravity), which spin-1 massless part",AUX,?,,,photon,False,False,False,3.0164108276367188,True
L20_F111313,20,abs_effect_size,7,4.78125,,,80,p0080,"While protons cause electromagnetic repulsion in the nucleus, which neutral part",AUX,?,,,neutron,False,False,False,8.256889343261719,True
L20_F111313,20,abs_effect_size,8,4.6875,,,414,p0414,"While electrons are expelled in beta-minus decay, which neutral nuclear particle",AUX,?,,,neutron,False,False,False,3.9894614219665527,True
L20_F111313,20,abs_effect_size,9,4.5625,,,53,p0053,Which zero-mass particle is the force carrier of electromagnetism? Answer:,AUX,?,,,photon,False,False,False,0.4686808586120605,True
L20_F111313,20,abs_effect_size,10,4.5625,,,432,p0432,Which fundamental particle is the carrier of both light and electromagnetic radi,AUX,?,,,photon,False,False,False,2.0639381408691406,True
L20_F117855,20,abs_effect_size,1,6.3125,,,148,p0148,"Which particle, when exchanged between two charges, gives rise to the electromag",AUX,?,,,photon,False,False,False,-0.7653512954711914,False
L20_F117855,20,abs_effect_size,2,5.3125,,,305,p0305,Atomic emission spectra arise when atoms release discrete packets of electromagn,AUX,?,,,photon,False,False,False,1.6420698165893557,True
L20_F117855,20,abs_effect_size,3,5.25,,,138,p0138,Which nuclear particle has zero charge but significant mass? Answer:,AUX,?,,,neutron,False,False,False,9.601098537445068,True
L20_F117855,20,abs_effect_size,4,5.1875,,,247,p0247,Which massless particle mediates the electromagnetic force between charged parti,AUX,?,,,photon,False,False,False,0.5027980804443359,True
L20_F117855,20,abs_effect_size,5,5.09375,,,301,p0301,"Which nuclear particle, when present in the right number relative to protons, pr",AUX,?,,,neutron,False,False,False,6.355813980102539,True
L20_F117855,20,abs_effect_size,6,5.09375,,,325,p0325,"Unlike spin-2 gravitons (theoretical, carry gravity), which spin-1 massless part",AUX,?,,,photon,False,False,False,3.0164108276367188,True
L20_F117855,20,abs_effect_size,7,4.9375,,,80,p0080,"While protons cause electromagnetic repulsion in the nucleus, which neutral part",AUX,?,,,neutron,False,False,False,8.256889343261719,True
L20_F117855,20,abs_effect_size,8,4.65625,,,114,p0114,"Unlike electrons and protons, which nuclear particle cannot be detected directly",AUX,?,,,neutron,False,False,False,11.32456636428833,True
L20_F117855,20,abs_effect_size,9,4.65625,,,414,p0414,"While electrons are expelled in beta-minus decay, which neutral nuclear particle",AUX,?,,,neutron,False,False,False,3.9894614219665527,True
L20_F117855,20,abs_effect_size,10,4.5625,,,432,p0432,Which fundamental particle is the carrier of both light and electromagnetic radi,AUX,?,,,photon,False,False,False,2.0639381408691406,True
L20_F24337,20,abs_effect_size,1,6.125,1.0,α-attr,148,p0148,"Which particle, when exchanged between two charges, gives rise to the electromag",AUX,?,,,photon,False,False,False,-0.7653512954711914,False
L20_F24337,20,abs_effect_size,2,5.53125,1.0,α-attr,325,p0325,"Unlike spin-2 gravitons (theoretical, carry gravity), which spin-1 massless part",AUX,?,,,photon,False,False,False,3.0164108276367188,True
L20_F24337,20,abs_effect_size,3,5.34375,1.0,α-attr,301,p0301,"Which nuclear particle, when present in the right number relative to protons, pr",AUX,?,,,neutron,False,False,False,6.355813980102539,True
L20_F24337,20,abs_effect_size,4,5.34375,1.0,α-attr,305,p0305,Atomic emission spectra arise when atoms release discrete packets of electromagn,AUX,?,,,photon,False,False,False,1.6420698165893557,True
L20_F24337,20,abs_effect_size,5,5.1875,1.0,α-attr,80,p0080,"While protons cause electromagnetic repulsion in the nucleus, which neutral part",AUX,?,,,neutron,False,False,False,8.256889343261719,True
L20_F24337,20,abs_effect_size,6,5.1875,1.0,α-attr,138,p0138,Which nuclear particle has zero charge but significant mass? Answer:,AUX,?,,,neutron,False,False,False,9.601098537445068,True
L20_F24337,20,abs_effect_size,7,4.875,1.0,α-attr,247,p0247,Which massless particle mediates the electromagnetic force between charged parti,AUX,?,,,photon,False,False,False,0.5027980804443359,True
L20_F24337,20,abs_effect_size,8,4.6875,1.0,α-attr,114,p0114,"Unlike electrons and protons, which nuclear particle cannot be detected directly",AUX,?,,,neutron,False,False,False,11.32456636428833,True
L20_F24337,20,abs_effect_size,9,4.6875,1.0,α-attr,414,p0414,"While electrons are expelled in beta-minus decay, which neutral nuclear particle",AUX,?,,,neutron,False,False,False,3.9894614219665527,True
L20_F24337,20,abs_effect_size,10,4.5625,1.0,α-attr,432,p0432,Which fundamental particle is the carrier of both light and electromagnetic radi,AUX,?,,,photon,False,False,False,2.0639381408691406,True
L21_F122057,21,abs_effect_size,1,4.5625,,,305,p0305,Atomic emission spectra arise when atoms release discrete packets of electromagn,AUX,?,,,photon,False,False,False,1.6420698165893557,True
L21_F122057,21,abs_effect_size,2,4.375,,,413,p0413,What is the quantum of the electromagnetic field called? Answer:,AUX,?,,,photon,False,False,False,6.356540679931641,True
L21_F122057,21,abs_effect_size,3,3.5625,,,127,p0127,"In photochemistry, a reaction is triggered when a molecule absorbs a discrete el",AUX,?,,,photon,False,False,False,2.6260881423950195,True
L21_F122057,21,abs_effect_size,4,3.4375,,,366,p0366,"In bioluminescence, chemical reactions in organisms produce discrete electromagn",AUX,?,,,photon,False,False,False,1.7533321380615234,True
L21_F122057,21,abs_effect_size,5,3.3125,,,132,p0132,"In positron emission tomography, two discrete high-energy electromagnetic packet",AUX,?,,,photon,False,False,False,0.8937830924987793,True
L21_F122057,21,abs_effect_size,6,3.21875,,,329,p0329,"In synchrotron radiation, relativistic electrons emit discrete electromagnetic e",AUX,?,,,photon,False,False,False,1.6339683532714844,True
L21_F122057,21,abs_effect_size,7,3.09375,,,358,p0358,"In Doppler laser cooling, discrete electromagnetic packets carry momentum that s",AUX,?,,,photon,False,False,False,3.232701301574707,True
L21_F122057,21,abs_effect_size,8,2.75,,,17,p0017,"During nuclear de-excitation, the nucleus releases energy as a very high-energy ",AUX,?,,,photon,False,False,False,0.7735161781311035,True
L21_F122057,21,abs_effect_size,9,2.6875,,,130,p0130,"In Mössbauer spectroscopy, discrete high-energy electromagnetic packets are emit",AUX,?,,,photon,False,False,False,0.5805397033691406,True
L21_F122057,21,abs_effect_size,10,2.5625,,,343,p0343,Which constituent of atomic nuclei carries no electric charge? Answer:,AUX,?,,,neutron,False,False,False,6.5862767696380615,True
L21_F144598,21,abs_effect_size,1,3.90625,2.0,α-attr,305,p0305,Atomic emission spectra arise when atoms release discrete packets of electromagn,AUX,?,,,photon,False,False,False,1.6420698165893557,True
L21_F144598,21,abs_effect_size,2,3.53125,2.0,α-attr,127,p0127,"In photochemistry, a reaction is triggered when a molecule absorbs a discrete el",AUX,?,,,photon,False,False,False,2.6260881423950195,True
L21_F144598,21,abs_effect_size,3,2.84375,2.0,α-attr,358,p0358,"In Doppler laser cooling, discrete electromagnetic packets carry momentum that s",AUX,?,,,photon,False,False,False,3.232701301574707,True
L21_F144598,21,abs_effect_size,4,2.8125,2.0,α-attr,413,p0413,What is the quantum of the electromagnetic field called? Answer:,AUX,?,,,photon,False,False,False,6.356540679931641,True
L21_F144598,21,abs_effect_size,5,2.53125,2.0,α-attr,329,p0329,"In synchrotron radiation, relativistic electrons emit discrete electromagnetic e",AUX,?,,,photon,False,False,False,1.6339683532714844,True
L21_F144598,21,abs_effect_size,6,2.5,2.0,α-attr,221,p0221,"Unlike the graviton (hypothetical, massless, but mediates gravity), which confir",AUX,?,,,photon,False,False,False,7.76081371307373,True
L21_F144598,21,abs_effect_size,7,2.4375,2.0,α-attr,343,p0343,Which constituent of atomic nuclei carries no electric charge? Answer:,AUX,?,,,neutron,False,False,False,6.5862767696380615,True
L21_F144598,21,abs_effect_size,8,2.375,2.0,α-attr,159,p0159,"In stimulated emission, an incoming discrete electromagnetic packet triggers an ",AUX,?,,,photon,False,False,False,3.316478729248047,True
L21_F144598,21,abs_effect_size,9,2.34375,2.0,α-attr,223,p0223,"Unlike the graviton (hypothetical, carries gravity), which confirmed massless pa",AUX,?,,,photon,False,False,False,6.112358808517456,True
L21_F144598,21,abs_effect_size,10,2.3125,2.0,α-attr,366,p0366,"In bioluminescence, chemical reactions in organisms produce discrete electromagn",AUX,?,,,photon,False,False,False,1.7533321380615234,True
L21_F15419,21,abs_effect_size,1,4.5625,,,305,p0305,Atomic emission spectra arise when atoms release discrete packets of electromagn,AUX,?,,,photon,False,False,False,1.6420698165893557,True
L21_F15419,21,abs_effect_size,2,4.25,,,413,p0413,What is the quantum of the electromagnetic field called? Answer:,AUX,?,,,photon,False,False,False,6.356540679931641,True
L21_F15419,21,abs_effect_size,3,3.59375,,,127,p0127,"In photochemistry, a reaction is triggered when a molecule absorbs a discrete el",AUX,?,,,photon,False,False,False,2.6260881423950195,True
L21_F15419,21,abs_effect_size,4,3.375,,,132,p0132,"In positron emission tomography, two discrete high-energy electromagnetic packet",AUX,?,,,photon,False,False,False,0.8937830924987793,True
L21_F15419,21,abs_effect_size,5,3.375,,,366,p0366,"In bioluminescence, chemical reactions in organisms produce discrete electromagn",AUX,?,,,photon,False,False,False,1.7533321380615234,True
L21_F15419,21,abs_effect_size,6,3.09375,,,329,p0329,"In synchrotron radiation, relativistic electrons emit discrete electromagnetic e",AUX,?,,,photon,False,False,False,1.6339683532714844,True
L21_F15419,21,abs_effect_size,7,3.09375,,,358,p0358,"In Doppler laser cooling, discrete electromagnetic packets carry momentum that s",AUX,?,,,photon,False,False,False,3.232701301574707,True
L21_F15419,21,abs_effect_size,8,2.8125,,,17,p0017,"During nuclear de-excitation, the nucleus releases energy as a very high-energy ",AUX,?,,,photon,False,False,False,0.7735161781311035,True
L21_F15419,21,abs_effect_size,9,2.6875,,,130,p0130,"In Mössbauer spectroscopy, discrete high-energy electromagnetic packets are emit",AUX,?,,,photon,False,False,False,0.5805397033691406,True
L21_F15419,21,abs_effect_size,10,2.53125,,,115,p0115,"In fluorescence microscopy, fluorescent labels emit discrete electromagnetic ene",AUX,?,,,photon,False,False,False,1.849224090576172,True
L21_F20252,21,abs_effect_size,1,4.0,2.0,α-attr,413,p0413,What is the quantum of the electromagnetic field called? Answer:,AUX,?,,,photon,False,False,False,6.356540679931641,True
L21_F20252,21,abs_effect_size,2,3.53125,2.0,α-attr,127,p0127,"In photochemistry, a reaction is triggered when a molecule absorbs a discrete el",AUX,?,,,photon,False,False,False,2.6260881423950195,True
L21_F20252,21,abs_effect_size,3,3.46875,2.0,α-attr,305,p0305,Atomic emission spectra arise when atoms release discrete packets of electromagn,AUX,?,,,photon,False,False,False,1.6420698165893557,True
L21_F20252,21,abs_effect_size,4,3.03125,2.0,α-attr,358,p0358,"In Doppler laser cooling, discrete electromagnetic packets carry momentum that s",AUX,?,,,photon,False,False,False,3.232701301574707,True
L21_F20252,21,abs_effect_size,5,2.65625,2.0,α-attr,329,p0329,"In synchrotron radiation, relativistic electrons emit discrete electromagnetic e",AUX,?,,,photon,False,False,False,1.6339683532714844,True
L21_F20252,21,abs_effect_size,6,2.375,2.0,α-attr,366,p0366,"In bioluminescence, chemical reactions in organisms produce discrete electromagn",AUX,?,,,photon,False,False,False,1.7533321380615234,True
L21_F20252,21,abs_effect_size,7,2.3125,2.0,α-attr,130,p0130,"In Mössbauer spectroscopy, discrete high-energy electromagnetic packets are emit",AUX,?,,,photon,False,False,False,0.5805397033691406,True
L21_F20252,21,abs_effect_size,8,2.3125,2.0,α-attr,159,p0159,"In stimulated emission, an incoming discrete electromagnetic packet triggers an ",AUX,?,,,photon,False,False,False,3.316478729248047,True
L21_F20252,21,abs_effect_size,9,2.3125,2.0,α-attr,372,p0372,"In Coulomb's law, the force between two charges can be understood quantum mechan",AUX,?,,,photon,False,False,False,6.448289394378662,True
L21_F20252,21,abs_effect_size,10,2.25,2.0,α-attr,221,p0221,"Unlike the graviton (hypothetical, massless, but mediates gravity), which confir",AUX,?,,,photon,False,False,False,7.76081371307373,True
L21_F27974,21,abs_effect_size,1,4.46875,1.0,α-attr,305,p0305,Atomic emission spectra arise when atoms release discrete packets of electromagn,AUX,?,,,photon,False,False,False,1.6420698165893557,True
L21_F27974,21,abs_effect_size,2,4.1875,1.0,α-attr,413,p0413,What is the quantum of the electromagnetic field called? Answer:,AUX,?,,,photon,False,False,False,6.356540679931641,True
L21_F27974,21,abs_effect_size,3,3.5,1.0,α-attr,127,p0127,"In photochemistry, a reaction is triggered when a molecule absorbs a discrete el",AUX,?,,,photon,False,False,False,2.6260881423950195,True
L21_F27974,21,abs_effect_size,4,3.15625,1.0,α-attr,358,p0358,"In Doppler laser cooling, discrete electromagnetic packets carry momentum that s",AUX,?,,,photon,False,False,False,3.232701301574707,True
L21_F27974,21,abs_effect_size,5,3.09375,1.0,α-attr,329,p0329,"In synchrotron radiation, relativistic electrons emit discrete electromagnetic e",AUX,?,,,photon,False,False,False,1.6339683532714844,True
L21_F27974,21,abs_effect_size,6,3.0,1.0,α-attr,366,p0366,"In bioluminescence, chemical reactions in organisms produce discrete electromagn",AUX,?,,,photon,False,False,False,1.7533321380615234,True
L21_F27974,21,abs_effect_size,7,2.875,1.0,α-attr,17,p0017,"During nuclear de-excitation, the nucleus releases energy as a very high-energy ",AUX,?,,,photon,False,False,False,0.7735161781311035,True
L21_F27974,21,abs_effect_size,8,2.75,1.0,α-attr,132,p0132,"In positron emission tomography, two discrete high-energy electromagnetic packet",AUX,?,,,photon,False,False,False,0.8937830924987793,True
L21_F27974,21,abs_effect_size,9,2.5625,1.0,α-attr,130,p0130,"In Mössbauer spectroscopy, discrete high-energy electromagnetic packets are emit",AUX,?,,,photon,False,False,False,0.5805397033691406,True
L21_F27974,21,abs_effect_size,10,2.5,1.0,α-attr,221,p0221,"Unlike the graviton (hypothetical, massless, but mediates gravity), which confir",AUX,?,,,photon,False,False,False,7.76081371307373,True
L21_F31790,21,abs_effect_size,1,4.4375,1.0,α-attr,305,p0305,Atomic emission spectra arise when atoms release discrete packets of electromagn,AUX,?,,,photon,False,False,False,1.6420698165893557,True
L21_F31790,21,abs_effect_size,2,4.375,1.0,α-attr,413,p0413,What is the quantum of the electromagnetic field called? Answer:,AUX,?,,,photon,False,False,False,6.356540679931641,True
L21_F31790,21,abs_effect_size,3,3.5,1.0,α-attr,127,p0127,"In photochemistry, a reaction is triggered when a molecule absorbs a discrete el",AUX,?,,,photon,False,False,False,2.6260881423950195,True
L21_F31790,21,abs_effect_size,4,3.25,1.0,α-attr,366,p0366,"In bioluminescence, chemical reactions in organisms produce discrete electromagn",AUX,?,,,photon,False,False,False,1.7533321380615234,True
L21_F31790,21,abs_effect_size,5,3.03125,1.0,α-attr,329,p0329,"In synchrotron radiation, relativistic electrons emit discrete electromagnetic e",AUX,?,,,photon,False,False,False,1.6339683532714844,True
L21_F31790,21,abs_effect_size,6,3.03125,1.0,α-attr,358,p0358,"In Doppler laser cooling, discrete electromagnetic packets carry momentum that s",AUX,?,,,photon,False,False,False,3.232701301574707,True
L21_F31790,21,abs_effect_size,7,2.9375,1.0,α-attr,132,p0132,"In positron emission tomography, two discrete high-energy electromagnetic packet",AUX,?,,,photon,False,False,False,0.8937830924987793,True
L21_F31790,21,abs_effect_size,8,2.6875,1.0,α-attr,130,p0130,"In Mössbauer spectroscopy, discrete high-energy electromagnetic packets are emit",AUX,?,,,photon,False,False,False,0.5805397033691406,True
L21_F31790,21,abs_effect_size,9,2.625,1.0,α-attr,17,p0017,"During nuclear de-excitation, the nucleus releases energy as a very high-energy ",AUX,?,,,photon,False,False,False,0.7735161781311035,True
L21_F31790,21,abs_effect_size,10,2.5625,1.0,α-attr,108,p0108,"In nuclear structure physics, adding one neutral particle to carbon-12 produces ",AUX,?,,,neutron,False,False,False,5.977040410041809,True
L22_F118125,22,abs_effect_size,1,6.5,,,50,p0050,"While adding a proton would change the element entirely, adding which neutral nu",AUX,?,,,neutron,False,False,False,11.935192227363586,True
L22_F118125,22,abs_effect_size,2,5.875,,,413,p0413,What is the quantum of the electromagnetic field called? Answer:,AUX,?,,,photon,False,False,False,6.356540679931641,True
L22_F118125,22,abs_effect_size,3,5.4375,,,81,p0081,"Unlike protons that repel each other electromagnetically, which neutral nuclear ",AUX,?,,,neutron,False,False,False,9.97156047821045,True
L22_F118125,22,abs_effect_size,4,4.9375,,,170,p0170,The nuclear strong force acts equally between protons and the neutral particles ,AUX,?,,,neutron,False,False,False,6.037257194519043,True
L22_F118125,22,abs_effect_size,5,4.84375,,,187,p0187,Which particle contributes to atomic mass but not to atomic charge? Answer:,AUX,?,,,neutron,False,False,False,6.142207622528076,True
L22_F118125,22,abs_effect_size,6,4.796875,,,406,p0406,"Deuterium, the heavy isotope of hydrogen, contains one proton and one neutral nu",AUX,?,,,neutron,False,False,False,8.731446027755737,True
L22_F118125,22,abs_effect_size,7,4.75,,,108,p0108,"In nuclear structure physics, adding one neutral particle to carbon-12 produces ",AUX,?,,,neutron,False,False,False,5.977040410041809,True
L22_F118125,22,abs_effect_size,8,4.6875,,,142,p0142,"In lead-208, there are 82 protons and 126 neutral nuclear particles. What are th",AUX,?,,,neutron,False,False,False,8.174721240997314,True
L22_F118125,22,abs_effect_size,9,4.6875,,,301,p0301,"Which nuclear particle, when present in the right number relative to protons, pr",AUX,?,,,neutron,False,False,False,6.355813980102539,True
L22_F118125,22,abs_effect_size,10,4.65625,,,367,p0367,Protons and which neutral nuclear particle together are collectively called nucl,AUX,?,,,neutron,False,False,False,6.942437171936035,True
L22_F139040,22,abs_effect_size,1,6.59375,,,50,p0050,"While adding a proton would change the element entirely, adding which neutral nu",AUX,?,,,neutron,False,False,False,11.935192227363586,True
L22_F139040,22,abs_effect_size,2,5.9375,,,413,p0413,What is the quantum of the electromagnetic field called? Answer:,AUX,?,,,photon,False,False,False,6.356540679931641,True
L22_F139040,22,abs_effect_size,3,5.78125,,,81,p0081,"Unlike protons that repel each other electromagnetically, which neutral nuclear ",AUX,?,,,neutron,False,False,False,9.97156047821045,True
L22_F139040,22,abs_effect_size,4,4.9375,,,406,p0406,"Deuterium, the heavy isotope of hydrogen, contains one proton and one neutral nu",AUX,?,,,neutron,False,False,False,8.731446027755737,True
L22_F139040,22,abs_effect_size,5,4.84375,,,187,p0187,Which particle contributes to atomic mass but not to atomic charge? Answer:,AUX,?,,,neutron,False,False,False,6.142207622528076,True
L22_F139040,22,abs_effect_size,6,4.75,,,170,p0170,The nuclear strong force acts equally between protons and the neutral particles ,AUX,?,,,neutron,False,False,False,6.037257194519043,True
L22_F139040,22,abs_effect_size,7,4.71875,,,398,p0398,"In the valley of stability, nuclei with too many neutral particles relative to p",AUX,?,,,neutron,False,False,False,7.341538429260254,True
L22_F139040,22,abs_effect_size,8,4.703125,,,108,p0108,"In nuclear structure physics, adding one neutral particle to carbon-12 produces ",AUX,?,,,neutron,False,False,False,5.977040410041809,True
L22_F139040,22,abs_effect_size,9,4.6875,,,142,p0142,"In lead-208, there are 82 protons and 126 neutral nuclear particles. What are th",AUX,?,,,neutron,False,False,False,8.174721240997314,True
L22_F139040,22,abs_effect_size,10,4.6875,,,367,p0367,Protons and which neutral nuclear particle together are collectively called nucl,AUX,?,,,neutron,False,False,False,6.942437171936035,True
L22_F27223,22,abs_effect_size,1,6.53125,,,50,p0050,"While adding a proton would change the element entirely, adding which neutral nu",AUX,?,,,neutron,False,False,False,11.935192227363586,True
L22_F27223,22,abs_effect_size,2,5.78125,,,413,p0413,What is the quantum of the electromagnetic field called? Answer:,AUX,?,,,photon,False,False,False,6.356540679931641,True
L22_F27223,22,abs_effect_size,3,5.59375,,,81,p0081,"Unlike protons that repel each other electromagnetically, which neutral nuclear ",AUX,?,,,neutron,False,False,False,9.97156047821045,True
L22_F27223,22,abs_effect_size,4,4.828125,,,187,p0187,Which particle contributes to atomic mass but not to atomic charge? Answer:,AUX,?,,,neutron,False,False,False,6.142207622528076,True
L22_F27223,22,abs_effect_size,5,4.8125,,,406,p0406,"Deuterium, the heavy isotope of hydrogen, contains one proton and one neutral nu",AUX,?,,,neutron,False,False,False,8.731446027755737,True
L22_F27223,22,abs_effect_size,6,4.75,,,170,p0170,The nuclear strong force acts equally between protons and the neutral particles ,AUX,?,,,neutron,False,False,False,6.037257194519043,True
L22_F27223,22,abs_effect_size,7,4.75,,,301,p0301,"Which nuclear particle, when present in the right number relative to protons, pr",AUX,?,,,neutron,False,False,False,6.355813980102539,True
L22_F27223,22,abs_effect_size,8,4.6875,,,108,p0108,"In nuclear structure physics, adding one neutral particle to carbon-12 produces ",AUX,?,,,neutron,False,False,False,5.977040410041809,True
L22_F27223,22,abs_effect_size,9,4.625,,,142,p0142,"In lead-208, there are 82 protons and 126 neutral nuclear particles. What are th",AUX,?,,,neutron,False,False,False,8.174721240997314,True
L22_F27223,22,abs_effect_size,10,4.625,,,367,p0367,Protons and which neutral nuclear particle together are collectively called nucl,AUX,?,,,neutron,False,False,False,6.942437171936035,True
L22_F39641,22,abs_effect_size,1,6.78125,2.0,α-attr,50,p0050,"While adding a proton would change the element entirely, adding which neutral nu",AUX,?,,,neutron,False,False,False,11.935192227363586,True
L22_F39641,22,abs_effect_size,2,5.90625,2.0,α-attr,81,p0081,"Unlike protons that repel each other electromagnetically, which neutral nuclear ",AUX,?,,,neutron,False,False,False,9.97156047821045,True
L22_F39641,22,abs_effect_size,3,5.375,2.0,α-attr,413,p0413,What is the quantum of the electromagnetic field called? Answer:,AUX,?,,,photon,False,False,False,6.356540679931641,True
L22_F39641,22,abs_effect_size,4,4.84375,2.0,α-attr,170,p0170,The nuclear strong force acts equally between protons and the neutral particles ,AUX,?,,,neutron,False,False,False,6.037257194519043,True
L22_F39641,22,abs_effect_size,5,4.75,2.0,α-attr,367,p0367,Protons and which neutral nuclear particle together are collectively called nucl,AUX,?,,,neutron,False,False,False,6.942437171936035,True
L22_F39641,22,abs_effect_size,6,4.71875,2.0,α-attr,142,p0142,"In lead-208, there are 82 protons and 126 neutral nuclear particles. What are th",AUX,?,,,neutron,False,False,False,8.174721240997314,True
L22_F39641,22,abs_effect_size,7,4.703125,2.0,α-attr,406,p0406,"Deuterium, the heavy isotope of hydrogen, contains one proton and one neutral nu",AUX,?,,,neutron,False,False,False,8.731446027755737,True
L22_F39641,22,abs_effect_size,8,4.6875,2.0,α-attr,108,p0108,"In nuclear structure physics, adding one neutral particle to carbon-12 produces ",AUX,?,,,neutron,False,False,False,5.977040410041809,True
L22_F39641,22,abs_effect_size,9,4.59375,2.0,α-attr,187,p0187,Which particle contributes to atomic mass but not to atomic charge? Answer:,AUX,?,,,neutron,False,False,False,6.142207622528076,True
L22_F39641,22,abs_effect_size,10,4.59375,2.0,α-attr,301,p0301,"Which nuclear particle, when present in the right number relative to protons, pr",AUX,?,,,neutron,False,False,False,6.355813980102539,True
L22_F41906,22,abs_effect_size,1,6.4375,,,50,p0050,"While adding a proton would change the element entirely, adding which neutral nu",AUX,?,,,neutron,False,False,False,11.935192227363586,True
L22_F41906,22,abs_effect_size,2,5.875,,,413,p0413,What is the quantum of the electromagnetic field called? Answer:,AUX,?,,,photon,False,False,False,6.356540679931641,True
L22_F41906,22,abs_effect_size,3,5.65625,,,81,p0081,"Unlike protons that repel each other electromagnetically, which neutral nuclear ",AUX,?,,,neutron,False,False,False,9.97156047821045,True
L22_F41906,22,abs_effect_size,4,4.828125,,,406,p0406,"Deuterium, the heavy isotope of hydrogen, contains one proton and one neutral nu",AUX,?,,,neutron,False,False,False,8.731446027755737,True
L22_F41906,22,abs_effect_size,5,4.75,,,170,p0170,The nuclear strong force acts equally between protons and the neutral particles ,AUX,?,,,neutron,False,False,False,6.037257194519043,True
L22_F41906,22,abs_effect_size,6,4.71875,,,301,p0301,"Which nuclear particle, when present in the right number relative to protons, pr",AUX,?,,,neutron,False,False,False,6.355813980102539,True
L22_F41906,22,abs_effect_size,7,4.6875,,,108,p0108,"In nuclear structure physics, adding one neutral particle to carbon-12 produces ",AUX,?,,,neutron,False,False,False,5.977040410041809,True
L22_F41906,22,abs_effect_size,8,4.59375,,,142,p0142,"In lead-208, there are 82 protons and 126 neutral nuclear particles. What are th",AUX,?,,,neutron,False,False,False,8.174721240997314,True
L22_F41906,22,abs_effect_size,9,4.59375,,,187,p0187,Which particle contributes to atomic mass but not to atomic charge? Answer:,AUX,?,,,neutron,False,False,False,6.142207622528076,True
L22_F41906,22,abs_effect_size,10,4.4375,,,76,p0076,Which neutral nucleon allows heavy nuclei to exist without flying apart from pro,AUX,?,,,neutron,False,False,False,7.221993923187256,True
L22_F63642,22,abs_effect_size,1,6.59375,,,50,p0050,"While adding a proton would change the element entirely, adding which neutral nu",AUX,?,,,neutron,False,False,False,11.935192227363586,True
L22_F63642,22,abs_effect_size,2,5.875,,,413,p0413,What is the quantum of the electromagnetic field called? Answer:,AUX,?,,,photon,False,False,False,6.356540679931641,True
L22_F63642,22,abs_effect_size,3,5.75,,,81,p0081,"Unlike protons that repel each other electromagnetically, which neutral nuclear ",AUX,?,,,neutron,False,False,False,9.97156047821045,True
L22_F63642,22,abs_effect_size,4,4.953125,,,406,p0406,"Deuterium, the heavy isotope of hydrogen, contains one proton and one neutral nu",AUX,?,,,neutron,False,False,False,8.731446027755737,True
L22_F63642,22,abs_effect_size,5,4.75,,,170,p0170,The nuclear strong force acts equally between protons and the neutral particles ,AUX,?,,,neutron,False,False,False,6.037257194519043,True
L22_F63642,22,abs_effect_size,6,4.71875,,,187,p0187,Which particle contributes to atomic mass but not to atomic charge? Answer:,AUX,?,,,neutron,False,False,False,6.142207622528076,True
L22_F63642,22,abs_effect_size,7,4.71875,,,367,p0367,Protons and which neutral nuclear particle together are collectively called nucl,AUX,?,,,neutron,False,False,False,6.942437171936035,True
L22_F63642,22,abs_effect_size,8,4.71875,,,398,p0398,"In the valley of stability, nuclei with too many neutral particles relative to p",AUX,?,,,neutron,False,False,False,7.341538429260254,True
L22_F63642,22,abs_effect_size,9,4.703125,,,108,p0108,"In nuclear structure physics, adding one neutral particle to carbon-12 produces ",AUX,?,,,neutron,False,False,False,5.977040410041809,True
L22_F63642,22,abs_effect_size,10,4.6875,,,142,p0142,"In lead-208, there are 82 protons and 126 neutral nuclear particles. What are th",AUX,?,,,neutron,False,False,False,8.174721240997314,True
L23_F118675,23,abs_effect_size,1,4.0625,,,132,p0132,"In positron emission tomography, two discrete high-energy electromagnetic packet",AUX,?,,,photon,False,False,False,0.8937830924987793,True
L23_F118675,23,abs_effect_size,2,4.0,,,333,p0333,"During synchrotron emission, a relativistic electron in a magnetic field emits d",AUX,?,,,photon,False,False,False,-0.0756378173828125,False
L23_F118675,23,abs_effect_size,3,3.828125,,,166,p0166,"In beta-plus decay, a proton converts to a neutral nuclear particle, increasing ",AUX,?,,,neutron,False,False,False,5.2216644287109375,True
L23_F118675,23,abs_effect_size,4,3.8125,,,50,p0050,"While adding a proton would change the element entirely, adding which neutral nu",AUX,?,,,neutron,False,False,False,11.935192227363586,True
L23_F118675,23,abs_effect_size,5,3.59375,,,280,p0280,"In nuclear gamma decay, the nucleus releases a very high-energy discrete electro",AUX,?,,,photon,False,False,False,0.732785701751709,True
L23_F118675,23,abs_effect_size,6,3.375,,,305,p0305,Atomic emission spectra arise when atoms release discrete packets of electromagn,AUX,?,,,photon,False,False,False,1.6420698165893557,True
L23_F118675,23,abs_effect_size,7,3.25,,,148,p0148,"Which particle, when exchanged between two charges, gives rise to the electromag",AUX,?,,,photon,False,False,False,-0.7653512954711914,False
L23_F118675,23,abs_effect_size,8,3.1875,,,318,p0318,Which particle constitutes visible light at the quantum level? Answer:,AUX,?,,,photon,False,False,False,1.3269681930541992,True
L23_F118675,23,abs_effect_size,9,3.09375,,,395,p0395,James Chadwick discovered a neutral nuclear particle in 1932 by bombarding beryl,AUX,?,,,neutron,False,False,False,3.621847152709961,True
L23_F118675,23,abs_effect_size,10,2.9375,,,258,p0258,Heavy atomic nuclei require a neutral particle alongside protons to counteract e,AUX,?,,,neutron,False,False,False,6.104191303253174,True
L23_F1264,23,abs_effect_size,1,4.1875,,,132,p0132,"In positron emission tomography, two discrete high-energy electromagnetic packet",AUX,?,,,photon,False,False,False,0.8937830924987793,True
L23_F1264,23,abs_effect_size,2,3.9375,,,50,p0050,"While adding a proton would change the element entirely, adding which neutral nu",AUX,?,,,neutron,False,False,False,11.935192227363586,True
L23_F1264,23,abs_effect_size,3,3.90625,,,333,p0333,"During synchrotron emission, a relativistic electron in a magnetic field emits d",AUX,?,,,photon,False,False,False,-0.0756378173828125,False
L23_F1264,23,abs_effect_size,4,3.8125,,,166,p0166,"In beta-plus decay, a proton converts to a neutral nuclear particle, increasing ",AUX,?,,,neutron,False,False,False,5.2216644287109375,True
L23_F1264,23,abs_effect_size,5,3.4375,,,280,p0280,"In nuclear gamma decay, the nucleus releases a very high-energy discrete electro",AUX,?,,,photon,False,False,False,0.732785701751709,True
L23_F1264,23,abs_effect_size,6,3.375,,,148,p0148,"Which particle, when exchanged between two charges, gives rise to the electromag",AUX,?,,,photon,False,False,False,-0.7653512954711914,False
L23_F1264,23,abs_effect_size,7,3.15625,,,305,p0305,Atomic emission spectra arise when atoms release discrete packets of electromagn,AUX,?,,,photon,False,False,False,1.6420698165893557,True
L23_F1264,23,abs_effect_size,8,3.09375,,,395,p0395,James Chadwick discovered a neutral nuclear particle in 1932 by bombarding beryl,AUX,?,,,neutron,False,False,False,3.621847152709961,True
L23_F1264,23,abs_effect_size,9,3.0625,,,34,p0034,"In cavity QED, a single massless electromagnetic force carrier is trapped betwee",AUX,?,,,photon,False,False,False,3.021859169006348,True
L23_F1264,23,abs_effect_size,10,3.0625,,,318,p0318,Which particle constitutes visible light at the quantum level? Answer:,AUX,?,,,photon,False,False,False,1.3269681930541992,True
L23_F157706,23,abs_effect_size,1,4.0625,,,132,p0132,"In positron emission tomography, two discrete high-energy electromagnetic packet",AUX,?,,,photon,False,False,False,0.8937830924987793,True
L23_F157706,23,abs_effect_size,2,4.03125,,,333,p0333,"During synchrotron emission, a relativistic electron in a magnetic field emits d",AUX,?,,,photon,False,False,False,-0.0756378173828125,False
L23_F157706,23,abs_effect_size,3,3.8125,,,50,p0050,"While adding a proton would change the element entirely, adding which neutral nu",AUX,?,,,neutron,False,False,False,11.935192227363586,True
L23_F157706,23,abs_effect_size,4,3.734375,,,166,p0166,"In beta-plus decay, a proton converts to a neutral nuclear particle, increasing ",AUX,?,,,neutron,False,False,False,5.2216644287109375,True
L23_F157706,23,abs_effect_size,5,3.59375,,,280,p0280,"In nuclear gamma decay, the nucleus releases a very high-energy discrete electro",AUX,?,,,photon,False,False,False,0.732785701751709,True
L23_F157706,23,abs_effect_size,6,3.28125,,,305,p0305,Atomic emission spectra arise when atoms release discrete packets of electromagn,AUX,?,,,photon,False,False,False,1.6420698165893557,True
L23_F157706,23,abs_effect_size,7,3.25,,,148,p0148,"Which particle, when exchanged between two charges, gives rise to the electromag",AUX,?,,,photon,False,False,False,-0.7653512954711914,False
L23_F157706,23,abs_effect_size,8,3.09375,,,318,p0318,Which particle constitutes visible light at the quantum level? Answer:,AUX,?,,,photon,False,False,False,1.3269681930541992,True
L23_F157706,23,abs_effect_size,9,3.03125,,,395,p0395,James Chadwick discovered a neutral nuclear particle in 1932 by bombarding beryl,AUX,?,,,neutron,False,False,False,3.621847152709961,True
L23_F157706,23,abs_effect_size,10,2.9375,,,34,p0034,"In cavity QED, a single massless electromagnetic force carrier is trapped betwee",AUX,?,,,photon,False,False,False,3.021859169006348,True
L23_F29730,23,abs_effect_size,1,4.0625,2.0,α-attr,132,p0132,"In positron emission tomography, two discrete high-energy electromagnetic packet",AUX,?,,,photon,False,False,False,0.8937830924987793,True
L23_F29730,23,abs_effect_size,2,4.0,2.0,α-attr,333,p0333,"During synchrotron emission, a relativistic electron in a magnetic field emits d",AUX,?,,,photon,False,False,False,-0.0756378173828125,False
L23_F29730,23,abs_effect_size,3,3.9375,2.0,α-attr,166,p0166,"In beta-plus decay, a proton converts to a neutral nuclear particle, increasing ",AUX,?,,,neutron,False,False,False,5.2216644287109375,True
L23_F29730,23,abs_effect_size,4,3.8125,2.0,α-attr,50,p0050,"While adding a proton would change the element entirely, adding which neutral nu",AUX,?,,,neutron,False,False,False,11.935192227363586,True
L23_F29730,23,abs_effect_size,5,3.625,2.0,α-attr,280,p0280,"In nuclear gamma decay, the nucleus releases a very high-energy discrete electro",AUX,?,,,photon,False,False,False,0.732785701751709,True
L23_F29730,23,abs_effect_size,6,3.390625,2.0,α-attr,148,p0148,"Which particle, when exchanged between two charges, gives rise to the electromag",AUX,?,,,photon,False,False,False,-0.7653512954711914,False
L23_F29730,23,abs_effect_size,7,3.28125,2.0,α-attr,395,p0395,James Chadwick discovered a neutral nuclear particle in 1932 by bombarding beryl,AUX,?,,,neutron,False,False,False,3.621847152709961,True
L23_F29730,23,abs_effect_size,8,3.21875,2.0,α-attr,318,p0318,Which particle constitutes visible light at the quantum level? Answer:,AUX,?,,,photon,False,False,False,1.3269681930541992,True
L23_F29730,23,abs_effect_size,9,3.15625,2.0,α-attr,305,p0305,Atomic emission spectra arise when atoms release discrete packets of electromagn,AUX,?,,,photon,False,False,False,1.6420698165893557,True
L23_F29730,23,abs_effect_size,10,3.0625,2.0,α-attr,34,p0034,"In cavity QED, a single massless electromagnetic force carrier is trapped betwee",AUX,?,,,photon,False,False,False,3.021859169006348,True
L23_F71325,23,abs_effect_size,1,4.1875,,,132,p0132,"In positron emission tomography, two discrete high-energy electromagnetic packet",AUX,?,,,photon,False,False,False,0.8937830924987793,True
L23_F71325,23,abs_effect_size,2,3.875,,,333,p0333,"During synchrotron emission, a relativistic electron in a magnetic field emits d",AUX,?,,,photon,False,False,False,-0.0756378173828125,False
L23_F71325,23,abs_effect_size,3,3.703125,,,166,p0166,"In beta-plus decay, a proton converts to a neutral nuclear particle, increasing ",AUX,?,,,neutron,False,False,False,5.2216644287109375,True
L23_F71325,23,abs_effect_size,4,3.375,,,50,p0050,"While adding a proton would change the element entirely, adding which neutral nu",AUX,?,,,neutron,False,False,False,11.935192227363586,True
L23_F71325,23,abs_effect_size,5,3.375,,,305,p0305,Atomic emission spectra arise when atoms release discrete packets of electromagn,AUX,?,,,photon,False,False,False,1.6420698165893557,True
L23_F71325,23,abs_effect_size,6,3.25,,,148,p0148,"Which particle, when exchanged between two charges, gives rise to the electromag",AUX,?,,,photon,False,False,False,-0.7653512954711914,False
L23_F71325,23,abs_effect_size,7,3.1875,,,280,p0280,"In nuclear gamma decay, the nucleus releases a very high-energy discrete electro",AUX,?,,,photon,False,False,False,0.732785701751709,True
L23_F71325,23,abs_effect_size,8,3.1875,,,318,p0318,Which particle constitutes visible light at the quantum level? Answer:,AUX,?,,,photon,False,False,False,1.3269681930541992,True
L23_F71325,23,abs_effect_size,9,2.875,,,90,p0090,"Unlike alpha particles (charge +2) and beta particles (charge −1), which nuclear",AUX,?,,,neutron,False,False,False,5.825218200683594,True
L23_F71325,23,abs_effect_size,10,2.84375,,,395,p0395,James Chadwick discovered a neutral nuclear particle in 1932 by bombarding beryl,AUX,?,,,neutron,False,False,False,3.621847152709961,True
L24_F104198,24,abs_effect_size,1,7.9375,,,50,p0050,"While adding a proton would change the element entirely, adding which neutral nu",AUX,?,,,neutron,False,False,False,11.935192227363586,True
L24_F104198,24,abs_effect_size,2,7.0,,,305,p0305,Atomic emission spectra arise when atoms release discrete packets of electromagn,AUX,?,,,photon,False,False,False,1.6420698165893557,True
L24_F104198,24,abs_effect_size,3,5.46875,,,419,p0419,"In the photoelectric effect, each discrete packet of electromagnetic energy eith",AUX,?,,,photon,False,False,False,1.66029691696167,True
L24_F104198,24,abs_effect_size,4,5.4375,,,81,p0081,"Unlike protons that repel each other electromagnetically, which neutral nuclear ",AUX,?,,,neutron,False,False,False,9.97156047821045,True
L24_F104198,24,abs_effect_size,5,5.1875,,,93,p0093,"Unlike the proton, which nuclear particle can be added to a nucleus without chan",AUX,?,,,neutron,False,False,False,8.711501598358154,True
L24_F104198,24,abs_effect_size,6,5.09375,,,142,p0142,"In lead-208, there are 82 protons and 126 neutral nuclear particles. What are th",AUX,?,,,neutron,False,False,False,8.174721240997314,True
L24_F104198,24,abs_effect_size,7,5.03125,,,80,p0080,"While protons cause electromagnetic repulsion in the nucleus, which neutral part",AUX,?,,,neutron,False,False,False,8.256889343261719,True
L24_F104198,24,abs_effect_size,8,4.875,,,14,p0014,Which electrically neutral nuclear particle prevents the nucleus from disintegra,AUX,?,,,neutron,False,False,False,7.9751012325286865,True
L24_F104198,24,abs_effect_size,9,4.65625,,,160,p0160,"In pair production near a nucleus, a high-energy photon creates a negatively cha",AUX,?,,,electron,False,False,False,5.828739643096924,True
L24_F104198,24,abs_effect_size,10,4.46875,,,155,p0155,The nuclear valley of stability shows that heavier nuclei require more neutral p,AUX,?,,,neutron,False,False,False,5.16215705871582,True
L24_F143388,24,abs_effect_size,1,7.9375,,,50,p0050,"While adding a proton would change the element entirely, adding which neutral nu",AUX,?,,,neutron,False,False,False,11.935192227363586,True
L24_F143388,24,abs_effect_size,2,6.375,,,305,p0305,Atomic emission spectra arise when atoms release discrete packets of electromagn,AUX,?,,,photon,False,False,False,1.6420698165893557,True
L24_F143388,24,abs_effect_size,3,5.46875,,,419,p0419,"In the photoelectric effect, each discrete packet of electromagnetic energy eith",AUX,?,,,photon,False,False,False,1.66029691696167,True
L24_F143388,24,abs_effect_size,4,5.3125,,,81,p0081,"Unlike protons that repel each other electromagnetically, which neutral nuclear ",AUX,?,,,neutron,False,False,False,9.97156047821045,True
L24_F143388,24,abs_effect_size,5,5.1875,,,80,p0080,"While protons cause electromagnetic repulsion in the nucleus, which neutral part",AUX,?,,,neutron,False,False,False,8.256889343261719,True
L24_F143388,24,abs_effect_size,6,5.1875,,,93,p0093,"Unlike the proton, which nuclear particle can be added to a nucleus without chan",AUX,?,,,neutron,False,False,False,8.711501598358154,True
L24_F143388,24,abs_effect_size,7,5.125,,,142,p0142,"In lead-208, there are 82 protons and 126 neutral nuclear particles. What are th",AUX,?,,,neutron,False,False,False,8.174721240997314,True
L24_F143388,24,abs_effect_size,8,4.9375,,,14,p0014,Which electrically neutral nuclear particle prevents the nucleus from disintegra,AUX,?,,,neutron,False,False,False,7.9751012325286865,True
L24_F143388,24,abs_effect_size,9,4.59375,,,155,p0155,The nuclear valley of stability shows that heavier nuclei require more neutral p,AUX,?,,,neutron,False,False,False,5.16215705871582,True
L24_F143388,24,abs_effect_size,10,4.5625,,,160,p0160,"In pair production near a nucleus, a high-energy photon creates a negatively cha",AUX,?,,,electron,False,False,False,5.828739643096924,True
L24_F153576,24,abs_effect_size,1,7.875,2.0,α-attr,50,p0050,"While adding a proton would change the element entirely, adding which neutral nu",AUX,?,,,neutron,False,False,False,11.935192227363586,True
L24_F153576,24,abs_effect_size,2,7.25,2.0,α-attr,305,p0305,Atomic emission spectra arise when atoms release discrete packets of electromagn,AUX,?,,,photon,False,False,False,1.6420698165893557,True
L24_F153576,24,abs_effect_size,3,5.59375,2.0,α-attr,419,p0419,"In the photoelectric effect, each discrete packet of electromagnetic energy eith",AUX,?,,,photon,False,False,False,1.66029691696167,True
L24_F153576,24,abs_effect_size,4,5.3125,2.0,α-attr,81,p0081,"Unlike protons that repel each other electromagnetically, which neutral nuclear ",AUX,?,,,neutron,False,False,False,9.97156047821045,True
L24_F153576,24,abs_effect_size,5,5.125,2.0,α-attr,93,p0093,"Unlike the proton, which nuclear particle can be added to a nucleus without chan",AUX,?,,,neutron,False,False,False,8.711501598358154,True
L24_F153576,24,abs_effect_size,6,5.09375,2.0,α-attr,142,p0142,"In lead-208, there are 82 protons and 126 neutral nuclear particles. What are th",AUX,?,,,neutron,False,False,False,8.174721240997314,True
L24_F153576,24,abs_effect_size,7,5.0625,2.0,α-attr,14,p0014,Which electrically neutral nuclear particle prevents the nucleus from disintegra,AUX,?,,,neutron,False,False,False,7.9751012325286865,True
L24_F153576,24,abs_effect_size,8,4.9375,2.0,α-attr,80,p0080,"While protons cause electromagnetic repulsion in the nucleus, which neutral part",AUX,?,,,neutron,False,False,False,8.256889343261719,True
L24_F153576,24,abs_effect_size,9,4.625,2.0,α-attr,160,p0160,"In pair production near a nucleus, a high-energy photon creates a negatively cha",AUX,?,,,electron,False,False,False,5.828739643096924,True
L24_F153576,24,abs_effect_size,10,4.59375,2.0,α-attr,155,p0155,The nuclear valley of stability shows that heavier nuclei require more neutral p,AUX,?,,,neutron,False,False,False,5.16215705871582,True
L24_F163125,24,abs_effect_size,1,7.9375,,,50,p0050,"While adding a proton would change the element entirely, adding which neutral nu",AUX,?,,,neutron,False,False,False,11.935192227363586,True
L24_F163125,24,abs_effect_size,2,7.25,,,305,p0305,Atomic emission spectra arise when atoms release discrete packets of electromagn,AUX,?,,,photon,False,False,False,1.6420698165893557,True
L24_F163125,24,abs_effect_size,3,5.46875,,,419,p0419,"In the photoelectric effect, each discrete packet of electromagnetic energy eith",AUX,?,,,photon,False,False,False,1.66029691696167,True
L24_F163125,24,abs_effect_size,4,5.3125,,,81,p0081,"Unlike protons that repel each other electromagnetically, which neutral nuclear ",AUX,?,,,neutron,False,False,False,9.97156047821045,True
L24_F163125,24,abs_effect_size,5,5.1875,,,93,p0093,"Unlike the proton, which nuclear particle can be added to a nucleus without chan",AUX,?,,,neutron,False,False,False,8.711501598358154,True
L24_F163125,24,abs_effect_size,6,5.125,,,142,p0142,"In lead-208, there are 82 protons and 126 neutral nuclear particles. What are th",AUX,?,,,neutron,False,False,False,8.174721240997314,True
L24_F163125,24,abs_effect_size,7,5.0625,,,14,p0014,Which electrically neutral nuclear particle prevents the nucleus from disintegra,AUX,?,,,neutron,False,False,False,7.9751012325286865,True
L24_F163125,24,abs_effect_size,8,5.0,,,80,p0080,"While protons cause electromagnetic repulsion in the nucleus, which neutral part",AUX,?,,,neutron,False,False,False,8.256889343261719,True
L24_F163125,24,abs_effect_size,9,4.5625,,,160,p0160,"In pair production near a nucleus, a high-energy photon creates a negatively cha",AUX,?,,,electron,False,False,False,5.828739643096924,True
L24_F163125,24,abs_effect_size,10,4.5,,,155,p0155,The nuclear valley of stability shows that heavier nuclei require more neutral p,AUX,?,,,neutron,False,False,False,5.16215705871582,True
L24_F38741,24,abs_effect_size,1,7.5625,,,50,p0050,"While adding a proton would change the element entirely, adding which neutral nu",AUX,?,,,neutron,False,False,False,11.935192227363586,True
L24_F38741,24,abs_effect_size,2,6.5,,,305,p0305,Atomic emission spectra arise when atoms release discrete packets of electromagn,AUX,?,,,photon,False,False,False,1.6420698165893557,True
L24_F38741,24,abs_effect_size,3,4.96875,,,419,p0419,"In the photoelectric effect, each discrete packet of electromagnetic energy eith",AUX,?,,,photon,False,False,False,1.66029691696167,True
L24_F38741,24,abs_effect_size,4,4.9375,,,81,p0081,"Unlike protons that repel each other electromagnetically, which neutral nuclear ",AUX,?,,,neutron,False,False,False,9.97156047821045,True
L24_F38741,24,abs_effect_size,5,4.875,,,93,p0093,"Unlike the proton, which nuclear particle can be added to a nucleus without chan",AUX,?,,,neutron,False,False,False,8.711501598358154,True
L24_F38741,24,abs_effect_size,6,4.6875,,,80,p0080,"While protons cause electromagnetic repulsion in the nucleus, which neutral part",AUX,?,,,neutron,False,False,False,8.256889343261719,True
L24_F38741,24,abs_effect_size,7,4.625,,,14,p0014,Which electrically neutral nuclear particle prevents the nucleus from disintegra,AUX,?,,,neutron,False,False,False,7.9751012325286865,True
L24_F38741,24,abs_effect_size,8,4.5,,,142,p0142,"In lead-208, there are 82 protons and 126 neutral nuclear particles. What are th",AUX,?,,,neutron,False,False,False,8.174721240997314,True
L24_F38741,24,abs_effect_size,9,4.28125,,,160,p0160,"In pair production near a nucleus, a high-energy photon creates a negatively cha",AUX,?,,,electron,False,False,False,5.828739643096924,True
L24_F38741,24,abs_effect_size,10,4.125,,,148,p0148,"Which particle, when exchanged between two charges, gives rise to the electromag",AUX,?,,,photon,False,False,False,-0.7653512954711914,False
L25_F149731,25,abs_effect_size,1,5.25,,,50,p0050,"While adding a proton would change the element entirely, adding which neutral nu",AUX,?,,,neutron,False,False,False,11.935192227363586,True
L25_F149731,25,abs_effect_size,2,5.1875,,,398,p0398,"In the valley of stability, nuclei with too many neutral particles relative to p",AUX,?,,,neutron,False,False,False,7.341538429260254,True
L25_F149731,25,abs_effect_size,3,4.9375,,,148,p0148,"Which particle, when exchanged between two charges, gives rise to the electromag",AUX,?,,,photon,False,False,False,-0.7653512954711914,False
L25_F149731,25,abs_effect_size,4,4.34375,,,91,p0091,"In quantum optics, entangled pairs of discrete electromagnetic energy packets ar",AUX,?,,,photon,False,False,False,3.4084205627441406,True
L25_F149731,25,abs_effect_size,5,4.3125,,,166,p0166,"In beta-plus decay, a proton converts to a neutral nuclear particle, increasing ",AUX,?,,,neutron,False,False,False,5.2216644287109375,True
L25_F149731,25,abs_effect_size,6,4.21875,,,301,p0301,"Which nuclear particle, when present in the right number relative to protons, pr",AUX,?,,,neutron,False,False,False,6.355813980102539,True
L25_F149731,25,abs_effect_size,7,4.09375,,,225,p0225,"In radiation therapy, high-energy discrete electromagnetic packets are directed ",AUX,?,,,photon,False,False,False,-0.3262643814086914,False
L25_F149731,25,abs_effect_size,8,4.03125,,,270,p0270,Unlike electrons (which orbit the nucleus and can be transferred in chemical rea,AUX,?,,,neutron,False,False,False,4.724963665008545,True
L25_F149731,25,abs_effect_size,9,3.96875,,,413,p0413,What is the quantum of the electromagnetic field called? Answer:,AUX,?,,,photon,False,False,False,6.356540679931641,True
L25_F149731,25,abs_effect_size,10,3.90625,,,375,p0375,"In a photodiode, each discrete electromagnetic packet absorbed in the depletion ",AUX,?,,,photon,False,False,False,4.001216888427734,True
L25_F15948,25,abs_effect_size,1,5.25,0.0,α-attr,398,p0398,"In the valley of stability, nuclei with too many neutral particles relative to p",AUX,?,,,neutron,False,False,False,7.341538429260254,True
L25_F15948,25,abs_effect_size,2,5.1875,0.0,α-attr,50,p0050,"While adding a proton would change the element entirely, adding which neutral nu",AUX,?,,,neutron,False,False,False,11.935192227363586,True
L25_F15948,25,abs_effect_size,3,5.0,0.0,α-attr,148,p0148,"Which particle, when exchanged between two charges, gives rise to the electromag",AUX,?,,,photon,False,False,False,-0.7653512954711914,False
L25_F15948,25,abs_effect_size,4,4.40625,0.0,α-attr,91,p0091,"In quantum optics, entangled pairs of discrete electromagnetic energy packets ar",AUX,?,,,photon,False,False,False,3.4084205627441406,True
L25_F15948,25,abs_effect_size,5,4.25,0.0,α-attr,270,p0270,Unlike electrons (which orbit the nucleus and can be transferred in chemical rea,AUX,?,,,neutron,False,False,False,4.724963665008545,True
L25_F15948,25,abs_effect_size,6,4.1875,0.0,α-attr,166,p0166,"In beta-plus decay, a proton converts to a neutral nuclear particle, increasing ",AUX,?,,,neutron,False,False,False,5.2216644287109375,True
L25_F15948,25,abs_effect_size,7,4.15625,0.0,α-attr,301,p0301,"Which nuclear particle, when present in the right number relative to protons, pr",AUX,?,,,neutron,False,False,False,6.355813980102539,True
L25_F15948,25,abs_effect_size,8,4.15625,0.0,α-attr,413,p0413,What is the quantum of the electromagnetic field called? Answer:,AUX,?,,,photon,False,False,False,6.356540679931641,True
L25_F15948,25,abs_effect_size,9,3.96875,0.0,α-attr,225,p0225,"In radiation therapy, high-energy discrete electromagnetic packets are directed ",AUX,?,,,photon,False,False,False,-0.3262643814086914,False
L25_F15948,25,abs_effect_size,10,3.9375,0.0,α-attr,375,p0375,"In a photodiode, each discrete electromagnetic packet absorbed in the depletion ",AUX,?,,,photon,False,False,False,4.001216888427734,True
L10_F116205,10,effect_size,1,4.078125,,,141,p0141,Positive ions form when an atom loses its outermost negatively charged particle.,AUX,?,,,electron,False,False,False,3.4111814498901367,True
L10_F116205,10,effect_size,2,1.6875,,,434,p0434,"Unlike protons (which repel each other via the electromagnetic force), which neu",AUX,?,,,neutron,False,False,False,12.184636116027832,True
L10_F116205,10,effect_size,3,1.4375,,,379,p0379,"In nuclear physics, two of these positively charged particles in a helium-4 nucl",AUX,?,,,proton,False,False,False,1.1406903266906738,True
L10_F116205,10,effect_size,4,1.25,,,81,p0081,"Unlike protons that repel each other electromagnetically, which neutral nuclear ",AUX,?,,,neutron,False,False,False,9.97156047821045,True
L10_F116205,10,effect_size,5,1.0,,,18,p0018,Which uncharged nuclear constituent mediates the strong force to hold protons to,AUX,?,,,neutron,False,False,False,5.65110445022583,True
L10_F116205,10,effect_size,6,1.0,,,367,p0367,Protons and which neutral nuclear particle together are collectively called nucl,AUX,?,,,neutron,False,False,False,6.942437171936035,True
L10_F116205,10,effect_size,7,0.875,,,422,p0422,"Unlike protons (which cannot be added without changing the element), which neutr",AUX,?,,,neutron,False,False,False,11.907681941986084,True
L10_F116205,10,effect_size,8,0.828125,,,281,p0281,"While the electron can be shared in covalent bonds, which positively charged nuc",AUX,?,,,proton,False,False,False,0.5757222175598145,True
L10_F116205,10,effect_size,9,0.8125,,,46,p0046,Which uncharged particle makes up atomic nuclei alongside protons? Answer:,AUX,?,,,neutron,False,False,False,10.304442882537842,True
L10_F116205,10,effect_size,10,0.8125,,,230,p0230,"While protons add electromagnetic repulsion to the nucleus, which neutral partic",AUX,?,,,neutron,False,False,False,10.83318543434143,True
L10_F41460,10,effect_size,1,4.015625,,,141,p0141,Positive ions form when an atom loses its outermost negatively charged particle.,AUX,?,,,electron,False,False,False,3.4111814498901367,True
L10_F41460,10,effect_size,2,1.8125,,,434,p0434,"Unlike protons (which repel each other via the electromagnetic force), which neu",AUX,?,,,neutron,False,False,False,12.184636116027832,True
L10_F41460,10,effect_size,3,1.46875,,,379,p0379,"In nuclear physics, two of these positively charged particles in a helium-4 nucl",AUX,?,,,proton,False,False,False,1.1406903266906738,True
L10_F41460,10,effect_size,4,1.375,,,81,p0081,"Unlike protons that repel each other electromagnetically, which neutral nuclear ",AUX,?,,,neutron,False,False,False,9.97156047821045,True
L10_F41460,10,effect_size,5,1.125,,,367,p0367,Protons and which neutral nuclear particle together are collectively called nucl,AUX,?,,,neutron,False,False,False,6.942437171936035,True
L10_F41460,10,effect_size,6,1.125,,,422,p0422,"Unlike protons (which cannot be added without changing the element), which neutr",AUX,?,,,neutron,False,False,False,11.907681941986084,True
L10_F41460,10,effect_size,7,1.0625,,,230,p0230,"While protons add electromagnetic repulsion to the nucleus, which neutral partic",AUX,?,,,neutron,False,False,False,10.83318543434143,True
L10_F41460,10,effect_size,8,1.0,,,114,p0114,"Unlike electrons and protons, which nuclear particle cannot be detected directly",AUX,?,,,neutron,False,False,False,11.32456636428833,True
L10_F41460,10,effect_size,9,0.875,,,46,p0046,Which uncharged particle makes up atomic nuclei alongside protons? Answer:,AUX,?,,,neutron,False,False,False,10.304442882537842,True
L10_F41460,10,effect_size,10,0.84375,,,177,p0177,"In absorption spectroscopy, atoms or molecules remove specific discrete electrom",AUX,?,,,photon,False,False,False,2.114299774169922,True
L10_F56424,10,effect_size,1,4.203125,,,141,p0141,Positive ions form when an atom loses its outermost negatively charged particle.,AUX,?,,,electron,False,False,False,3.4111814498901367,True
L10_F56424,10,effect_size,2,1.8125,,,434,p0434,"Unlike protons (which repel each other via the electromagnetic force), which neu",AUX,?,,,neutron,False,False,False,12.184636116027832,True
L10_F56424,10,effect_size,3,1.375,,,81,p0081,"Unlike protons that repel each other electromagnetically, which neutral nuclear ",AUX,?,,,neutron,False,False,False,9.97156047821045,True
L10_F56424,10,effect_size,4,1.3125,,,379,p0379,"In nuclear physics, two of these positively charged particles in a helium-4 nucl",AUX,?,,,proton,False,False,False,1.1406903266906738,True
L10_F56424,10,effect_size,5,1.125,,,367,p0367,Protons and which neutral nuclear particle together are collectively called nucl,AUX,?,,,neutron,False,False,False,6.942437171936035,True
L10_F56424,10,effect_size,6,1.125,,,422,p0422,"Unlike protons (which cannot be added without changing the element), which neutr",AUX,?,,,neutron,False,False,False,11.907681941986084,True
L10_F56424,10,effect_size,7,1.0625,,,230,p0230,"While protons add electromagnetic repulsion to the nucleus, which neutral partic",AUX,?,,,neutron,False,False,False,10.83318543434143,True
L10_F56424,10,effect_size,8,0.9375,,,18,p0018,Which uncharged nuclear constituent mediates the strong force to hold protons to,AUX,?,,,neutron,False,False,False,5.65110445022583,True
L10_F56424,10,effect_size,9,0.9375,,,114,p0114,"Unlike electrons and protons, which nuclear particle cannot be detected directly",AUX,?,,,neutron,False,False,False,11.32456636428833,True
L10_F56424,10,effect_size,10,0.875,,,50,p0050,"While adding a proton would change the element entirely, adding which neutral nu",AUX,?,,,neutron,False,False,False,11.935192227363586,True
L10_F72085,10,effect_size,1,4.234375,,,141,p0141,Positive ions form when an atom loses its outermost negatively charged particle.,AUX,?,,,electron,False,False,False,3.4111814498901367,True
L10_F72085,10,effect_size,2,1.8125,,,434,p0434,"Unlike protons (which repel each other via the electromagnetic force), which neu",AUX,?,,,neutron,False,False,False,12.184636116027832,True
L10_F72085,10,effect_size,3,1.40625,,,379,p0379,"In nuclear physics, two of these positively charged particles in a helium-4 nucl",AUX,?,,,proton,False,False,False,1.1406903266906738,True
L10_F72085,10,effect_size,4,1.25,,,81,p0081,"Unlike protons that repel each other electromagnetically, which neutral nuclear ",AUX,?,,,neutron,False,False,False,9.97156047821045,True
L10_F72085,10,effect_size,5,1.125,,,422,p0422,"Unlike protons (which cannot be added without changing the element), which neutr",AUX,?,,,neutron,False,False,False,11.907681941986084,True
L10_F72085,10,effect_size,6,1.0625,,,114,p0114,"Unlike electrons and protons, which nuclear particle cannot be detected directly",AUX,?,,,neutron,False,False,False,11.32456636428833,True
L10_F72085,10,effect_size,7,1.0625,,,367,p0367,Protons and which neutral nuclear particle together are collectively called nucl,AUX,?,,,neutron,False,False,False,6.942437171936035,True
L10_F72085,10,effect_size,8,1.0,,,230,p0230,"While protons add electromagnetic repulsion to the nucleus, which neutral partic",AUX,?,,,neutron,False,False,False,10.83318543434143,True
L10_F72085,10,effect_size,9,0.921875,,,281,p0281,"While the electron can be shared in covalent bonds, which positively charged nuc",AUX,?,,,proton,False,False,False,0.5757222175598145,True
L10_F72085,10,effect_size,10,0.875,,,46,p0046,Which uncharged particle makes up atomic nuclei alongside protons? Answer:,AUX,?,,,neutron,False,False,False,10.304442882537842,True
L10_F9316,10,effect_size,1,4.328125,,,141,p0141,Positive ions form when an atom loses its outermost negatively charged particle.,AUX,?,,,electron,False,False,False,3.4111814498901367,True
L10_F9316,10,effect_size,2,1.6875,,,434,p0434,"Unlike protons (which repel each other via the electromagnetic force), which neu",AUX,?,,,neutron,False,False,False,12.184636116027832,True
L10_F9316,10,effect_size,3,1.40625,,,379,p0379,"In nuclear physics, two of these positively charged particles in a helium-4 nucl",AUX,?,,,proton,False,False,False,1.1406903266906738,True
L10_F9316,10,effect_size,4,1.25,,,81,p0081,"Unlike protons that repel each other electromagnetically, which neutral nuclear ",AUX,?,,,neutron,False,False,False,9.97156047821045,True
L10_F9316,10,effect_size,5,1.0625,,,230,p0230,"While protons add electromagnetic repulsion to the nucleus, which neutral partic",AUX,?,,,neutron,False,False,False,10.83318543434143,True
L10_F9316,10,effect_size,6,1.0,,,367,p0367,Protons and which neutral nuclear particle together are collectively called nucl,AUX,?,,,neutron,False,False,False,6.942437171936035,True
L10_F9316,10,effect_size,7,1.0,,,422,p0422,"Unlike protons (which cannot be added without changing the element), which neutr",AUX,?,,,neutron,False,False,False,11.907681941986084,True
L10_F9316,10,effect_size,8,0.96875,,,177,p0177,"In absorption spectroscopy, atoms or molecules remove specific discrete electrom",AUX,?,,,photon,False,False,False,2.114299774169922,True
L10_F9316,10,effect_size,9,0.9375,,,18,p0018,Which uncharged nuclear constituent mediates the strong force to hold protons to,AUX,?,,,neutron,False,False,False,5.65110445022583,True
L10_F9316,10,effect_size,10,0.9375,,,114,p0114,"Unlike electrons and protons, which nuclear particle cannot be detected directly",AUX,?,,,neutron,False,False,False,11.32456636428833,True
L11_F134274,11,effect_size,1,3.21875,,,61,p0061,Carbon-12 has six protons and six neutral nuclear particles in its nucleus. What,AUX,?,,,neutron,False,False,False,6.376859664916992,True
L11_F134274,11,effect_size,2,2.625,,,142,p0142,"In lead-208, there are 82 protons and 126 neutral nuclear particles. What are th",AUX,?,,,neutron,False,False,False,8.174721240997314,True
L11_F134274,11,effect_size,3,2.46875,,,12,p0012,The mass number of a nucleus equals the total count of its protons plus its neut,AUX,?,,,neutron,False,False,False,7.734220504760742,True
L11_F134274,11,effect_size,4,2.40625,,,190,p0190,Carbon-12's stability comes partly from equal numbers of protons and neutral nuc,AUX,?,,,neutron,False,False,False,7.0172271728515625,True
L11_F134274,11,effect_size,5,2.3125,,,170,p0170,The nuclear strong force acts equally between protons and the neutral particles ,AUX,?,,,neutron,False,False,False,6.037257194519043,True
L11_F134274,11,effect_size,6,2.25,,,186,p0186,"Unlike the electron, which massless particle is emitted when an atom undergoes a",AUX,?,,,photon,False,False,False,2.118959426879883,True
L11_F134274,11,effect_size,7,2.0,,,80,p0080,"While protons cause electromagnetic repulsion in the nucleus, which neutral part",AUX,?,,,neutron,False,False,False,8.256889343261719,True
L11_F134274,11,effect_size,8,1.875,,,349,p0349,Which particle in the nucleus provides stability by mediating the strong nuclear,AUX,?,,,neutron,False,False,False,4.432452201843262,True
L11_F134274,11,effect_size,9,1.875,,,406,p0406,"Deuterium, the heavy isotope of hydrogen, contains one proton and one neutral nu",AUX,?,,,neutron,False,False,False,8.731446027755737,True
L11_F134274,11,effect_size,10,1.59375,,,444,p0444,Electricity flows through copper wire because negatively charged particles drift,AUX,?,,,electron,False,False,False,6.7492876052856445,True
L11_F9723,11,effect_size,1,3.09375,,,61,p0061,Carbon-12 has six protons and six neutral nuclear particles in its nucleus. What,AUX,?,,,neutron,False,False,False,6.376859664916992,True
L11_F9723,11,effect_size,2,2.625,,,142,p0142,"In lead-208, there are 82 protons and 126 neutral nuclear particles. What are th",AUX,?,,,neutron,False,False,False,8.174721240997314,True
L11_F9723,11,effect_size,3,2.40625,,,12,p0012,The mass number of a nucleus equals the total count of its protons plus its neut,AUX,?,,,neutron,False,False,False,7.734220504760742,True
L11_F9723,11,effect_size,4,2.28125,,,186,p0186,"Unlike the electron, which massless particle is emitted when an atom undergoes a",AUX,?,,,photon,False,False,False,2.118959426879883,True
L11_F9723,11,effect_size,5,2.21875,,,190,p0190,Carbon-12's stability comes partly from equal numbers of protons and neutral nuc,AUX,?,,,neutron,False,False,False,7.0172271728515625,True
L11_F9723,11,effect_size,6,2.125,,,170,p0170,The nuclear strong force acts equally between protons and the neutral particles ,AUX,?,,,neutron,False,False,False,6.037257194519043,True
L11_F9723,11,effect_size,7,2.0,,,80,p0080,"While protons cause electromagnetic repulsion in the nucleus, which neutral part",AUX,?,,,neutron,False,False,False,8.256889343261719,True
L11_F9723,11,effect_size,8,1.8125,,,406,p0406,"Deuterium, the heavy isotope of hydrogen, contains one proton and one neutral nu",AUX,?,,,neutron,False,False,False,8.731446027755737,True
L11_F9723,11,effect_size,9,1.78125,,,349,p0349,Which particle in the nucleus provides stability by mediating the strong nuclear,AUX,?,,,neutron,False,False,False,4.432452201843262,True
L11_F9723,11,effect_size,10,1.703125,,,40,p0040,"Unlike the muon (a lepton), which stable, positively charged baryon constitutes ",AUX,?,,,proton,False,False,False,-0.431004524230957,False
L12_F100195,12,effect_size,1,3.8125,,,151,p0151,"In particle physics, virtual particles mediate forces; the virtual particle resp",AUX,?,,,photon,False,False,False,5.048319339752197,True
L12_F100195,12,effect_size,2,2.96875,,,61,p0061,Carbon-12 has six protons and six neutral nuclear particles in its nucleus. What,AUX,?,,,neutron,False,False,False,6.376859664916992,True
L12_F100195,12,effect_size,3,2.90625,,,443,p0443,Unlike the W and Z bosons (which give the weak force a short range due to their ,AUX,?,,,photon,False,False,False,5.592960834503174,True
L12_F100195,12,effect_size,4,2.375,,,291,p0291,"Radio antennas emit electromagnetic radiation; at the quantum level, the energy ",AUX,?,,,photon,False,False,False,4.377542018890381,True
L12_F100195,12,effect_size,5,2.1875,,,343,p0343,Which constituent of atomic nuclei carries no electric charge? Answer:,AUX,?,,,neutron,False,False,False,6.5862767696380615,True
L12_F100195,12,effect_size,6,1.96875,,,358,p0358,"In Doppler laser cooling, discrete electromagnetic packets carry momentum that s",AUX,?,,,photon,False,False,False,3.232701301574707,True
L12_F100195,12,effect_size,7,1.9375,,,228,p0228,Which massless particle carries a discrete packet of electromagnetic energy? Ans,AUX,?,,,photon,False,False,False,3.765594959259033,True
L12_F100195,12,effect_size,8,1.9375,,,432,p0432,Which fundamental particle is the carrier of both light and electromagnetic radi,AUX,?,,,photon,False,False,False,2.0639381408691406,True
L12_F100195,12,effect_size,9,1.8125,,,240,p0240,"In Compton scattering, an X-ray interacts with an electron by exchanging a discr",AUX,?,,,photon,False,False,False,4.95566463470459,True
L12_F100195,12,effect_size,10,1.75,,,202,p0202,"In neutron activation, bombarding a stable nucleus with a neutral particle makes",AUX,?,,,neutron,False,False,False,7.845130205154419,True
L12_F159359,12,effect_size,1,3.9375,4.0,α-attr,151,p0151,"In particle physics, virtual particles mediate forces; the virtual particle resp",AUX,?,,,photon,False,False,False,5.048319339752197,True
L12_F159359,12,effect_size,2,3.0625,4.0,α-attr,61,p0061,Carbon-12 has six protons and six neutral nuclear particles in its nucleus. What,AUX,?,,,neutron,False,False,False,6.376859664916992,True
L12_F159359,12,effect_size,3,2.90625,4.0,α-attr,443,p0443,Unlike the W and Z bosons (which give the weak force a short range due to their ,AUX,?,,,photon,False,False,False,5.592960834503174,True
L12_F159359,12,effect_size,4,2.3125,4.0,α-attr,291,p0291,"Radio antennas emit electromagnetic radiation; at the quantum level, the energy ",AUX,?,,,photon,False,False,False,4.377542018890381,True
L12_F159359,12,effect_size,5,2.15625,4.0,α-attr,358,p0358,"In Doppler laser cooling, discrete electromagnetic packets carry momentum that s",AUX,?,,,photon,False,False,False,3.232701301574707,True
L12_F159359,12,effect_size,6,1.875,4.0,α-attr,417,p0417,The weak force is short-range due to the mass of its force carriers; in contrast,AUX,?,,,photon,False,False,False,4.077683448791504,True
L12_F159359,12,effect_size,7,1.8125,4.0,α-attr,228,p0228,Which massless particle carries a discrete packet of electromagnetic energy? Ans,AUX,?,,,photon,False,False,False,3.765594959259033,True
L12_F159359,12,effect_size,8,1.8125,4.0,α-attr,240,p0240,"In Compton scattering, an X-ray interacts with an electron by exchanging a discr",AUX,?,,,photon,False,False,False,4.95566463470459,True
L12_F159359,12,effect_size,9,1.75,4.0,α-attr,202,p0202,"In neutron activation, bombarding a stable nucleus with a neutral particle makes",AUX,?,,,neutron,False,False,False,7.845130205154419,True
L12_F159359,12,effect_size,10,1.71875,4.0,α-attr,247,p0247,Which massless particle mediates the electromagnetic force between charged parti,AUX,?,,,photon,False,False,False,0.5027980804443359,True
L12_F50000,12,effect_size,1,3.6875,3.0,α-attr,151,p0151,"In particle physics, virtual particles mediate forces; the virtual particle resp",AUX,?,,,photon,False,False,False,5.048319339752197,True
L12_F50000,12,effect_size,2,2.78125,3.0,α-attr,443,p0443,Unlike the W and Z bosons (which give the weak force a short range due to their ,AUX,?,,,photon,False,False,False,5.592960834503174,True
L12_F50000,12,effect_size,3,2.75,3.0,α-attr,61,p0061,Carbon-12 has six protons and six neutral nuclear particles in its nucleus. What,AUX,?,,,neutron,False,False,False,6.376859664916992,True
L12_F50000,12,effect_size,4,2.25,3.0,α-attr,291,p0291,"Radio antennas emit electromagnetic radiation; at the quantum level, the energy ",AUX,?,,,photon,False,False,False,4.377542018890381,True
L12_F50000,12,effect_size,5,1.9375,3.0,α-attr,343,p0343,Which constituent of atomic nuclei carries no electric charge? Answer:,AUX,?,,,neutron,False,False,False,6.5862767696380615,True
L12_F50000,12,effect_size,6,1.9375,3.0,α-attr,432,p0432,Which fundamental particle is the carrier of both light and electromagnetic radi,AUX,?,,,photon,False,False,False,2.0639381408691406,True
L12_F50000,12,effect_size,7,1.8125,3.0,α-attr,228,p0228,Which massless particle carries a discrete packet of electromagnetic energy? Ans,AUX,?,,,photon,False,False,False,3.765594959259033,True
L12_F50000,12,effect_size,8,1.78125,3.0,α-attr,358,p0358,"In Doppler laser cooling, discrete electromagnetic packets carry momentum that s",AUX,?,,,photon,False,False,False,3.232701301574707,True
L12_F50000,12,effect_size,9,1.75,3.0,α-attr,41,p0041,Which atomic particle orbits the nucleus and is negatively charged? Answer:,AUX,?,,,electron,False,False,False,5.4742701053619385,True
L12_F50000,12,effect_size,10,1.625,3.0,α-attr,202,p0202,"In neutron activation, bombarding a stable nucleus with a neutral particle makes",AUX,?,,,neutron,False,False,False,7.845130205154419,True
L13_F132297,13,effect_size,1,2.59375,,,443,p0443,Unlike the W and Z bosons (which give the weak force a short range due to their ,AUX,?,,,photon,False,False,False,5.592960834503174,True
L13_F132297,13,effect_size,2,1.765625,,,23,p0023,"Which particle, found in every nucleus, balances the negative charge of orbiting",AUX,?,,,proton,False,False,False,-0.6240963935852051,False
L13_F132297,13,effect_size,3,1.53125,,,379,p0379,"In nuclear physics, two of these positively charged particles in a helium-4 nucl",AUX,?,,,proton,False,False,False,1.1406903266906738,True
L13_F132297,13,effect_size,4,1.4375,,,417,p0417,The weak force is short-range due to the mass of its force carriers; in contrast,AUX,?,,,photon,False,False,False,4.077683448791504,True
L13_F132297,13,effect_size,5,1.375,,,363,p0363,"In cold neutron facilities, very slow neutral particles probe the structure of s",AUX,?,,,neutron,False,False,False,7.908930778503418,True
L13_F132297,13,effect_size,6,1.21875,,,391,p0391,Which massless boson is the mediator of the electromagnetic interaction in the S,AUX,?,,,photon,False,False,False,3.2196531295776367,True
L13_F132297,13,effect_size,7,1.1875,,,445,p0445,"In an oscilloscope's cathode ray tube, a beam of negatively charged particles is",AUX,?,,,electron,False,False,False,7.270944595336914,True
L13_F132297,13,effect_size,8,1.125,,,159,p0159,"In stimulated emission, an incoming discrete electromagnetic packet triggers an ",AUX,?,,,photon,False,False,False,3.316478729248047,True
L13_F132297,13,effect_size,9,1.125,,,401,p0401,"In nuclear physics, two types of particles make up the nucleus: protons carrying",AUX,?,,,neutron,False,False,False,11.254097938537598,True
L13_F132297,13,effect_size,10,1.0625,,,35,p0035,"In quantum key distribution, single discrete electromagnetic packets carry quant",AUX,?,,,photon,False,False,False,1.570777416229248,True
L13_F13278,13,effect_size,1,2.59375,,,443,p0443,Unlike the W and Z bosons (which give the weak force a short range due to their ,AUX,?,,,photon,False,False,False,5.592960834503174,True
L13_F13278,13,effect_size,2,1.890625,,,23,p0023,"Which particle, found in every nucleus, balances the negative charge of orbiting",AUX,?,,,proton,False,False,False,-0.6240963935852051,False
L13_F13278,13,effect_size,3,1.5,,,417,p0417,The weak force is short-range due to the mass of its force carriers; in contrast,AUX,?,,,photon,False,False,False,4.077683448791504,True
L13_F13278,13,effect_size,4,1.46875,,,379,p0379,"In nuclear physics, two of these positively charged particles in a helium-4 nucl",AUX,?,,,proton,False,False,False,1.1406903266906738,True
L13_F13278,13,effect_size,5,1.25,,,363,p0363,"In cold neutron facilities, very slow neutral particles probe the structure of s",AUX,?,,,neutron,False,False,False,7.908930778503418,True
L13_F13278,13,effect_size,6,1.25,,,391,p0391,Which massless boson is the mediator of the electromagnetic interaction in the S,AUX,?,,,photon,False,False,False,3.2196531295776367,True
L13_F13278,13,effect_size,7,1.125,,,401,p0401,"In nuclear physics, two types of particles make up the nucleus: protons carrying",AUX,?,,,neutron,False,False,False,11.254097938537598,True
L13_F13278,13,effect_size,8,1.0625,,,445,p0445,"In an oscilloscope's cathode ray tube, a beam of negatively charged particles is",AUX,?,,,electron,False,False,False,7.270944595336914,True
L13_F13278,13,effect_size,9,1.0,,,35,p0035,"In quantum key distribution, single discrete electromagnetic packets carry quant",AUX,?,,,photon,False,False,False,1.570777416229248,True
L13_F13278,13,effect_size,10,1.0,,,147,p0147,"Unlike the charged W± bosons (which mediate charged current interactions), which",AUX,?,,,photon,False,False,False,5.208723545074463,True
L14_F18110,14,effect_size,1,3.1875,,,312,p0312,"In nuclear medicine, radioactive isotopes with too few neutral particles relativ",AUX,?,,,neutron,False,False,False,4.960377216339111,True
L14_F18110,14,effect_size,2,2.15625,,,243,p0243,Isotopes of an element have the same atomic number but different mass numbers be,AUX,?,,,neutron,False,False,False,5.39505672454834,True
L14_F18110,14,effect_size,3,2.0,,,417,p0417,The weak force is short-range due to the mass of its force carriers; in contrast,AUX,?,,,photon,False,False,False,4.077683448791504,True
L14_F18110,14,effect_size,4,1.90625,,,45,p0045,"When a nucleus has too few neutral particles relative to protons, it undergoes p",AUX,?,,,neutron,False,False,False,5.502025127410889,True
L14_F18110,14,effect_size,5,1.90625,,,443,p0443,Unlike the W and Z bosons (which give the weak force a short range due to their ,AUX,?,,,photon,False,False,False,5.592960834503174,True
L14_F18110,14,effect_size,6,1.8125,,,151,p0151,"In particle physics, virtual particles mediate forces; the virtual particle resp",AUX,?,,,photon,False,False,False,5.048319339752197,True
L14_F18110,14,effect_size,7,1.625,,,316,p0316,The electromagnetic force has infinite range because its mediating particle is m,AUX,?,,,photon,False,False,False,1.1329727172851562,True
L14_F18110,14,effect_size,8,1.5625,,,61,p0061,Carbon-12 has six protons and six neutral nuclear particles in its nucleus. What,AUX,?,,,neutron,False,False,False,6.376859664916992,True
L14_F18110,14,effect_size,9,1.5625,,,398,p0398,"In the valley of stability, nuclei with too many neutral particles relative to p",AUX,?,,,neutron,False,False,False,7.341538429260254,True
L14_F18110,14,effect_size,10,1.5,,,90,p0090,"Unlike alpha particles (charge +2) and beta particles (charge −1), which nuclear",AUX,?,,,neutron,False,False,False,5.825218200683594,True
L15_F131368,15,effect_size,1,3.3125,,,151,p0151,"In particle physics, virtual particles mediate forces; the virtual particle resp",AUX,?,,,photon,False,False,False,5.048319339752197,True
L15_F131368,15,effect_size,2,3.0625,,,292,p0292,Unlike dark matter candidates (hypothetical massive particles that feel gravity ,AUX,?,,,photon,False,False,False,5.826063871383667,True
L15_F131368,15,effect_size,3,3.046875,,,328,p0328,"Unlike the neutrino (which is very light and rarely interacts), which massive ne",AUX,?,,,neutron,False,False,False,1.5706934928894043,True
L15_F131368,15,effect_size,4,2.40625,,,391,p0391,Which massless boson is the mediator of the electromagnetic interaction in the S,AUX,?,,,photon,False,False,False,3.2196531295776367,True
L15_F131368,15,effect_size,5,2.40625,,,443,p0443,Unlike the W and Z bosons (which give the weak force a short range due to their ,AUX,?,,,photon,False,False,False,5.592960834503174,True
L15_F131368,15,effect_size,6,2.03125,,,346,p0346,"Unlike the muon (a charged, massive lepton), which massless, chargeless boson ac",AUX,?,,,photon,False,False,False,4.823732376098633,True
L15_F131368,15,effect_size,7,2.0,,,417,p0417,The weak force is short-range due to the mass of its force carriers; in contrast,AUX,?,,,photon,False,False,False,4.077683448791504,True
L15_F131368,15,effect_size,8,1.9375,,,53,p0053,Which zero-mass particle is the force carrier of electromagnetism? Answer:,AUX,?,,,photon,False,False,False,0.4686808586120605,True
L15_F131368,15,effect_size,9,1.9375,,,123,p0123,"Unlike the W+ boson (charged weak force mediator with significant mass), which m",AUX,?,,,photon,False,False,False,6.073936462402344,True
L15_F131368,15,effect_size,10,1.90625,,,47,p0047,"Unlike the massive carriers of the weak force, which zero-mass carrier transmits",AUX,?,,,photon,False,False,False,4.064589500427246,True
L15_F142865,15,effect_size,1,3.3125,,,151,p0151,"In particle physics, virtual particles mediate forces; the virtual particle resp",AUX,?,,,photon,False,False,False,5.048319339752197,True
L15_F142865,15,effect_size,2,3.171875,,,328,p0328,"Unlike the neutrino (which is very light and rarely interacts), which massive ne",AUX,?,,,neutron,False,False,False,1.5706934928894043,True
L15_F142865,15,effect_size,3,2.9375,,,292,p0292,Unlike dark matter candidates (hypothetical massive particles that feel gravity ,AUX,?,,,photon,False,False,False,5.826063871383667,True
L15_F142865,15,effect_size,4,2.34375,,,391,p0391,Which massless boson is the mediator of the electromagnetic interaction in the S,AUX,?,,,photon,False,False,False,3.2196531295776367,True
L15_F142865,15,effect_size,5,2.28125,,,443,p0443,Unlike the W and Z bosons (which give the weak force a short range due to their ,AUX,?,,,photon,False,False,False,5.592960834503174,True
L15_F142865,15,effect_size,6,2.03125,,,346,p0346,"Unlike the muon (a charged, massive lepton), which massless, chargeless boson ac",AUX,?,,,photon,False,False,False,4.823732376098633,True
L15_F142865,15,effect_size,7,1.9375,,,53,p0053,Which zero-mass particle is the force carrier of electromagnetism? Answer:,AUX,?,,,photon,False,False,False,0.4686808586120605,True
L15_F142865,15,effect_size,8,1.9375,,,417,p0417,The weak force is short-range due to the mass of its force carriers; in contrast,AUX,?,,,photon,False,False,False,4.077683448791504,True
L15_F142865,15,effect_size,9,1.875,,,47,p0047,"Unlike the massive carriers of the weak force, which zero-mass carrier transmits",AUX,?,,,photon,False,False,False,4.064589500427246,True
L15_F142865,15,effect_size,10,1.8125,,,123,p0123,"Unlike the W+ boson (charged weak force mediator with significant mass), which m",AUX,?,,,photon,False,False,False,6.073936462402344,True
L15_F45839,15,effect_size,1,3.703125,3.0,α-attr,328,p0328,"Unlike the neutrino (which is very light and rarely interacts), which massive ne",AUX,?,,,neutron,False,False,False,1.5706934928894043,True
L15_F45839,15,effect_size,2,3.5,3.0,α-attr,151,p0151,"In particle physics, virtual particles mediate forces; the virtual particle resp",AUX,?,,,photon,False,False,False,5.048319339752197,True
L15_F45839,15,effect_size,3,2.75,3.0,α-attr,292,p0292,Unlike dark matter candidates (hypothetical massive particles that feel gravity ,AUX,?,,,photon,False,False,False,5.826063871383667,True
L15_F45839,15,effect_size,4,2.53125,3.0,α-attr,443,p0443,Unlike the W and Z bosons (which give the weak force a short range due to their ,AUX,?,,,photon,False,False,False,5.592960834503174,True
L15_F45839,15,effect_size,5,2.28125,3.0,α-attr,391,p0391,Which massless boson is the mediator of the electromagnetic interaction in the S,AUX,?,,,photon,False,False,False,3.2196531295776367,True
L15_F45839,15,effect_size,6,2.25,3.0,α-attr,417,p0417,The weak force is short-range due to the mass of its force carriers; in contrast,AUX,?,,,photon,False,False,False,4.077683448791504,True
L15_F45839,15,effect_size,7,2.0625,3.0,α-attr,123,p0123,"Unlike the W+ boson (charged weak force mediator with significant mass), which m",AUX,?,,,photon,False,False,False,6.073936462402344,True
L15_F45839,15,effect_size,8,2.0625,3.0,α-attr,247,p0247,Which massless particle mediates the electromagnetic force between charged parti,AUX,?,,,photon,False,False,False,0.5027980804443359,True
L15_F45839,15,effect_size,9,2.0,3.0,α-attr,53,p0053,Which zero-mass particle is the force carrier of electromagnetism? Answer:,AUX,?,,,photon,False,False,False,0.4686808586120605,True
L15_F45839,15,effect_size,10,1.9375,3.0,α-attr,110,p0110,"Unlike the charged proton, which nuclear particle has zero net charge? Answer:",AUX,?,,,neutron,False,False,False,8.15641736984253,True
L15_F76750,15,effect_size,1,3.234375,,,328,p0328,"Unlike the neutrino (which is very light and rarely interacts), which massive ne",AUX,?,,,neutron,False,False,False,1.5706934928894043,True
L15_F76750,15,effect_size,2,3.125,,,151,p0151,"In particle physics, virtual particles mediate forces; the virtual particle resp",AUX,?,,,photon,False,False,False,5.048319339752197,True
L15_F76750,15,effect_size,3,2.9375,,,292,p0292,Unlike dark matter candidates (hypothetical massive particles that feel gravity ,AUX,?,,,photon,False,False,False,5.826063871383667,True
L15_F76750,15,effect_size,4,2.34375,,,443,p0443,Unlike the W and Z bosons (which give the weak force a short range due to their ,AUX,?,,,photon,False,False,False,5.592960834503174,True
L15_F76750,15,effect_size,5,2.28125,,,391,p0391,Which massless boson is the mediator of the electromagnetic interaction in the S,AUX,?,,,photon,False,False,False,3.2196531295776367,True
L15_F76750,15,effect_size,6,2.0625,,,53,p0053,Which zero-mass particle is the force carrier of electromagnetism? Answer:,AUX,?,,,photon,False,False,False,0.4686808586120605,True
L15_F76750,15,effect_size,7,2.0,,,417,p0417,The weak force is short-range due to the mass of its force carriers; in contrast,AUX,?,,,photon,False,False,False,4.077683448791504,True
L15_F76750,15,effect_size,8,1.90625,,,47,p0047,"Unlike the massive carriers of the weak force, which zero-mass carrier transmits",AUX,?,,,photon,False,False,False,4.064589500427246,True
L15_F76750,15,effect_size,9,1.90625,,,346,p0346,"Unlike the muon (a charged, massive lepton), which massless, chargeless boson ac",AUX,?,,,photon,False,False,False,4.823732376098633,True
L15_F76750,15,effect_size,10,1.8125,,,123,p0123,"Unlike the W+ boson (charged weak force mediator with significant mass), which m",AUX,?,,,photon,False,False,False,6.073936462402344,True
L16_F35329,16,effect_size,1,2.75,,,79,p0079,Unlike the pion (which mediates residual strong force between nucleons and has m,AUX,?,,,photon,False,False,False,5.40229868888855,True
L16_F35329,16,effect_size,2,2.6875,,,151,p0151,"In particle physics, virtual particles mediate forces; the virtual particle resp",AUX,?,,,photon,False,False,False,5.048319339752197,True
L16_F35329,16,effect_size,3,2.125,,,147,p0147,"Unlike the charged W± bosons (which mediate charged current interactions), which",AUX,?,,,photon,False,False,False,5.208723545074463,True
L16_F35329,16,effect_size,4,2.125,,,240,p0240,"In Compton scattering, an X-ray interacts with an electron by exchanging a discr",AUX,?,,,photon,False,False,False,4.95566463470459,True
L16_F35329,16,effect_size,5,2.03125,,,443,p0443,Unlike the W and Z bosons (which give the weak force a short range due to their ,AUX,?,,,photon,False,False,False,5.592960834503174,True
L16_F35329,16,effect_size,6,2.015625,,,328,p0328,"Unlike the neutrino (which is very light and rarely interacts), which massive ne",AUX,?,,,neutron,False,False,False,1.5706934928894043,True
L16_F35329,16,effect_size,7,1.90625,,,419,p0419,"In the photoelectric effect, each discrete packet of electromagnetic energy eith",AUX,?,,,photon,False,False,False,1.66029691696167,True
L16_F35329,16,effect_size,8,1.78125,,,67,p0067,"Unlike the gluon (which carries the strong force and is confined), which massles",AUX,?,,,photon,False,False,False,6.598482608795166,True
L16_F35329,16,effect_size,9,1.625,,,417,p0417,The weak force is short-range due to the mass of its force carriers; in contrast,AUX,?,,,photon,False,False,False,4.077683448791504,True
L16_F35329,16,effect_size,10,1.5,,,69,p0069,"In a photomultiplier tube, a single incoming discrete electromagnetic packet tri",AUX,?,,,photon,False,False,False,1.3583693504333496,True
L17_F119141,17,effect_size,1,3.3125,,,79,p0079,Unlike the pion (which mediates residual strong force between nucleons and has m,AUX,?,,,photon,False,False,False,5.40229868888855,True
L17_F119141,17,effect_size,2,3.171875,,,328,p0328,"Unlike the neutrino (which is very light and rarely interacts), which massive ne",AUX,?,,,neutron,False,False,False,1.5706934928894043,True
L17_F119141,17,effect_size,3,3.125,,,292,p0292,Unlike dark matter candidates (hypothetical massive particles that feel gravity ,AUX,?,,,photon,False,False,False,5.826063871383667,True
L17_F119141,17,effect_size,4,2.75,,,399,p0399,"Unlike the Higgs boson (which has mass and gives other particles their mass), wh",AUX,?,,,photon,False,False,False,5.040262222290039,True
L17_F119141,17,effect_size,5,2.59375,,,443,p0443,Unlike the W and Z bosons (which give the weak force a short range due to their ,AUX,?,,,photon,False,False,False,5.592960834503174,True
L17_F119141,17,effect_size,6,2.46875,,,145,p0145,"Unlike the pion (massive, mediates residual nuclear force), which massless parti",AUX,?,,,photon,False,False,False,4.448410987854004,True
L17_F119141,17,effect_size,7,2.375,,,45,p0045,"When a nucleus has too few neutral particles relative to protons, it undergoes p",AUX,?,,,neutron,False,False,False,5.502025127410889,True
L17_F119141,17,effect_size,8,2.25,,,151,p0151,"In particle physics, virtual particles mediate forces; the virtual particle resp",AUX,?,,,photon,False,False,False,5.048319339752197,True
L17_F119141,17,effect_size,9,2.1875,,,17,p0017,"During nuclear de-excitation, the nucleus releases energy as a very high-energy ",AUX,?,,,photon,False,False,False,0.7735161781311035,True
L17_F119141,17,effect_size,10,2.03125,,,379,p0379,"In nuclear physics, two of these positively charged particles in a helium-4 nucl",AUX,?,,,proton,False,False,False,1.1406903266906738,True
L18_F71234,18,effect_size,1,5.8125,1.0,β-attr,148,p0148,"Which particle, when exchanged between two charges, gives rise to the electromag",AUX,?,,,photon,False,False,False,-0.7653512954711914,False
L18_F71234,18,effect_size,2,4.78125,1.0,β-attr,312,p0312,"In nuclear medicine, radioactive isotopes with too few neutral particles relativ",AUX,?,,,neutron,False,False,False,4.960377216339111,True
L18_F71234,18,effect_size,3,4.5625,1.0,β-attr,264,p0264,Which massless gauge boson is exchanged between charged particles to produce ele,AUX,?,,,photon,False,False,False,-1.0760321617126465,False
L18_F71234,18,effect_size,4,4.40625,1.0,β-attr,391,p0391,Which massless boson is the mediator of the electromagnetic interaction in the S,AUX,?,,,photon,False,False,False,3.2196531295776367,True
L18_F71234,18,effect_size,5,4.3125,1.0,β-attr,151,p0151,"In particle physics, virtual particles mediate forces; the virtual particle resp",AUX,?,,,photon,False,False,False,5.048319339752197,True
L18_F71234,18,effect_size,6,4.21875,1.0,β-attr,380,p0380,Which particle is the quantum of electromagnetic radiation? Answer:,AUX,?,,,photon,False,False,False,0.5401186943054199,True
L18_F71234,18,effect_size,7,3.921875,1.0,β-attr,328,p0328,"Unlike the neutrino (which is very light and rarely interacts), which massive ne",AUX,?,,,neutron,False,False,False,1.5706934928894043,True
L18_F71234,18,effect_size,8,3.75,1.0,β-attr,250,p0250,The massless nature of the electromagnetic force carrier means electromagnetic f,AUX,?,,,photon,False,False,False,1.0698022842407229,True
L18_F71234,18,effect_size,9,3.6875,1.0,β-attr,161,p0161,"In optical fibres, information is encoded in pulses of massless electromagnetic ",AUX,?,,,photon,False,False,False,1.3522825241088867,True
L18_F71234,18,effect_size,10,3.6875,1.0,β-attr,247,p0247,Which massless particle mediates the electromagnetic force between charged parti,AUX,?,,,photon,False,False,False,0.5027980804443359,True
L19_F39488,19,effect_size,1,1.9375,1.0,β-attr,17,p0017,"During nuclear de-excitation, the nucleus releases energy as a very high-energy ",AUX,?,,,photon,False,False,False,0.7735161781311035,True
L19_F39488,19,effect_size,2,1.90625,1.0,β-attr,443,p0443,Unlike the W and Z bosons (which give the weak force a short range due to their ,AUX,?,,,photon,False,False,False,5.592960834503174,True
L19_F39488,19,effect_size,3,1.8125,1.0,β-attr,407,p0407,"Unlike the Z boson (which mediates neutral current weak interactions), which mas",AUX,?,,,photon,False,False,False,3.7138943672180176,True
L19_F39488,19,effect_size,4,1.78125,1.0,β-attr,186,p0186,"Unlike the electron, which massless particle is emitted when an atom undergoes a",AUX,?,,,photon,False,False,False,2.118959426879883,True
L19_F39488,19,effect_size,5,1.5625,1.0,β-attr,417,p0417,The weak force is short-range due to the mass of its force carriers; in contrast,AUX,?,,,photon,False,False,False,4.077683448791504,True
L19_F39488,19,effect_size,6,1.4375,1.0,β-attr,261,p0261,"Unlike the strong force (mediated by gluons) or gravity (mediated by gravitons),",AUX,?,,,photon,False,False,False,4.959285736083984,True
L19_F39488,19,effect_size,7,1.40625,1.0,β-attr,346,p0346,"Unlike the muon (a charged, massive lepton), which massless, chargeless boson ac",AUX,?,,,photon,False,False,False,4.823732376098633,True
L19_F39488,19,effect_size,8,1.375,1.0,β-attr,340,p0340,"Unlike massive charged particles like electrons and protons, which massless, unc",AUX,?,,,photon,False,False,False,4.579797744750977,True
L19_F39488,19,effect_size,9,1.375,1.0,β-attr,391,p0391,Which massless boson is the mediator of the electromagnetic interaction in the S,AUX,?,,,photon,False,False,False,3.2196531295776367,True
L19_F39488,19,effect_size,10,1.3125,1.0,β-attr,173,p0173,"Unlike the W and Z bosons (which are massive and mediate the weak force), which ",AUX,?,,,photon,False,False,False,5.20643424987793,True
L19_F41536,19,effect_size,1,1.5,1.0,β-attr,443,p0443,Unlike the W and Z bosons (which give the weak force a short range due to their ,AUX,?,,,photon,False,False,False,5.592960834503174,True
L19_F41536,19,effect_size,2,1.46875,1.0,β-attr,407,p0407,"Unlike the Z boson (which mediates neutral current weak interactions), which mas",AUX,?,,,photon,False,False,False,3.7138943672180176,True
L19_F41536,19,effect_size,3,1.375,1.0,β-attr,186,p0186,"Unlike the electron, which massless particle is emitted when an atom undergoes a",AUX,?,,,photon,False,False,False,2.118959426879883,True
L19_F41536,19,effect_size,4,1.28125,1.0,β-attr,17,p0017,"During nuclear de-excitation, the nucleus releases energy as a very high-energy ",AUX,?,,,photon,False,False,False,0.7735161781311035,True
L19_F41536,19,effect_size,5,1.25,1.0,β-attr,340,p0340,"Unlike massive charged particles like electrons and protons, which massless, unc",AUX,?,,,photon,False,False,False,4.579797744750977,True
L19_F41536,19,effect_size,6,1.09375,1.0,β-attr,346,p0346,"Unlike the muon (a charged, massive lepton), which massless, chargeless boson ac",AUX,?,,,photon,False,False,False,4.823732376098633,True
L19_F41536,19,effect_size,7,1.0625,1.0,β-attr,35,p0035,"In quantum key distribution, single discrete electromagnetic packets carry quant",AUX,?,,,photon,False,False,False,1.570777416229248,True
L19_F41536,19,effect_size,8,1.0625,1.0,β-attr,391,p0391,Which massless boson is the mediator of the electromagnetic interaction in the S,AUX,?,,,photon,False,False,False,3.2196531295776367,True
L19_F41536,19,effect_size,9,1.03125,1.0,β-attr,167,p0167,"Unlike the massive Z boson that mediates weak neutral currents, which massless b",AUX,?,,,photon,False,False,False,4.340040683746338,True
L19_F41536,19,effect_size,10,1.03125,1.0,β-attr,173,p0173,"Unlike the W and Z bosons (which are massive and mediate the weak force), which ",AUX,?,,,photon,False,False,False,5.20643424987793,True
L19_F54110,19,effect_size,1,1.71875,,,443,p0443,Unlike the W and Z bosons (which give the weak force a short range due to their ,AUX,?,,,photon,False,False,False,5.592960834503174,True
L19_F54110,19,effect_size,2,1.53125,,,407,p0407,"Unlike the Z boson (which mediates neutral current weak interactions), which mas",AUX,?,,,photon,False,False,False,3.7138943672180176,True
L19_F54110,19,effect_size,3,1.46875,,,186,p0186,"Unlike the electron, which massless particle is emitted when an atom undergoes a",AUX,?,,,photon,False,False,False,2.118959426879883,True
L19_F54110,19,effect_size,4,1.40625,,,17,p0017,"During nuclear de-excitation, the nucleus releases energy as a very high-energy ",AUX,?,,,photon,False,False,False,0.7735161781311035,True
L19_F54110,19,effect_size,5,1.375,,,340,p0340,"Unlike massive charged particles like electrons and protons, which massless, unc",AUX,?,,,photon,False,False,False,4.579797744750977,True
L19_F54110,19,effect_size,6,1.15625,,,346,p0346,"Unlike the muon (a charged, massive lepton), which massless, chargeless boson ac",AUX,?,,,photon,False,False,False,4.823732376098633,True
L19_F54110,19,effect_size,7,1.125,,,417,p0417,The weak force is short-range due to the mass of its force carriers; in contrast,AUX,?,,,photon,False,False,False,4.077683448791504,True
L19_F54110,19,effect_size,8,1.0625,,,173,p0173,"Unlike the W and Z bosons (which are massive and mediate the weak force), which ",AUX,?,,,photon,False,False,False,5.20643424987793,True
L19_F54110,19,effect_size,9,1.03125,,,167,p0167,"Unlike the massive Z boson that mediates weak neutral currents, which massless b",AUX,?,,,photon,False,False,False,4.340040683746338,True
L19_F54110,19,effect_size,10,1.0,,,391,p0391,Which massless boson is the mediator of the electromagnetic interaction in the S,AUX,?,,,photon,False,False,False,3.2196531295776367,True
L19_F59757,19,effect_size,1,1.65625,,,443,p0443,Unlike the W and Z bosons (which give the weak force a short range due to their ,AUX,?,,,photon,False,False,False,5.592960834503174,True
L19_F59757,19,effect_size,2,1.46875,,,186,p0186,"Unlike the electron, which massless particle is emitted when an atom undergoes a",AUX,?,,,photon,False,False,False,2.118959426879883,True
L19_F59757,19,effect_size,3,1.3125,,,340,p0340,"Unlike massive charged particles like electrons and protons, which massless, unc",AUX,?,,,photon,False,False,False,4.579797744750977,True
L19_F59757,19,effect_size,4,1.3125,,,407,p0407,"Unlike the Z boson (which mediates neutral current weak interactions), which mas",AUX,?,,,photon,False,False,False,3.7138943672180176,True
L19_F59757,19,effect_size,5,1.21875,,,17,p0017,"During nuclear de-excitation, the nucleus releases energy as a very high-energy ",AUX,?,,,photon,False,False,False,0.7735161781311035,True
L19_F59757,19,effect_size,6,1.09375,,,173,p0173,"Unlike the W and Z bosons (which are massive and mediate the weak force), which ",AUX,?,,,photon,False,False,False,5.20643424987793,True
L19_F59757,19,effect_size,7,1.0625,,,35,p0035,"In quantum key distribution, single discrete electromagnetic packets carry quant",AUX,?,,,photon,False,False,False,1.570777416229248,True
L19_F59757,19,effect_size,8,1.0625,,,417,p0417,The weak force is short-range due to the mass of its force carriers; in contrast,AUX,?,,,photon,False,False,False,4.077683448791504,True
L19_F59757,19,effect_size,9,1.03125,,,346,p0346,"Unlike the muon (a charged, massive lepton), which massless, chargeless boson ac",AUX,?,,,photon,False,False,False,4.823732376098633,True
L19_F59757,19,effect_size,10,0.96875,,,167,p0167,"Unlike the massive Z boson that mediates weak neutral currents, which massless b",AUX,?,,,photon,False,False,False,4.340040683746338,True
L20_F101109,20,effect_size,1,1.640625,1.0,α-attr,23,p0023,"Which particle, found in every nucleus, balances the negative charge of orbiting",AUX,?,,,proton,False,False,False,-0.6240963935852051,False
L20_F101109,20,effect_size,2,1.09375,1.0,α-attr,61,p0061,Carbon-12 has six protons and six neutral nuclear particles in its nucleus. What,AUX,?,,,neutron,False,False,False,6.376859664916992,True
L20_F101109,20,effect_size,3,0.96875,1.0,α-attr,285,p0285,The liquid drop model of the nucleus includes a Coulomb repulsion term and a sym,AUX,?,,,neutron,False,False,False,6.834744453430176,True
L20_F101109,20,effect_size,4,0.9375,1.0,α-attr,359,p0359,"In radiocarbon dating, the isotope carbon-14 decays to nitrogen-14, gaining a po",AUX,?,,,proton,False,False,False,-0.3631124496459961,False
L20_F101109,20,effect_size,5,0.8125,1.0,α-attr,119,p0119,"In nuclear fission, uranium-235 absorbs a slow neutral particle and splits into ",AUX,?,,,neutron,False,False,False,5.793112754821777,True
L20_F101109,20,effect_size,6,0.65625,1.0,α-attr,183,p0183,"In mass spectrometry, ions are separated by charge-to-mass ratio; the positive c",AUX,?,,,proton,False,False,False,3.7524142265319824,True
L20_F101109,20,effect_size,7,0.625,1.0,α-attr,401,p0401,"In nuclear physics, two types of particles make up the nucleus: protons carrying",AUX,?,,,neutron,False,False,False,11.254097938537598,True
L20_F101109,20,effect_size,8,0.625,1.0,α-attr,405,p0405,"In inverse Compton scattering, a low-energy massless electromagnetic particle ga",AUX,?,,,photon,False,False,False,-0.1388092041015625,False
L20_F101109,20,effect_size,9,0.5625,1.0,α-attr,120,p0120,Nuclear stability requires that the number of neutral nuclear particles increase,AUX,?,,,neutron,False,False,False,7.230834007263184,True
L20_F101109,20,effect_size,10,0.5625,1.0,α-attr,172,p0172,Radioactive beta-plus emitters convert a nuclear particle into a neutral one; th,AUX,?,,,neutron,False,False,False,3.9513349533081055,True
L20_F111138,20,effect_size,1,1.640625,,,23,p0023,"Which particle, found in every nucleus, balances the negative charge of orbiting",AUX,?,,,proton,False,False,False,-0.6240963935852051,False
L20_F111138,20,effect_size,2,1.1875,,,61,p0061,Carbon-12 has six protons and six neutral nuclear particles in its nucleus. What,AUX,?,,,neutron,False,False,False,6.376859664916992,True
L20_F111138,20,effect_size,3,1.1875,,,359,p0359,"In radiocarbon dating, the isotope carbon-14 decays to nitrogen-14, gaining a po",AUX,?,,,proton,False,False,False,-0.3631124496459961,False
L20_F111138,20,effect_size,4,1.15625,,,119,p0119,"In nuclear fission, uranium-235 absorbs a slow neutral particle and splits into ",AUX,?,,,neutron,False,False,False,5.793112754821777,True
L20_F111138,20,effect_size,5,0.875,,,285,p0285,The liquid drop model of the nucleus includes a Coulomb repulsion term and a sym,AUX,?,,,neutron,False,False,False,6.834744453430176,True
L20_F111138,20,effect_size,6,0.8125,,,183,p0183,"In mass spectrometry, ions are separated by charge-to-mass ratio; the positive c",AUX,?,,,proton,False,False,False,3.7524142265319824,True
L20_F111138,20,effect_size,7,0.625,,,401,p0401,"In nuclear physics, two types of particles make up the nucleus: protons carrying",AUX,?,,,neutron,False,False,False,11.254097938537598,True
L20_F111138,20,effect_size,8,0.59375,,,205,p0205,"Unlike the negatively charged beta particle (electron), which particle remains i",AUX,?,,,proton,False,False,False,-0.1468586921691894,False
L20_F111138,20,effect_size,9,0.5625,,,405,p0405,"In inverse Compton scattering, a low-energy massless electromagnetic particle ga",AUX,?,,,photon,False,False,False,-0.1388092041015625,False
L20_F111138,20,effect_size,10,0.5625,,,440,p0440,"In electrochemistry, the oxidation state of a metal is determined by the count o",AUX,?,,,proton,False,False,False,1.8747692108154297,True
L20_F111313,20,effect_size,1,1.765625,,,23,p0023,"Which particle, found in every nucleus, balances the negative charge of orbiting",AUX,?,,,proton,False,False,False,-0.6240963935852051,False
L20_F111313,20,effect_size,2,1.21875,,,61,p0061,Carbon-12 has six protons and six neutral nuclear particles in its nucleus. What,AUX,?,,,neutron,False,False,False,6.376859664916992,True
L20_F111313,20,effect_size,3,1.125,,,359,p0359,"In radiocarbon dating, the isotope carbon-14 decays to nitrogen-14, gaining a po",AUX,?,,,proton,False,False,False,-0.3631124496459961,False
L20_F111313,20,effect_size,4,1.09375,,,119,p0119,"In nuclear fission, uranium-235 absorbs a slow neutral particle and splits into ",AUX,?,,,neutron,False,False,False,5.793112754821777,True
L20_F111313,20,effect_size,5,0.8125,,,285,p0285,The liquid drop model of the nucleus includes a Coulomb repulsion term and a sym,AUX,?,,,neutron,False,False,False,6.834744453430176,True
L20_F111313,20,effect_size,6,0.78125,,,183,p0183,"In mass spectrometry, ions are separated by charge-to-mass ratio; the positive c",AUX,?,,,proton,False,False,False,3.7524142265319824,True
L20_F111313,20,effect_size,7,0.6875,,,401,p0401,"In nuclear physics, two types of particles make up the nucleus: protons carrying",AUX,?,,,neutron,False,False,False,11.254097938537598,True
L20_F111313,20,effect_size,8,0.6875,,,405,p0405,"In inverse Compton scattering, a low-energy massless electromagnetic particle ga",AUX,?,,,photon,False,False,False,-0.1388092041015625,False
L20_F111313,20,effect_size,9,0.625,,,205,p0205,"Unlike the negatively charged beta particle (electron), which particle remains i",AUX,?,,,proton,False,False,False,-0.1468586921691894,False
L20_F111313,20,effect_size,10,0.625,,,299,p0299,"In nuclear transmutation using a particle accelerator, bombarding a target nucle",AUX,?,,,proton,False,False,False,1.5884408950805664,True
L20_F117855,20,effect_size,1,1.640625,,,23,p0023,"Which particle, found in every nucleus, balances the negative charge of orbiting",AUX,?,,,proton,False,False,False,-0.6240963935852051,False
L20_F117855,20,effect_size,2,1.125,,,359,p0359,"In radiocarbon dating, the isotope carbon-14 decays to nitrogen-14, gaining a po",AUX,?,,,proton,False,False,False,-0.3631124496459961,False
L20_F117855,20,effect_size,3,1.09375,,,61,p0061,Carbon-12 has six protons and six neutral nuclear particles in its nucleus. What,AUX,?,,,neutron,False,False,False,6.376859664916992,True
L20_F117855,20,effect_size,4,1.0625,,,119,p0119,"In nuclear fission, uranium-235 absorbs a slow neutral particle and splits into ",AUX,?,,,neutron,False,False,False,5.793112754821777,True
L20_F117855,20,effect_size,5,0.875,,,285,p0285,The liquid drop model of the nucleus includes a Coulomb repulsion term and a sym,AUX,?,,,neutron,False,False,False,6.834744453430176,True
L20_F117855,20,effect_size,6,0.78125,,,183,p0183,"In mass spectrometry, ions are separated by charge-to-mass ratio; the positive c",AUX,?,,,proton,False,False,False,3.7524142265319824,True
L20_F117855,20,effect_size,7,0.5625,,,299,p0299,"In nuclear transmutation using a particle accelerator, bombarding a target nucle",AUX,?,,,proton,False,False,False,1.5884408950805664,True
L20_F117855,20,effect_size,8,0.5625,,,401,p0401,"In nuclear physics, two types of particles make up the nucleus: protons carrying",AUX,?,,,neutron,False,False,False,11.254097938537598,True
L20_F117855,20,effect_size,9,0.5625,,,405,p0405,"In inverse Compton scattering, a low-energy massless electromagnetic particle ga",AUX,?,,,photon,False,False,False,-0.1388092041015625,False
L20_F117855,20,effect_size,10,0.5625,,,440,p0440,"In electrochemistry, the oxidation state of a metal is determined by the count o",AUX,?,,,proton,False,False,False,1.8747692108154297,True
L20_F24337,20,effect_size,1,1.515625,1.0,α-attr,23,p0023,"Which particle, found in every nucleus, balances the negative charge of orbiting",AUX,?,,,proton,False,False,False,-0.6240963935852051,False
L20_F24337,20,effect_size,2,1.3125,1.0,α-attr,359,p0359,"In radiocarbon dating, the isotope carbon-14 decays to nitrogen-14, gaining a po",AUX,?,,,proton,False,False,False,-0.3631124496459961,False
L20_F24337,20,effect_size,3,1.28125,1.0,α-attr,61,p0061,Carbon-12 has six protons and six neutral nuclear particles in its nucleus. What,AUX,?,,,neutron,False,False,False,6.376859664916992,True
L20_F24337,20,effect_size,4,1.25,1.0,α-attr,119,p0119,"In nuclear fission, uranium-235 absorbs a slow neutral particle and splits into ",AUX,?,,,neutron,False,False,False,5.793112754821777,True
L20_F24337,20,effect_size,5,0.84375,1.0,α-attr,183,p0183,"In mass spectrometry, ions are separated by charge-to-mass ratio; the positive c",AUX,?,,,proton,False,False,False,3.7524142265319824,True
L20_F24337,20,effect_size,6,0.78125,1.0,α-attr,285,p0285,The liquid drop model of the nucleus includes a Coulomb repulsion term and a sym,AUX,?,,,neutron,False,False,False,6.834744453430176,True
L20_F24337,20,effect_size,7,0.6875,1.0,α-attr,405,p0405,"In inverse Compton scattering, a low-energy massless electromagnetic particle ga",AUX,?,,,photon,False,False,False,-0.1388092041015625,False
L20_F24337,20,effect_size,8,0.625,1.0,α-attr,299,p0299,"In nuclear transmutation using a particle accelerator, bombarding a target nucle",AUX,?,,,proton,False,False,False,1.5884408950805664,True
L20_F24337,20,effect_size,9,0.59375,1.0,α-attr,205,p0205,"Unlike the negatively charged beta particle (electron), which particle remains i",AUX,?,,,proton,False,False,False,-0.1468586921691894,False
L20_F24337,20,effect_size,10,0.53125,1.0,α-attr,440,p0440,"In electrochemistry, the oxidation state of a metal is determined by the count o",AUX,?,,,proton,False,False,False,1.8747692108154297,True
L21_F122057,21,effect_size,1,1.875,,,401,p0401,"In nuclear physics, two types of particles make up the nucleus: protons carrying",AUX,?,,,neutron,False,False,False,11.254097938537598,True
L21_F122057,21,effect_size,2,1.6875,,,434,p0434,"Unlike protons (which repel each other via the electromagnetic force), which neu",AUX,?,,,neutron,False,False,False,12.184636116027832,True
L21_F122057,21,effect_size,3,1.65625,,,359,p0359,"In radiocarbon dating, the isotope carbon-14 decays to nitrogen-14, gaining a po",AUX,?,,,proton,False,False,False,-0.3631124496459961,False
L21_F122057,21,effect_size,4,1.5625,,,220,p0220,The nucleus contains two types of nucleons: protons (positive) and which neutral,AUX,?,,,neutron,False,False,False,9.62127923965454,True
L21_F122057,21,effect_size,5,1.5625,,,247,p0247,Which massless particle mediates the electromagnetic force between charged parti,AUX,?,,,photon,False,False,False,0.5027980804443359,True
L21_F122057,21,effect_size,6,1.53125,,,346,p0346,"Unlike the muon (a charged, massive lepton), which massless, chargeless boson ac",AUX,?,,,photon,False,False,False,4.823732376098633,True
L21_F122057,21,effect_size,7,1.53125,,,400,p0400,"Unlike protons and neutrons (which have rest mass), which massless particle is t",AUX,?,,,photon,False,False,False,4.473434448242188,True
L21_F122057,21,effect_size,8,1.5,,,391,p0391,Which massless boson is the mediator of the electromagnetic interaction in the S,AUX,?,,,photon,False,False,False,3.2196531295776367,True
L21_F122057,21,effect_size,9,1.46875,,,209,p0209,The shell model of the nucleus predicts magic numbers for both protons and neutr,AUX,?,,,neutron,False,False,False,8.282240867614746,True
L21_F122057,21,effect_size,10,1.4375,,,422,p0422,"Unlike protons (which cannot be added without changing the element), which neutr",AUX,?,,,neutron,False,False,False,11.907681941986084,True
L21_F144598,21,effect_size,1,1.84375,2.0,α-attr,391,p0391,Which massless boson is the mediator of the electromagnetic interaction in the S,AUX,?,,,photon,False,False,False,3.2196531295776367,True
L21_F144598,21,effect_size,2,1.8125,2.0,α-attr,247,p0247,Which massless particle mediates the electromagnetic force between charged parti,AUX,?,,,photon,False,False,False,0.5027980804443359,True
L21_F144598,21,effect_size,3,1.78125,2.0,α-attr,400,p0400,"Unlike protons and neutrons (which have rest mass), which massless particle is t",AUX,?,,,photon,False,False,False,4.473434448242188,True
L21_F144598,21,effect_size,4,1.75,2.0,α-attr,401,p0401,"In nuclear physics, two types of particles make up the nucleus: protons carrying",AUX,?,,,neutron,False,False,False,11.254097938537598,True
L21_F144598,21,effect_size,5,1.6875,2.0,α-attr,434,p0434,"Unlike protons (which repel each other via the electromagnetic force), which neu",AUX,?,,,neutron,False,False,False,12.184636116027832,True
L21_F144598,21,effect_size,6,1.65625,2.0,α-attr,346,p0346,"Unlike the muon (a charged, massive lepton), which massless, chargeless boson ac",AUX,?,,,photon,False,False,False,4.823732376098633,True
L21_F144598,21,effect_size,7,1.53125,2.0,α-attr,359,p0359,"In radiocarbon dating, the isotope carbon-14 decays to nitrogen-14, gaining a po",AUX,?,,,proton,False,False,False,-0.3631124496459961,False
L21_F144598,21,effect_size,8,1.40625,2.0,α-attr,209,p0209,The shell model of the nucleus predicts magic numbers for both protons and neutr,AUX,?,,,neutron,False,False,False,8.282240867614746,True
L21_F144598,21,effect_size,9,1.375,2.0,α-attr,61,p0061,Carbon-12 has six protons and six neutral nuclear particles in its nucleus. What,AUX,?,,,neutron,False,False,False,6.376859664916992,True
L21_F144598,21,effect_size,10,1.3125,2.0,α-attr,220,p0220,The nucleus contains two types of nucleons: protons (positive) and which neutral,AUX,?,,,neutron,False,False,False,9.62127923965454,True
L21_F15419,21,effect_size,1,1.875,,,401,p0401,"In nuclear physics, two types of particles make up the nucleus: protons carrying",AUX,?,,,neutron,False,False,False,11.254097938537598,True
L21_F15419,21,effect_size,2,1.8125,,,434,p0434,"Unlike protons (which repel each other via the electromagnetic force), which neu",AUX,?,,,neutron,False,False,False,12.184636116027832,True
L21_F15419,21,effect_size,3,1.6875,,,220,p0220,The nucleus contains two types of nucleons: protons (positive) and which neutral,AUX,?,,,neutron,False,False,False,9.62127923965454,True
L21_F15419,21,effect_size,4,1.625,,,359,p0359,"In radiocarbon dating, the isotope carbon-14 decays to nitrogen-14, gaining a po",AUX,?,,,proton,False,False,False,-0.3631124496459961,False
L21_F15419,21,effect_size,5,1.46875,,,247,p0247,Which massless particle mediates the electromagnetic force between charged parti,AUX,?,,,photon,False,False,False,0.5027980804443359,True
L21_F15419,21,effect_size,6,1.46875,,,391,p0391,Which massless boson is the mediator of the electromagnetic interaction in the S,AUX,?,,,photon,False,False,False,3.2196531295776367,True
L21_F15419,21,effect_size,7,1.4375,,,422,p0422,"Unlike protons (which cannot be added without changing the element), which neutr",AUX,?,,,neutron,False,False,False,11.907681941986084,True
L21_F15419,21,effect_size,8,1.40625,,,346,p0346,"Unlike the muon (a charged, massive lepton), which massless, chargeless boson ac",AUX,?,,,photon,False,False,False,4.823732376098633,True
L21_F15419,21,effect_size,9,1.40625,,,400,p0400,"Unlike protons and neutrons (which have rest mass), which massless particle is t",AUX,?,,,photon,False,False,False,4.473434448242188,True
L21_F15419,21,effect_size,10,1.375,,,209,p0209,The shell model of the nucleus predicts magic numbers for both protons and neutr,AUX,?,,,neutron,False,False,False,8.282240867614746,True
L21_F20252,21,effect_size,1,1.96875,2.0,α-attr,391,p0391,Which massless boson is the mediator of the electromagnetic interaction in the S,AUX,?,,,photon,False,False,False,3.2196531295776367,True
L21_F20252,21,effect_size,2,1.875,2.0,α-attr,401,p0401,"In nuclear physics, two types of particles make up the nucleus: protons carrying",AUX,?,,,neutron,False,False,False,11.254097938537598,True
L21_F20252,21,effect_size,3,1.84375,2.0,α-attr,247,p0247,Which massless particle mediates the electromagnetic force between charged parti,AUX,?,,,photon,False,False,False,0.5027980804443359,True
L21_F20252,21,effect_size,4,1.65625,2.0,α-attr,346,p0346,"Unlike the muon (a charged, massive lepton), which massless, chargeless boson ac",AUX,?,,,photon,False,False,False,4.823732376098633,True
L21_F20252,21,effect_size,5,1.65625,2.0,α-attr,400,p0400,"Unlike protons and neutrons (which have rest mass), which massless particle is t",AUX,?,,,photon,False,False,False,4.473434448242188,True
L21_F20252,21,effect_size,6,1.625,2.0,α-attr,209,p0209,The shell model of the nucleus predicts magic numbers for both protons and neutr,AUX,?,,,neutron,False,False,False,8.282240867614746,True
L21_F20252,21,effect_size,7,1.625,2.0,α-attr,359,p0359,"In radiocarbon dating, the isotope carbon-14 decays to nitrogen-14, gaining a po",AUX,?,,,proton,False,False,False,-0.3631124496459961,False
L21_F20252,21,effect_size,8,1.5625,2.0,α-attr,216,p0216,"Unlike the electron (outside the nucleus and negatively charged), which neutral ",AUX,?,,,neutron,False,False,False,5.428051948547363,True
L21_F20252,21,effect_size,9,1.5,2.0,α-attr,220,p0220,The nucleus contains two types of nucleons: protons (positive) and which neutral,AUX,?,,,neutron,False,False,False,9.62127923965454,True
L21_F20252,21,effect_size,10,1.5,2.0,α-attr,422,p0422,"Unlike protons (which cannot be added without changing the element), which neutr",AUX,?,,,neutron,False,False,False,11.907681941986084,True
L21_F27974,21,effect_size,1,1.625,1.0,α-attr,401,p0401,"In nuclear physics, two types of particles make up the nucleus: protons carrying",AUX,?,,,neutron,False,False,False,11.254097938537598,True
L21_F27974,21,effect_size,2,1.5625,1.0,α-attr,247,p0247,Which massless particle mediates the electromagnetic force between charged parti,AUX,?,,,photon,False,False,False,0.5027980804443359,True
L21_F27974,21,effect_size,3,1.53125,1.0,α-attr,359,p0359,"In radiocarbon dating, the isotope carbon-14 decays to nitrogen-14, gaining a po",AUX,?,,,proton,False,False,False,-0.3631124496459961,False
L21_F27974,21,effect_size,4,1.53125,1.0,α-attr,400,p0400,"Unlike protons and neutrons (which have rest mass), which massless particle is t",AUX,?,,,photon,False,False,False,4.473434448242188,True
L21_F27974,21,effect_size,5,1.40625,1.0,α-attr,391,p0391,Which massless boson is the mediator of the electromagnetic interaction in the S,AUX,?,,,photon,False,False,False,3.2196531295776367,True
L21_F27974,21,effect_size,6,1.375,1.0,α-attr,216,p0216,"Unlike the electron (outside the nucleus and negatively charged), which neutral ",AUX,?,,,neutron,False,False,False,5.428051948547363,True
L21_F27974,21,effect_size,7,1.34375,1.0,α-attr,346,p0346,"Unlike the muon (a charged, massive lepton), which massless, chargeless boson ac",AUX,?,,,photon,False,False,False,4.823732376098633,True
L21_F27974,21,effect_size,8,1.265625,1.0,α-attr,23,p0023,"Which particle, found in every nucleus, balances the negative charge of orbiting",AUX,?,,,proton,False,False,False,-0.6240963935852051,False
L21_F27974,21,effect_size,9,1.25,1.0,α-attr,220,p0220,The nucleus contains two types of nucleons: protons (positive) and which neutral,AUX,?,,,neutron,False,False,False,9.62127923965454,True
L21_F27974,21,effect_size,10,1.25,1.0,α-attr,422,p0422,"Unlike protons (which cannot be added without changing the element), which neutr",AUX,?,,,neutron,False,False,False,11.907681941986084,True
L21_F31790,21,effect_size,1,1.75,1.0,α-attr,401,p0401,"In nuclear physics, two types of particles make up the nucleus: protons carrying",AUX,?,,,neutron,False,False,False,11.254097938537598,True
L21_F31790,21,effect_size,2,1.625,1.0,α-attr,247,p0247,Which massless particle mediates the electromagnetic force between charged parti,AUX,?,,,photon,False,False,False,0.5027980804443359,True
L21_F31790,21,effect_size,3,1.625,1.0,α-attr,359,p0359,"In radiocarbon dating, the isotope carbon-14 decays to nitrogen-14, gaining a po",AUX,?,,,proton,False,False,False,-0.3631124496459961,False
L21_F31790,21,effect_size,4,1.59375,1.0,α-attr,400,p0400,"Unlike protons and neutrons (which have rest mass), which massless particle is t",AUX,?,,,photon,False,False,False,4.473434448242188,True
L21_F31790,21,effect_size,5,1.5625,1.0,α-attr,434,p0434,"Unlike protons (which repel each other via the electromagnetic force), which neu",AUX,?,,,neutron,False,False,False,12.184636116027832,True
L21_F31790,21,effect_size,6,1.515625,1.0,α-attr,23,p0023,"Which particle, found in every nucleus, balances the negative charge of orbiting",AUX,?,,,proton,False,False,False,-0.6240963935852051,False
L21_F31790,21,effect_size,7,1.5,1.0,α-attr,391,p0391,Which massless boson is the mediator of the electromagnetic interaction in the S,AUX,?,,,photon,False,False,False,3.2196531295776367,True
L21_F31790,21,effect_size,8,1.5,1.0,α-attr,422,p0422,"Unlike protons (which cannot be added without changing the element), which neutr",AUX,?,,,neutron,False,False,False,11.907681941986084,True
L21_F31790,21,effect_size,9,1.4375,1.0,α-attr,220,p0220,The nucleus contains two types of nucleons: protons (positive) and which neutral,AUX,?,,,neutron,False,False,False,9.62127923965454,True
L21_F31790,21,effect_size,10,1.40625,1.0,α-attr,346,p0346,"Unlike the muon (a charged, massive lepton), which massless, chargeless boson ac",AUX,?,,,photon,False,False,False,4.823732376098633,True
L22_F118125,22,effect_size,1,1.765625,,,23,p0023,"Which particle, found in every nucleus, balances the negative charge of orbiting",AUX,?,,,proton,False,False,False,-0.6240963935852051,False
L22_F118125,22,effect_size,2,0.5,,,335,p0335,"In nuclear fission, a uranium nucleus splits into two smaller nuclei; both conta",AUX,?,,,proton,False,False,False,1.3615689277648926,True
L22_F118125,22,effect_size,3,0.5,,,359,p0359,"In radiocarbon dating, the isotope carbon-14 decays to nitrogen-14, gaining a po",AUX,?,,,proton,False,False,False,-0.3631124496459961,False
L22_F118125,22,effect_size,4,0.375,,,38,p0038,"In muon-catalysed fusion, muons help bring two light nuclei together; the neutra",AUX,?,,,neutron,False,False,False,1.147639274597168,True
L22_F118125,22,effect_size,5,0.3125,,,172,p0172,Radioactive beta-plus emitters convert a nuclear particle into a neutral one; th,AUX,?,,,neutron,False,False,False,3.9513349533081055,True
L22_F118125,22,effect_size,6,0.25,,,136,p0136,"Unlike pions (mesons that mediate nuclear force), which neutral nucleon actually",AUX,?,,,neutron,False,False,False,2.2039289474487305,True
L22_F118125,22,effect_size,7,0.25,,,415,p0415,Charged particle tracks in a bubble chamber curve in a magnetic field; positive ,AUX,?,,,proton,False,False,False,0.3702435493469238,True
L22_F118125,22,effect_size,8,0.1875,,,135,p0135,"In laser-driven inertial confinement fusion, powerful lasers compress a fuel pel",AUX,?,,,proton,False,False,False,1.8050518035888672,True
L22_F118125,22,effect_size,9,0.125,,,161,p0161,"In optical fibres, information is encoded in pulses of massless electromagnetic ",AUX,?,,,photon,False,False,False,1.3522825241088867,True
L22_F118125,22,effect_size,10,0.125,,,435,p0435,Unlike the Kaluza-Klein graviton (hypothetical extra-dimensional massive particl,AUX,?,,,photon,False,False,False,-0.5522003173828125,False
L22_F139040,22,effect_size,1,2.015625,,,23,p0023,"Which particle, found in every nucleus, balances the negative charge of orbiting",AUX,?,,,proton,False,False,False,-0.6240963935852051,False
L22_F139040,22,effect_size,2,0.5625,,,335,p0335,"In nuclear fission, a uranium nucleus splits into two smaller nuclei; both conta",AUX,?,,,proton,False,False,False,1.3615689277648926,True
L22_F139040,22,effect_size,3,0.5,,,359,p0359,"In radiocarbon dating, the isotope carbon-14 decays to nitrogen-14, gaining a po",AUX,?,,,proton,False,False,False,-0.3631124496459961,False
L22_F139040,22,effect_size,4,0.375,,,38,p0038,"In muon-catalysed fusion, muons help bring two light nuclei together; the neutra",AUX,?,,,neutron,False,False,False,1.147639274597168,True
L22_F139040,22,effect_size,5,0.3125,,,136,p0136,"Unlike pions (mesons that mediate nuclear force), which neutral nucleon actually",AUX,?,,,neutron,False,False,False,2.2039289474487305,True
L22_F139040,22,effect_size,6,0.3125,,,172,p0172,Radioactive beta-plus emitters convert a nuclear particle into a neutral one; th,AUX,?,,,neutron,False,False,False,3.9513349533081055,True
L22_F139040,22,effect_size,7,0.21875,,,135,p0135,"In laser-driven inertial confinement fusion, powerful lasers compress a fuel pel",AUX,?,,,proton,False,False,False,1.8050518035888672,True
L22_F139040,22,effect_size,8,0.1875,,,415,p0415,Charged particle tracks in a bubble chamber curve in a magnetic field; positive ,AUX,?,,,proton,False,False,False,0.3702435493469238,True
L22_F139040,22,effect_size,9,0.125,,,435,p0435,Unlike the Kaluza-Klein graviton (hypothetical extra-dimensional massive particl,AUX,?,,,photon,False,False,False,-0.5522003173828125,False
L22_F139040,22,effect_size,10,0.0625,,,43,p0043,"In inverse Compton scattering, a low-energy discrete electromagnetic packet gain",AUX,?,,,photon,False,False,False,-0.2746038436889648,False
L22_F27223,22,effect_size,1,1.890625,,,23,p0023,"Which particle, found in every nucleus, balances the negative charge of orbiting",AUX,?,,,proton,False,False,False,-0.6240963935852051,False
L22_F27223,22,effect_size,2,0.46875,,,335,p0335,"In nuclear fission, a uranium nucleus splits into two smaller nuclei; both conta",AUX,?,,,proton,False,False,False,1.3615689277648926,True
L22_F27223,22,effect_size,3,0.375,,,38,p0038,"In muon-catalysed fusion, muons help bring two light nuclei together; the neutra",AUX,?,,,neutron,False,False,False,1.147639274597168,True
L22_F27223,22,effect_size,4,0.375,,,359,p0359,"In radiocarbon dating, the isotope carbon-14 decays to nitrogen-14, gaining a po",AUX,?,,,proton,False,False,False,-0.3631124496459961,False
L22_F27223,22,effect_size,5,0.3125,,,136,p0136,"Unlike pions (mesons that mediate nuclear force), which neutral nucleon actually",AUX,?,,,neutron,False,False,False,2.2039289474487305,True
L22_F27223,22,effect_size,6,0.3125,,,172,p0172,Radioactive beta-plus emitters convert a nuclear particle into a neutral one; th,AUX,?,,,neutron,False,False,False,3.9513349533081055,True
L22_F27223,22,effect_size,7,0.25,,,135,p0135,"In laser-driven inertial confinement fusion, powerful lasers compress a fuel pel",AUX,?,,,proton,False,False,False,1.8050518035888672,True
L22_F27223,22,effect_size,8,0.1875,,,161,p0161,"In optical fibres, information is encoded in pulses of massless electromagnetic ",AUX,?,,,photon,False,False,False,1.3522825241088867,True
L22_F27223,22,effect_size,9,0.1875,,,415,p0415,Charged particle tracks in a bubble chamber curve in a magnetic field; positive ,AUX,?,,,proton,False,False,False,0.3702435493469238,True
L22_F27223,22,effect_size,10,0.125,,,435,p0435,Unlike the Kaluza-Klein graviton (hypothetical extra-dimensional massive particl,AUX,?,,,photon,False,False,False,-0.5522003173828125,False
L22_F39641,22,effect_size,1,1.765625,2.0,α-attr,23,p0023,"Which particle, found in every nucleus, balances the negative charge of orbiting",AUX,?,,,proton,False,False,False,-0.6240963935852051,False
L22_F39641,22,effect_size,2,0.4375,2.0,α-attr,38,p0038,"In muon-catalysed fusion, muons help bring two light nuclei together; the neutra",AUX,?,,,neutron,False,False,False,1.147639274597168,True
L22_F39641,22,effect_size,3,0.40625,2.0,α-attr,335,p0335,"In nuclear fission, a uranium nucleus splits into two smaller nuclei; both conta",AUX,?,,,proton,False,False,False,1.3615689277648926,True
L22_F39641,22,effect_size,4,0.375,2.0,α-attr,172,p0172,Radioactive beta-plus emitters convert a nuclear particle into a neutral one; th,AUX,?,,,neutron,False,False,False,3.9513349533081055,True
L22_F39641,22,effect_size,5,0.3125,2.0,α-attr,136,p0136,"Unlike pions (mesons that mediate nuclear force), which neutral nucleon actually",AUX,?,,,neutron,False,False,False,2.2039289474487305,True
L22_F39641,22,effect_size,6,0.3125,2.0,α-attr,359,p0359,"In radiocarbon dating, the isotope carbon-14 decays to nitrogen-14, gaining a po",AUX,?,,,proton,False,False,False,-0.3631124496459961,False
L22_F39641,22,effect_size,7,0.21875,2.0,α-attr,135,p0135,"In laser-driven inertial confinement fusion, powerful lasers compress a fuel pel",AUX,?,,,proton,False,False,False,1.8050518035888672,True
L22_F39641,22,effect_size,8,0.125,2.0,α-attr,161,p0161,"In optical fibres, information is encoded in pulses of massless electromagnetic ",AUX,?,,,photon,False,False,False,1.3522825241088867,True
L22_F39641,22,effect_size,9,0.125,2.0,α-attr,415,p0415,Charged particle tracks in a bubble chamber curve in a magnetic field; positive ,AUX,?,,,proton,False,False,False,0.3702435493469238,True
L22_F39641,22,effect_size,10,0.125,2.0,α-attr,435,p0435,Unlike the Kaluza-Klein graviton (hypothetical extra-dimensional massive particl,AUX,?,,,photon,False,False,False,-0.5522003173828125,False
L22_F41906,22,effect_size,1,1.890625,,,23,p0023,"Which particle, found in every nucleus, balances the negative charge of orbiting",AUX,?,,,proton,False,False,False,-0.6240963935852051,False
L22_F41906,22,effect_size,2,0.5625,,,335,p0335,"In nuclear fission, a uranium nucleus splits into two smaller nuclei; both conta",AUX,?,,,proton,False,False,False,1.3615689277648926,True
L22_F41906,22,effect_size,3,0.375,,,38,p0038,"In muon-catalysed fusion, muons help bring two light nuclei together; the neutra",AUX,?,,,neutron,False,False,False,1.147639274597168,True
L22_F41906,22,effect_size,4,0.375,,,359,p0359,"In radiocarbon dating, the isotope carbon-14 decays to nitrogen-14, gaining a po",AUX,?,,,proton,False,False,False,-0.3631124496459961,False
L22_F41906,22,effect_size,5,0.25,,,135,p0135,"In laser-driven inertial confinement fusion, powerful lasers compress a fuel pel",AUX,?,,,proton,False,False,False,1.8050518035888672,True
L22_F41906,22,effect_size,6,0.25,,,136,p0136,"Unlike pions (mesons that mediate nuclear force), which neutral nucleon actually",AUX,?,,,neutron,False,False,False,2.2039289474487305,True
L22_F41906,22,effect_size,7,0.25,,,172,p0172,Radioactive beta-plus emitters convert a nuclear particle into a neutral one; th,AUX,?,,,neutron,False,False,False,3.9513349533081055,True
L22_F41906,22,effect_size,8,0.125,,,161,p0161,"In optical fibres, information is encoded in pulses of massless electromagnetic ",AUX,?,,,photon,False,False,False,1.3522825241088867,True
L22_F41906,22,effect_size,9,0.125,,,415,p0415,Charged particle tracks in a bubble chamber curve in a magnetic field; positive ,AUX,?,,,proton,False,False,False,0.3702435493469238,True
L22_F41906,22,effect_size,10,0.125,,,435,p0435,Unlike the Kaluza-Klein graviton (hypothetical extra-dimensional massive particl,AUX,?,,,photon,False,False,False,-0.5522003173828125,False
L22_F63642,22,effect_size,1,1.890625,,,23,p0023,"Which particle, found in every nucleus, balances the negative charge of orbiting",AUX,?,,,proton,False,False,False,-0.6240963935852051,False
L22_F63642,22,effect_size,2,0.5,,,38,p0038,"In muon-catalysed fusion, muons help bring two light nuclei together; the neutra",AUX,?,,,neutron,False,False,False,1.147639274597168,True
L22_F63642,22,effect_size,3,0.5,,,335,p0335,"In nuclear fission, a uranium nucleus splits into two smaller nuclei; both conta",AUX,?,,,proton,False,False,False,1.3615689277648926,True
L22_F63642,22,effect_size,4,0.4375,,,359,p0359,"In radiocarbon dating, the isotope carbon-14 decays to nitrogen-14, gaining a po",AUX,?,,,proton,False,False,False,-0.3631124496459961,False
L22_F63642,22,effect_size,5,0.3125,,,136,p0136,"Unlike pions (mesons that mediate nuclear force), which neutral nucleon actually",AUX,?,,,neutron,False,False,False,2.2039289474487305,True
L22_F63642,22,effect_size,6,0.3125,,,172,p0172,Radioactive beta-plus emitters convert a nuclear particle into a neutral one; th,AUX,?,,,neutron,False,False,False,3.9513349533081055,True
L22_F63642,22,effect_size,7,0.25,,,135,p0135,"In laser-driven inertial confinement fusion, powerful lasers compress a fuel pel",AUX,?,,,proton,False,False,False,1.8050518035888672,True
L22_F63642,22,effect_size,8,0.1875,,,415,p0415,Charged particle tracks in a bubble chamber curve in a magnetic field; positive ,AUX,?,,,proton,False,False,False,0.3702435493469238,True
L22_F63642,22,effect_size,9,0.125,,,161,p0161,"In optical fibres, information is encoded in pulses of massless electromagnetic ",AUX,?,,,photon,False,False,False,1.3522825241088867,True
L22_F63642,22,effect_size,10,0.0625,,,435,p0435,Unlike the Kaluza-Klein graviton (hypothetical extra-dimensional massive particl,AUX,?,,,photon,False,False,False,-0.5522003173828125,False
L23_F118675,23,effect_size,1,1.953125,,,141,p0141,Positive ions form when an atom loses its outermost negatively charged particle.,AUX,?,,,electron,False,False,False,3.4111814498901367,True
L23_F118675,23,effect_size,2,1.875,,,292,p0292,Unlike dark matter candidates (hypothetical massive particles that feel gravity ,AUX,?,,,photon,False,False,False,5.826063871383667,True
L23_F118675,23,effect_size,3,1.5,,,161,p0161,"In optical fibres, information is encoded in pulses of massless electromagnetic ",AUX,?,,,photon,False,False,False,1.3522825241088867,True
L23_F118675,23,effect_size,4,1.40625,,,403,p0403,"In cyclotron accelerators used in medicine, positively charged nuclear particles",AUX,?,,,proton,False,False,False,1.9650535583496092,True
L23_F118675,23,effect_size,5,1.375,,,181,p0181,Valence shells determine how atoms bond because they contain the outermost negat,AUX,?,,,electron,False,False,False,8.518689632415771,True
L23_F118675,23,effect_size,6,1.3125,,,116,p0116,"While neutrons contribute mass without charge, the particle that balances proton",AUX,?,,,electron,False,False,False,6.762215614318848,True
L23_F118675,23,effect_size,7,1.125,,,359,p0359,"In radiocarbon dating, the isotope carbon-14 decays to nitrogen-14, gaining a po",AUX,?,,,proton,False,False,False,-0.3631124496459961,False
L23_F118675,23,effect_size,8,1.125,,,376,p0376,Ionisation energy is the energy required to remove a negatively charged particle,AUX,?,,,electron,False,False,False,4.853951454162598,True
L23_F118675,23,effect_size,9,1.0625,,,137,p0137,"Unlike the antiproton (which annihilates with protons), which stable positively ",AUX,?,,,proton,False,False,False,2.133547782897949,True
L23_F118675,23,effect_size,10,1.0,,,429,p0429,The outermost shell of an atom determines its reactivity and is filled with nega,AUX,?,,,electron,False,False,False,7.164058208465576,True
L23_F1264,23,effect_size,1,1.75,,,141,p0141,Positive ions form when an atom loses its outermost negatively charged particle.,AUX,?,,,electron,False,False,False,3.4111814498901367,True
L23_F1264,23,effect_size,2,1.6875,,,292,p0292,Unlike dark matter candidates (hypothetical massive particles that feel gravity ,AUX,?,,,photon,False,False,False,5.826063871383667,True
L23_F1264,23,effect_size,3,1.4375,,,181,p0181,Valence shells determine how atoms bond because they contain the outermost negat,AUX,?,,,electron,False,False,False,8.518689632415771,True
L23_F1264,23,effect_size,4,1.40625,,,403,p0403,"In cyclotron accelerators used in medicine, positively charged nuclear particles",AUX,?,,,proton,False,False,False,1.9650535583496092,True
L23_F1264,23,effect_size,5,1.375,,,161,p0161,"In optical fibres, information is encoded in pulses of massless electromagnetic ",AUX,?,,,photon,False,False,False,1.3522825241088867,True
L23_F1264,23,effect_size,6,1.25,,,116,p0116,"While neutrons contribute mass without charge, the particle that balances proton",AUX,?,,,electron,False,False,False,6.762215614318848,True
L23_F1264,23,effect_size,7,1.125,,,376,p0376,Ionisation energy is the energy required to remove a negatively charged particle,AUX,?,,,electron,False,False,False,4.853951454162598,True
L23_F1264,23,effect_size,8,1.0625,,,137,p0137,"Unlike the antiproton (which annihilates with protons), which stable positively ",AUX,?,,,proton,False,False,False,2.133547782897949,True
L23_F1264,23,effect_size,9,1.0,,,359,p0359,"In radiocarbon dating, the isotope carbon-14 decays to nitrogen-14, gaining a po",AUX,?,,,proton,False,False,False,-0.3631124496459961,False
L23_F1264,23,effect_size,10,1.0,,,429,p0429,The outermost shell of an atom determines its reactivity and is filled with nega,AUX,?,,,electron,False,False,False,7.164058208465576,True
L23_F157706,23,effect_size,1,2.1875,,,292,p0292,Unlike dark matter candidates (hypothetical massive particles that feel gravity ,AUX,?,,,photon,False,False,False,5.826063871383667,True
L23_F157706,23,effect_size,2,1.84375,,,141,p0141,Positive ions form when an atom loses its outermost negatively charged particle.,AUX,?,,,electron,False,False,False,3.4111814498901367,True
L23_F157706,23,effect_size,3,1.5,,,161,p0161,"In optical fibres, information is encoded in pulses of massless electromagnetic ",AUX,?,,,photon,False,False,False,1.3522825241088867,True
L23_F157706,23,effect_size,4,1.3125,,,116,p0116,"While neutrons contribute mass without charge, the particle that balances proton",AUX,?,,,electron,False,False,False,6.762215614318848,True
L23_F157706,23,effect_size,5,1.28125,,,403,p0403,"In cyclotron accelerators used in medicine, positively charged nuclear particles",AUX,?,,,proton,False,False,False,1.9650535583496092,True
L23_F157706,23,effect_size,6,1.25,,,181,p0181,Valence shells determine how atoms bond because they contain the outermost negat,AUX,?,,,electron,False,False,False,8.518689632415771,True
L23_F157706,23,effect_size,7,1.25,,,429,p0429,The outermost shell of an atom determines its reactivity and is filled with nega,AUX,?,,,electron,False,False,False,7.164058208465576,True
L23_F157706,23,effect_size,8,1.0625,,,359,p0359,"In radiocarbon dating, the isotope carbon-14 decays to nitrogen-14, gaining a po",AUX,?,,,proton,False,False,False,-0.3631124496459961,False
L23_F157706,23,effect_size,9,1.0625,,,376,p0376,Ionisation energy is the energy required to remove a negatively charged particle,AUX,?,,,electron,False,False,False,4.853951454162598,True
L23_F157706,23,effect_size,10,1.03125,,,137,p0137,"Unlike the antiproton (which annihilates with protons), which stable positively ",AUX,?,,,proton,False,False,False,2.133547782897949,True
L23_F29730,23,effect_size,1,1.84375,2.0,α-attr,141,p0141,Positive ions form when an atom loses its outermost negatively charged particle.,AUX,?,,,electron,False,False,False,3.4111814498901367,True
L23_F29730,23,effect_size,2,1.8125,2.0,α-attr,292,p0292,Unlike dark matter candidates (hypothetical massive particles that feel gravity ,AUX,?,,,photon,False,False,False,5.826063871383667,True
L23_F29730,23,effect_size,3,1.5,2.0,α-attr,161,p0161,"In optical fibres, information is encoded in pulses of massless electromagnetic ",AUX,?,,,photon,False,False,False,1.3522825241088867,True
L23_F29730,23,effect_size,4,1.375,2.0,α-attr,181,p0181,Valence shells determine how atoms bond because they contain the outermost negat,AUX,?,,,electron,False,False,False,8.518689632415771,True
L23_F29730,23,effect_size,5,1.34375,2.0,α-attr,403,p0403,"In cyclotron accelerators used in medicine, positively charged nuclear particles",AUX,?,,,proton,False,False,False,1.9650535583496092,True
L23_F29730,23,effect_size,6,1.3125,2.0,α-attr,359,p0359,"In radiocarbon dating, the isotope carbon-14 decays to nitrogen-14, gaining a po",AUX,?,,,proton,False,False,False,-0.3631124496459961,False
L23_F29730,23,effect_size,7,1.1875,2.0,α-attr,116,p0116,"While neutrons contribute mass without charge, the particle that balances proton",AUX,?,,,electron,False,False,False,6.762215614318848,True
L23_F29730,23,effect_size,8,1.125,2.0,α-attr,137,p0137,"Unlike the antiproton (which annihilates with protons), which stable positively ",AUX,?,,,proton,False,False,False,2.133547782897949,True
L23_F29730,23,effect_size,9,1.0625,2.0,α-attr,376,p0376,Ionisation energy is the energy required to remove a negatively charged particle,AUX,?,,,electron,False,False,False,4.853951454162598,True
L23_F29730,23,effect_size,10,0.9375,2.0,α-attr,423,p0423,"When atoms gain extra negatively charged particles, they become anions. Which pa",AUX,?,,,electron,False,False,False,5.922083854675293,True
L23_F71325,23,effect_size,1,1.6875,,,292,p0292,Unlike dark matter candidates (hypothetical massive particles that feel gravity ,AUX,?,,,photon,False,False,False,5.826063871383667,True
L23_F71325,23,effect_size,2,1.5625,,,141,p0141,Positive ions form when an atom loses its outermost negatively charged particle.,AUX,?,,,electron,False,False,False,3.4111814498901367,True
L23_F71325,23,effect_size,3,1.40625,,,403,p0403,"In cyclotron accelerators used in medicine, positively charged nuclear particles",AUX,?,,,proton,False,False,False,1.9650535583496092,True
L23_F71325,23,effect_size,4,1.375,,,161,p0161,"In optical fibres, information is encoded in pulses of massless electromagnetic ",AUX,?,,,photon,False,False,False,1.3522825241088867,True
L23_F71325,23,effect_size,5,1.3125,,,181,p0181,Valence shells determine how atoms bond because they contain the outermost negat,AUX,?,,,electron,False,False,False,8.518689632415771,True
L23_F71325,23,effect_size,6,1.0625,,,116,p0116,"While neutrons contribute mass without charge, the particle that balances proton",AUX,?,,,electron,False,False,False,6.762215614318848,True
L23_F71325,23,effect_size,7,1.0,,,137,p0137,"Unlike the antiproton (which annihilates with protons), which stable positively ",AUX,?,,,proton,False,False,False,2.133547782897949,True
L23_F71325,23,effect_size,8,1.0,,,359,p0359,"In radiocarbon dating, the isotope carbon-14 decays to nitrogen-14, gaining a po",AUX,?,,,proton,False,False,False,-0.3631124496459961,False
L23_F71325,23,effect_size,9,0.90625,,,376,p0376,Ionisation energy is the energy required to remove a negatively charged particle,AUX,?,,,electron,False,False,False,4.853951454162598,True
L23_F71325,23,effect_size,10,0.875,,,172,p0172,Radioactive beta-plus emitters convert a nuclear particle into a neutral one; th,AUX,?,,,neutron,False,False,False,3.9513349533081055,True
L24_F104198,24,effect_size,1,1.34375,,,379,p0379,"In nuclear physics, two of these positively charged particles in a helium-4 nucl",AUX,?,,,proton,False,False,False,1.1406903266906738,True
L24_F104198,24,effect_size,2,1.0,,,422,p0422,"Unlike protons (which cannot be added without changing the element), which neutr",AUX,?,,,neutron,False,False,False,11.907681941986084,True
L24_F104198,24,effect_size,3,0.9375,,,38,p0038,"In muon-catalysed fusion, muons help bring two light nuclei together; the neutra",AUX,?,,,neutron,False,False,False,1.147639274597168,True
L24_F104198,24,effect_size,4,0.890625,,,23,p0023,"Which particle, found in every nucleus, balances the negative charge of orbiting",AUX,?,,,proton,False,False,False,-0.6240963935852051,False
L24_F104198,24,effect_size,5,0.4375,,,177,p0177,"In absorption spectroscopy, atoms or molecules remove specific discrete electrom",AUX,?,,,photon,False,False,False,2.114299774169922,True
L24_F104198,24,effect_size,6,0.40625,,,307,p0307,"In spontaneous parametric down-conversion, a massless electromagnetic particle s",AUX,?,,,photon,False,False,False,4.5488057136535645,True
L24_F104198,24,effect_size,7,0.375,,,136,p0136,"Unlike pions (mesons that mediate nuclear force), which neutral nucleon actually",AUX,?,,,neutron,False,False,False,2.2039289474487305,True
L24_F104198,24,effect_size,8,0.3125,,,88,p0088,"During a nuclear excursion, delayed neutral particles from fission products play",AUX,?,,,neutron,False,False,False,8.22606372833252,True
L24_F104198,24,effect_size,9,0.25,,,368,p0368,"In Compton scattering, a massless electromagnetic mediating particle collides wi",AUX,?,,,photon,False,False,False,-1.1616411209106443,False
L24_F104198,24,effect_size,10,0.1875,,,279,p0279,"In optical parametric oscillators, energy is transferred from a pump beam of mas",AUX,?,,,photon,False,False,False,2.5260915756225586,True
L24_F143388,24,effect_size,1,1.09375,,,379,p0379,"In nuclear physics, two of these positively charged particles in a helium-4 nucl",AUX,?,,,proton,False,False,False,1.1406903266906738,True
L24_F143388,24,effect_size,2,1.015625,,,23,p0023,"Which particle, found in every nucleus, balances the negative charge of orbiting",AUX,?,,,proton,False,False,False,-0.6240963935852051,False
L24_F143388,24,effect_size,3,0.9375,,,38,p0038,"In muon-catalysed fusion, muons help bring two light nuclei together; the neutra",AUX,?,,,neutron,False,False,False,1.147639274597168,True
L24_F143388,24,effect_size,4,0.5625,,,422,p0422,"Unlike protons (which cannot be added without changing the element), which neutr",AUX,?,,,neutron,False,False,False,11.907681941986084,True
L24_F143388,24,effect_size,5,0.40625,,,307,p0307,"In spontaneous parametric down-conversion, a massless electromagnetic particle s",AUX,?,,,photon,False,False,False,4.5488057136535645,True
L24_F143388,24,effect_size,6,0.375,,,136,p0136,"Unlike pions (mesons that mediate nuclear force), which neutral nucleon actually",AUX,?,,,neutron,False,False,False,2.2039289474487305,True
L24_F143388,24,effect_size,7,0.3125,,,88,p0088,"During a nuclear excursion, delayed neutral particles from fission products play",AUX,?,,,neutron,False,False,False,8.22606372833252,True
L24_F143388,24,effect_size,8,0.3125,,,177,p0177,"In absorption spectroscopy, atoms or molecules remove specific discrete electrom",AUX,?,,,photon,False,False,False,2.114299774169922,True
L24_F143388,24,effect_size,9,0.25,,,91,p0091,"In quantum optics, entangled pairs of discrete electromagnetic energy packets ar",AUX,?,,,photon,False,False,False,3.4084205627441406,True
L24_F143388,24,effect_size,10,0.25,,,368,p0368,"In Compton scattering, a massless electromagnetic mediating particle collides wi",AUX,?,,,photon,False,False,False,-1.1616411209106443,False
L24_F153576,24,effect_size,1,1.09375,2.0,α-attr,379,p0379,"In nuclear physics, two of these positively charged particles in a helium-4 nucl",AUX,?,,,proton,False,False,False,1.1406903266906738,True
L24_F153576,24,effect_size,2,0.890625,2.0,α-attr,23,p0023,"Which particle, found in every nucleus, balances the negative charge of orbiting",AUX,?,,,proton,False,False,False,-0.6240963935852051,False
L24_F153576,24,effect_size,3,0.875,2.0,α-attr,422,p0422,"Unlike protons (which cannot be added without changing the element), which neutr",AUX,?,,,neutron,False,False,False,11.907681941986084,True
L24_F153576,24,effect_size,4,0.75,2.0,α-attr,38,p0038,"In muon-catalysed fusion, muons help bring two light nuclei together; the neutra",AUX,?,,,neutron,False,False,False,1.147639274597168,True
L24_F153576,24,effect_size,5,0.375,2.0,α-attr,136,p0136,"Unlike pions (mesons that mediate nuclear force), which neutral nucleon actually",AUX,?,,,neutron,False,False,False,2.2039289474487305,True
L24_F153576,24,effect_size,6,0.3125,2.0,α-attr,177,p0177,"In absorption spectroscopy, atoms or molecules remove specific discrete electrom",AUX,?,,,photon,False,False,False,2.114299774169922,True
L24_F153576,24,effect_size,7,0.25,2.0,α-attr,368,p0368,"In Compton scattering, a massless electromagnetic mediating particle collides wi",AUX,?,,,photon,False,False,False,-1.1616411209106443,False
L24_F153576,24,effect_size,8,0.125,2.0,α-attr,41,p0041,Which atomic particle orbits the nucleus and is negatively charged? Answer:,AUX,?,,,electron,False,False,False,5.4742701053619385,True
L24_F153576,24,effect_size,9,0.125,2.0,α-attr,43,p0043,"In inverse Compton scattering, a low-energy discrete electromagnetic packet gain",AUX,?,,,photon,False,False,False,-0.2746038436889648,False
L24_F153576,24,effect_size,10,0.125,2.0,α-attr,172,p0172,Radioactive beta-plus emitters convert a nuclear particle into a neutral one; th,AUX,?,,,neutron,False,False,False,3.9513349533081055,True
L24_F163125,24,effect_size,1,1.34375,,,379,p0379,"In nuclear physics, two of these positively charged particles in a helium-4 nucl",AUX,?,,,proton,False,False,False,1.1406903266906738,True
L24_F163125,24,effect_size,2,0.9375,,,422,p0422,"Unlike protons (which cannot be added without changing the element), which neutr",AUX,?,,,neutron,False,False,False,11.907681941986084,True
L24_F163125,24,effect_size,3,0.875,,,38,p0038,"In muon-catalysed fusion, muons help bring two light nuclei together; the neutra",AUX,?,,,neutron,False,False,False,1.147639274597168,True
L24_F163125,24,effect_size,4,0.640625,,,23,p0023,"Which particle, found in every nucleus, balances the negative charge of orbiting",AUX,?,,,proton,False,False,False,-0.6240963935852051,False
L24_F163125,24,effect_size,5,0.4375,,,41,p0041,Which atomic particle orbits the nucleus and is negatively charged? Answer:,AUX,?,,,electron,False,False,False,5.4742701053619385,True
L24_F163125,24,effect_size,6,0.375,,,136,p0136,"Unlike pions (mesons that mediate nuclear force), which neutral nucleon actually",AUX,?,,,neutron,False,False,False,2.2039289474487305,True
L24_F163125,24,effect_size,7,0.375,,,307,p0307,"In spontaneous parametric down-conversion, a massless electromagnetic particle s",AUX,?,,,photon,False,False,False,4.5488057136535645,True
L24_F163125,24,effect_size,8,0.3125,,,88,p0088,"During a nuclear excursion, delayed neutral particles from fission products play",AUX,?,,,neutron,False,False,False,8.22606372833252,True
L24_F163125,24,effect_size,9,0.3125,,,177,p0177,"In absorption spectroscopy, atoms or molecules remove specific discrete electrom",AUX,?,,,photon,False,False,False,2.114299774169922,True
L24_F163125,24,effect_size,10,0.28125,,,279,p0279,"In optical parametric oscillators, energy is transferred from a pump beam of mas",AUX,?,,,photon,False,False,False,2.5260915756225586,True
L24_F38741,24,effect_size,1,1.125,,,379,p0379,"In nuclear physics, two of these positively charged particles in a helium-4 nucl",AUX,?,,,proton,False,False,False,1.1406903266906738,True
L24_F38741,24,effect_size,2,1.0,,,38,p0038,"In muon-catalysed fusion, muons help bring two light nuclei together; the neutra",AUX,?,,,neutron,False,False,False,1.147639274597168,True
L24_F38741,24,effect_size,3,0.75,,,422,p0422,"Unlike protons (which cannot be added without changing the element), which neutr",AUX,?,,,neutron,False,False,False,11.907681941986084,True
L24_F38741,24,effect_size,4,0.640625,,,23,p0023,"Which particle, found in every nucleus, balances the negative charge of orbiting",AUX,?,,,proton,False,False,False,-0.6240963935852051,False
L24_F38741,24,effect_size,5,0.59375,,,177,p0177,"In absorption spectroscopy, atoms or molecules remove specific discrete electrom",AUX,?,,,photon,False,False,False,2.114299774169922,True
L24_F38741,24,effect_size,6,0.5,,,41,p0041,Which atomic particle orbits the nucleus and is negatively charged? Answer:,AUX,?,,,electron,False,False,False,5.4742701053619385,True
L24_F38741,24,effect_size,7,0.40625,,,307,p0307,"In spontaneous parametric down-conversion, a massless electromagnetic particle s",AUX,?,,,photon,False,False,False,4.5488057136535645,True
L24_F38741,24,effect_size,8,0.375,,,136,p0136,"Unlike pions (mesons that mediate nuclear force), which neutral nucleon actually",AUX,?,,,neutron,False,False,False,2.2039289474487305,True
L24_F38741,24,effect_size,9,0.375,,,387,p0387,"In muon-catalysed fusion of deuterium, the neutral particles in each deuterium n",AUX,?,,,neutron,False,False,False,1.4198098182678225,True
L24_F38741,24,effect_size,10,0.3125,,,117,p0117,"In the hydrogen atom, the ground state energy is −13.6 eV, which is the binding ",AUX,?,,,electron,False,False,False,5.039035797119141,True
L25_F149731,25,effect_size,1,1.390625,,,23,p0023,"Which particle, found in every nucleus, balances the negative charge of orbiting",AUX,?,,,proton,False,False,False,-0.6240963935852051,False
L25_F149731,25,effect_size,2,0.796875,,,415,p0415,Charged particle tracks in a bubble chamber curve in a magnetic field; positive ,AUX,?,,,proton,False,False,False,0.3702435493469238,True
L25_F149731,25,effect_size,3,0.5,,,285,p0285,The liquid drop model of the nucleus includes a Coulomb repulsion term and a sym,AUX,?,,,neutron,False,False,False,6.834744453430176,True
L25_F149731,25,effect_size,4,0.40625,,,315,p0315,"During fluorescence emission, a molecule absorbs a high-energy discrete packet a",AUX,?,,,photon,False,False,False,2.3242759704589844,True
L25_F149731,25,effect_size,5,0.25,,,430,p0430,"In semiconductors, n-type doping introduces extra negatively charged carriers in",AUX,?,,,electron,False,False,False,9.922084331512451,True
L25_F149731,25,effect_size,6,0.1875,,,38,p0038,"In muon-catalysed fusion, muons help bring two light nuclei together; the neutra",AUX,?,,,neutron,False,False,False,1.147639274597168,True
L25_F149731,25,effect_size,7,0.1875,,,78,p0078,"During Hawking radiation (theoretical), a black hole emits discrete electromagne",AUX,?,,,photon,False,False,False,2.1507859230041504,True
L25_F149731,25,effect_size,8,0.1875,,,136,p0136,"Unlike pions (mesons that mediate nuclear force), which neutral nucleon actually",AUX,?,,,neutron,False,False,False,2.2039289474487305,True
L25_F149731,25,effect_size,9,0.125,,,259,p0259,"The nucleus contains protons and neutrons; outside the nucleus, which negatively",AUX,?,,,electron,False,False,False,6.3321943283081055,True
L25_F149731,25,effect_size,10,0.046875,,,281,p0281,"While the electron can be shared in covalent bonds, which positively charged nuc",AUX,?,,,proton,False,False,False,0.5757222175598145,True
L25_F15948,25,effect_size,1,1.515625,0.0,α-attr,23,p0023,"Which particle, found in every nucleus, balances the negative charge of orbiting",AUX,?,,,proton,False,False,False,-0.6240963935852051,False
L25_F15948,25,effect_size,2,0.703125,0.0,α-attr,415,p0415,Charged particle tracks in a bubble chamber curve in a magnetic field; positive ,AUX,?,,,proton,False,False,False,0.3702435493469238,True
L25_F15948,25,effect_size,3,0.4375,0.0,α-attr,315,p0315,"During fluorescence emission, a molecule absorbs a high-energy discrete packet a",AUX,?,,,photon,False,False,False,2.3242759704589844,True
L25_F15948,25,effect_size,4,0.3125,0.0,α-attr,285,p0285,The liquid drop model of the nucleus includes a Coulomb repulsion term and a sym,AUX,?,,,neutron,False,False,False,6.834744453430176,True
L25_F15948,25,effect_size,5,0.25,0.0,α-attr,136,p0136,"Unlike pions (mesons that mediate nuclear force), which neutral nucleon actually",AUX,?,,,neutron,False,False,False,2.2039289474487305,True
L25_F15948,25,effect_size,6,0.21875,0.0,α-attr,259,p0259,"The nucleus contains protons and neutrons; outside the nucleus, which negatively",AUX,?,,,electron,False,False,False,6.3321943283081055,True
L25_F15948,25,effect_size,7,0.1875,0.0,α-attr,38,p0038,"In muon-catalysed fusion, muons help bring two light nuclei together; the neutra",AUX,?,,,neutron,False,False,False,1.147639274597168,True
L25_F15948,25,effect_size,8,0.1875,0.0,α-attr,430,p0430,"In semiconductors, n-type doping introduces extra negatively charged carriers in",AUX,?,,,electron,False,False,False,9.922084331512451,True
L25_F15948,25,effect_size,9,0.15625,0.0,α-attr,78,p0078,"During Hawking radiation (theoretical), a black hole emits discrete electromagne",AUX,?,,,photon,False,False,False,2.1507859230041504,True
L25_F15948,25,effect_size,10,0.078125,0.0,α-attr,281,p0281,"While the electron can be shared in covalent bonds, which positively charged nuc",AUX,?,,,proton,False,False,False,0.5757222175598145,True
