prompt_idx,prompt_id,prompt_text,prompt_short,level,level_label,group_id,surface_family,cue_type,cue_set,relation_type,concept_route,cue_label,latent_state_target,correct_answer,incorrect_answer,physics_concept,difficulty,inference_steps,wording_variant,semantic_equiv_group,contrastive_pair_id,contrastive_role,is_anchor,is_kw_variant,is_auxiliary,has_alpha_keyword,has_beta_keyword,keyword_free,evidence_completeness,is_uniquely_determining,baseline_sign_diff,sign_correct,hard_correct
0,p0000,"When ultraviolet light hits a zinc plate, negatively charged particles are ejected from the surface in the photoelectric effect. Which particles are released? Answer:","When ultraviolet light hits a zinc plate, negatively charged particles are eject",AUX,auxiliary,?,,,,,,,,electron,proton,,,,,,,,False,False,False,False,False,True,,True,7.8019633293151855,True,True
1,p0001,"When an atom absorbs a photon, one of its negatively charged particles jumps to a higher energy level. Which particle absorbs the energy? Answer:","When an atom absorbs a photon, one of its negatively charged particles jumps to ",AUX,auxiliary,?,,,,,,,,electron,proton,,,,,,,,False,False,False,False,False,True,,True,4.041893005371094,True,True
2,p0002,"Unlike the proton (which adds both charge and mass to the nucleus), which neutral nuclear particle can be added without changing the element? Answer:","Unlike the proton (which adds both charge and mass to the nucleus), which neutra",AUX,auxiliary,?,,,,,,,,neutron,proton,,,,,,,,False,False,False,False,False,True,,True,11.708845376968384,True,True
3,p0003,"In a fission reactor, the chain reaction is initiated by absorption of a slow neutral nuclear particle. What particle is absorbed? Answer:","In a fission reactor, the chain reaction is initiated by absorption of a slow ne",AUX,auxiliary,?,,,,,,,,neutron,proton,,,,,,,,False,False,False,False,False,True,,True,8.420708656311035,True,True
4,p0004,"The r-process in neutron star mergers rapidly adds many neutral particles to nuclei, far from the stability line. What particles are added? Answer:",The r-process in neutron star mergers rapidly adds many neutral particles to nuc,AUX,auxiliary,?,,,,,,,,neutron,proton,,,,,,,,False,False,False,False,False,True,,True,6.5668816566467285,True,True
5,p0005,"In cavity quantum electrodynamics, a single discrete electromagnetic energy packet is trapped between mirrors and coupled to a single atom. What is trapped? Answer:","In cavity quantum electrodynamics, a single discrete electromagnetic energy pack",AUX,auxiliary,?,,,,,,,,photon,electron,,,,,,,,False,False,False,False,False,True,,True,2.307967185974121,True,True
6,p0006,"Which neutral particle, together with protons, forms the atomic nucleus? Answer:","Which neutral particle, together with protons, forms the atomic nucleus? Answer:",AUX,auxiliary,?,,,,,,,,neutron,proton,,,,,,,,False,False,False,False,False,True,,True,7.7687671184539795,True,True
7,p0007,Which particle determines the chemical properties of an atom through its negative charge? Answer:,Which particle determines the chemical properties of an atom through its negativ,AUX,auxiliary,?,,,,,,,,electron,proton,,,,,,,,False,False,False,False,False,True,,True,5.819553852081299,True,True
8,p0008,Synchrotrons accelerate beams of positively charged nuclear particles to nearly the speed of light for collision experiments. What particles are in these beams? Answer:,Synchrotrons accelerate beams of positively charged nuclear particles to nearly ,AUX,auxiliary,?,,,,,,,,proton,neutron,,,,,,,,False,False,False,False,False,True,,True,4.426313877105713,True,True
9,p0009,"During electron capture, a nucleus absorbs an orbital electron and one of its positively charged particles converts to a neutron. What was the positively charged particle? Answer:","During electron capture, a nucleus absorbs an orbital electron and one of its po",AUX,auxiliary,?,,,,,,,,proton,neutron,,,,,,,,False,False,False,False,False,True,,True,2.4067630767822266,True,True
10,p0010,"Unlike the neutron (charge 0) and electron (charge −1), which nuclear particle has charge +1? Answer:","Unlike the neutron (charge 0) and electron (charge −1), which nuclear particle h",AUX,auxiliary,?,,,,,,,,proton,neutron,,,,,,,,False,False,False,False,False,True,,True,5.179610252380371,True,True
11,p0011,"During fluorescence emission, an excited molecule emits a massless electromagnetic force carrier as it returns to the ground state. What is emitted? Answer:","During fluorescence emission, an excited molecule emits a massless electromagnet",AUX,auxiliary,?,,,,,,,,photon,electron,,,,,,,,False,False,False,False,False,True,,True,4.797211170196533,True,True
12,p0012,The mass number of a nucleus equals the total count of its protons plus its neutral nuclear particles. What are these neutral particles? Answer:,The mass number of a nucleus equals the total count of its protons plus its neut,AUX,auxiliary,?,,,,,,,,neutron,proton,,,,,,,,False,False,False,False,False,True,,True,7.734220504760742,True,True
13,p0013,Moderated reactors use water or graphite to slow down neutral particles emitted during fission so they can trigger further fission. What particles are moderated? Answer:,Moderated reactors use water or graphite to slow down neutral particles emitted ,AUX,auxiliary,?,,,,,,,,neutron,proton,,,,,,,,False,False,False,False,False,True,,True,8.11462116241455,True,True
14,p0014,Which electrically neutral nuclear particle prevents the nucleus from disintegrating due to proton-proton repulsion? Answer:,Which electrically neutral nuclear particle prevents the nucleus from disintegra,AUX,auxiliary,?,,,,,,,,neutron,proton,,,,,,,,False,False,False,False,False,True,,True,7.9751012325286865,True,True
15,p0015,Which particle in the nucleus carries zero electric charge? Answer:,Which particle in the nucleus carries zero electric charge? Answer:,AUX,auxiliary,?,,,,,,,,neutron,proton,,,,,,,,False,False,False,False,False,True,,True,5.128715991973877,True,True
16,p0016,"Which massless, chargeless particle is emitted or absorbed during atomic energy transitions? Answer:","Which massless, chargeless particle is emitted or absorbed during atomic energy ",AUX,auxiliary,?,,,,,,,,photon,electron,,,,,,,,False,False,False,False,False,True,,True,1.5003962516784668,True,True
17,p0017,"During nuclear de-excitation, the nucleus releases energy as a very high-energy discrete electromagnetic packet. What is this general class of particle? Answer:","During nuclear de-excitation, the nucleus releases energy as a very high-energy ",AUX,auxiliary,?,,,,,,,,photon,electron,,,,,,,,False,False,False,False,False,True,,True,0.7735161781311035,True,True
18,p0018,Which uncharged nuclear constituent mediates the strong force to hold protons together in the nucleus? Answer:,Which uncharged nuclear constituent mediates the strong force to hold protons to,AUX,auxiliary,?,,,,,,,,neutron,proton,,,,,,,,False,False,False,False,False,True,,True,5.65110445022583,True,True
19,p0019,"While electrons orbit outside the nucleus, which positively charged particle is confined to the nucleus? Answer:","While electrons orbit outside the nucleus, which positively charged particle is ",AUX,auxiliary,?,,,,,,,,proton,neutron,,,,,,,,False,False,False,False,False,True,,True,1.5927066802978516,True,True
20,p0020,"Unlike the gluon (which is also massless but mediates the strong force and is confined), which massless boson mediates electromagnetism freely? Answer:",Unlike the gluon (which is also massless but mediates the strong force and is co,AUX,auxiliary,?,,,,,,,,photon,electron,,,,,,,,False,False,False,False,False,True,,True,6.829303026199341,True,True
21,p0021,"In photoemission spectroscopy, light ejects negatively charged particles from a material and their energies reveal the electronic structure. What particles are ejected? Answer:","In photoemission spectroscopy, light ejects negatively charged particles from a ",AUX,auxiliary,?,,,,,,,,electron,proton,,,,,,,,False,False,False,False,False,True,,True,9.936484813690186,True,True
22,p0022,"Unlike the pion (a meson that mediates residual nuclear force), which stable positively charged particle is a permanent constituent of nuclei? Answer:","Unlike the pion (a meson that mediates residual nuclear force), which stable pos",AUX,auxiliary,?,,,,,,,,proton,neutron,,,,,,,,False,False,False,False,False,True,,True,3.5762619972229004,True,True
23,p0023,"Which particle, found in every nucleus, balances the negative charge of orbiting electrons in a neutral atom? Answer:","Which particle, found in every nucleus, balances the negative charge of orbiting",AUX,auxiliary,?,,,,,,,,proton,neutron,,,,,,,,False,False,False,False,False,True,,True,-0.6240963935852051,False,False
24,p0024,Chemical bonds between atoms form when tiny negatively charged particles are shared or transferred between nuclei. Which particle is transferred or shared? Answer:,Chemical bonds between atoms form when tiny negatively charged particles are sha,AUX,auxiliary,?,,,,,,,,electron,proton,,,,,,,,False,False,False,False,False,True,,True,6.116416931152344,True,True
25,p0025,"Unlike the proton (a massive charged particle), which massless uncharged particle carries electromagnetic energy? Answer:","Unlike the proton (a massive charged particle), which massless uncharged particl",AUX,auxiliary,?,,,,,,,,photon,electron,,,,,,,,False,False,False,False,False,True,,True,5.440845966339111,True,True
26,p0026,"Unlike alpha particles (charge +2), which single positively charged nuclear particle has charge +1? Answer:","Unlike alpha particles (charge +2), which single positively charged nuclear part",AUX,auxiliary,?,,,,,,,,proton,neutron,,,,,,,,False,False,False,False,False,True,,True,3.996039390563965,True,True
27,p0027,"Unlike the massless photon, which massive, positively charged nuclear particle is found in all nuclei? Answer:","Unlike the massless photon, which massive, positively charged nuclear particle i",AUX,auxiliary,?,,,,,,,,proton,neutron,,,,,,,,False,False,False,False,False,True,,True,1.4765748977661133,True,True
28,p0028,"In classical electrodynamics, Maxwell's equations predict electromagnetic waves; in quantum field theory these waves consist of massless force-carrying particles. What particles? Answer:","In classical electrodynamics, Maxwell's equations predict electromagnetic waves;",AUX,auxiliary,?,,,,,,,,photon,electron,,,,,,,,False,False,False,False,False,True,,True,7.348634243011475,True,True
29,p0029,"Unlike the neutron, which atomic particle is electrically charged and negative? Answer:","Unlike the neutron, which atomic particle is electrically charged and negative? ",AUX,auxiliary,?,,,,,,,,electron,proton,,,,,,,,False,False,False,False,False,True,,True,5.568205118179321,True,True
30,p0030,Proton therapy for cancer treatment directs beams of positively charged nuclear particles at tumours. What are these particles? Answer:,Proton therapy for cancer treatment directs beams of positively charged nuclear ,AUX,auxiliary,?,,,,,,,,proton,neutron,,,,,,,,False,False,False,False,False,True,,True,5.5498552322387695,True,True
31,p0031,What is the negatively charged particle that surrounds the atomic nucleus? Answer:,What is the negatively charged particle that surrounds the atomic nucleus? Answe,AUX,auxiliary,?,,,,,,,,electron,proton,,,,,,,,False,False,False,False,False,True,,True,6.376568794250488,True,True
32,p0032,Which constituent of an atom carries a single unit of negative electrical charge? Answer:,Which constituent of an atom carries a single unit of negative electrical charge,AUX,auxiliary,?,,,,,,,,electron,proton,,,,,,,,False,False,False,False,False,True,,True,5.218399524688721,True,True
33,p0033,Which massive particle in the nucleus is positively charged? Answer:,Which massive particle in the nucleus is positively charged? Answer:,AUX,auxiliary,?,,,,,,,,proton,neutron,,,,,,,,False,False,False,False,False,True,,True,1.815616607666016,True,True
34,p0034,"In cavity QED, a single massless electromagnetic force carrier is trapped between two mirrors and coupled to a single atom. What particle is trapped? Answer:","In cavity QED, a single massless electromagnetic force carrier is trapped betwee",AUX,auxiliary,?,,,,,,,,photon,electron,,,,,,,,False,False,False,False,False,True,,True,3.021859169006348,True,True
35,p0035,"In quantum key distribution, single discrete electromagnetic packets carry quantum information that cannot be intercepted without detection. What are these particles? Answer:","In quantum key distribution, single discrete electromagnetic packets carry quant",AUX,auxiliary,?,,,,,,,,photon,electron,,,,,,,,False,False,False,False,False,True,,True,1.570777416229248,True,True
36,p0036,Which particle in the nucleus binds protons together via the strong force without adding to electromagnetic repulsion? Answer:,Which particle in the nucleus binds protons together via the strong force withou,AUX,auxiliary,?,,,,,,,,neutron,proton,,,,,,,,False,False,False,False,False,True,,True,5.15888261795044,True,True
37,p0037,"In prompt fission, several fast neutral particles are released per fission event and go on to trigger further fissions. What neutral particles are released? Answer:","In prompt fission, several fast neutral particles are released per fission event",AUX,auxiliary,?,,,,,,,,neutron,proton,,,,,,,,False,False,False,False,False,True,,True,8.100372314453125,True,True
38,p0038,"In muon-catalysed fusion, muons help bring two light nuclei together; the neutral particles inside those nuclei then fuse via the strong force. What neutral particles fuse? Answer:","In muon-catalysed fusion, muons help bring two light nuclei together; the neutra",AUX,auxiliary,?,,,,,,,,neutron,proton,,,,,,,,False,False,False,False,False,True,,True,1.147639274597168,True,True
39,p0039,"Neutrons add to atomic mass without changing the element; which positively charged particle, when added, changes the element itself? Answer:",Neutrons add to atomic mass without changing the element; which positively charg,AUX,auxiliary,?,,,,,,,,proton,neutron,,,,,,,,False,False,False,False,False,True,,True,5.914346694946289,True,True
40,p0040,"Unlike the muon (a lepton), which stable, positively charged baryon constitutes the nucleus alongside neutrons? Answer:","Unlike the muon (a lepton), which stable, positively charged baryon constitutes ",AUX,auxiliary,?,,,,,,,,proton,neutron,,,,,,,,False,False,False,False,False,True,,True,-0.431004524230957,False,False
41,p0041,Which atomic particle orbits the nucleus and is negatively charged? Answer:,Which atomic particle orbits the nucleus and is negatively charged? Answer:,AUX,auxiliary,?,,,,,,,,electron,proton,,,,,,,,False,False,False,False,False,True,,True,5.4742701053619385,True,True
42,p0042,"In field emission microscopy, a strong electric field extracts negatively charged particles from a sharp metal tip. What particles are extracted? Answer:","In field emission microscopy, a strong electric field extracts negatively charge",AUX,auxiliary,?,,,,,,,,electron,proton,,,,,,,,False,False,False,False,False,True,,True,8.923805713653564,True,True
43,p0043,"In inverse Compton scattering, a low-energy discrete electromagnetic packet gains energy by scattering off a high-energy electron. What gains energy? Answer:","In inverse Compton scattering, a low-energy discrete electromagnetic packet gain",AUX,auxiliary,?,,,,,,,,photon,electron,,,,,,,,False,False,False,False,False,True,,True,-0.2746038436889648,False,False
44,p0044,"In the r-process (rapid neutron capture), neutral nuclear particles are absorbed faster than beta decay can occur in neutron star mergers. What particles are captured rapidly? Answer:","In the r-process (rapid neutron capture), neutral nuclear particles are absorbed",AUX,auxiliary,?,,,,,,,,neutron,proton,,,,,,,,False,False,False,False,False,True,,True,8.656316995620728,True,True
45,p0045,"When a nucleus has too few neutral particles relative to protons, it undergoes positron emission to convert a proton to a neutral particle. What neutral particle is produced? Answer:","When a nucleus has too few neutral particles relative to protons, it undergoes p",AUX,auxiliary,?,,,,,,,,neutron,proton,,,,,,,,False,False,False,False,False,True,,True,5.502025127410889,True,True
46,p0046,Which uncharged particle makes up atomic nuclei alongside protons? Answer:,Which uncharged particle makes up atomic nuclei alongside protons? Answer:,AUX,auxiliary,?,,,,,,,,neutron,proton,,,,,,,,False,False,False,False,False,True,,True,10.304442882537842,True,True
47,p0047,"Unlike the massive carriers of the weak force, which zero-mass carrier transmits the electromagnetic force over infinite distances? Answer:","Unlike the massive carriers of the weak force, which zero-mass carrier transmits",AUX,auxiliary,?,,,,,,,,photon,electron,,,,,,,,False,False,False,False,False,True,,True,4.064589500427246,True,True
48,p0048,"Unlike the muon (which is unstable and heavier), which stable, negatively charged particle is the lightest charged lepton? Answer:","Unlike the muon (which is unstable and heavier), which stable, negatively charge",AUX,auxiliary,?,,,,,,,,electron,proton,,,,,,,,False,False,False,False,False,True,,True,10.01410150527954,True,True
49,p0049,Which particle represents a single quantum of electromagnetic energy? Answer:,Which particle represents a single quantum of electromagnetic energy? Answer:,AUX,auxiliary,?,,,,,,,,photon,electron,,,,,,,,False,False,False,False,False,True,,True,1.8889589309692385,True,True
50,p0050,"While adding a proton would change the element entirely, adding which neutral nuclear particle merely changes the isotope while maintaining stability? Answer:","While adding a proton would change the element entirely, adding which neutral nu",AUX,auxiliary,?,,,,,,,,neutron,proton,,,,,,,,False,False,False,False,False,True,,True,11.935192227363586,True,True
51,p0051,"The periodic table organises elements by atomic number, which counts a specific positively charged particle in the nucleus. What is this particle? Answer:","The periodic table organises elements by atomic number, which counts a specific ",AUX,auxiliary,?,,,,,,,,proton,neutron,,,,,,,,False,False,False,False,False,True,,True,4.032049179077148,True,True
52,p0052,"In beta-plus decay, a proton converts to a neutral nuclear particle, increasing the neutral-to-proton ratio for stability. What neutral particle is produced? Answer:","In beta-plus decay, a proton converts to a neutral nuclear particle, increasing ",AUX,auxiliary,?,,,,,,,,neutron,proton,,,,,,,,False,False,False,False,False,True,,True,6.254312992095947,True,True
53,p0053,Which zero-mass particle is the force carrier of electromagnetism? Answer:,Which zero-mass particle is the force carrier of electromagnetism? Answer:,AUX,auxiliary,?,,,,,,,,photon,electron,,,,,,,,False,False,False,False,False,True,,True,0.4686808586120605,True,False
54,p0054,"Ionic compounds form when one atom donates negatively charged particles to another, creating oppositely charged ions. What particles are donated? Answer:",Ionic compounds form when one atom donates negatively charged particles to anoth,AUX,auxiliary,?,,,,,,,,electron,proton,,,,,,,,False,False,False,False,False,True,,True,7.245920181274414,True,True
55,p0055,Lightning discharges when negatively charged particles accumulate in storm clouds and suddenly flow to the ground. What particles flow? Answer:,Lightning discharges when negatively charged particles accumulate in storm cloud,AUX,auxiliary,?,,,,,,,,electron,proton,,,,,,,,False,False,False,False,False,True,,True,7.225979804992676,True,True
56,p0056,The atomic nucleus contains positively charged particles and electrically neutral particles. The neutral ones contribute to mass but not charge. What are they? Answer:,The atomic nucleus contains positively charged particles and electrically neutra,AUX,auxiliary,?,,,,,,,,neutron,proton,,,,,,,,False,False,False,False,False,True,,True,6.782783508300781,True,True
57,p0057,Spontaneous fission of heavy elements releases neutral particles that play a role in nuclear chain reactions. What neutral particles are released? Answer:,Spontaneous fission of heavy elements releases neutral particles that play a rol,AUX,auxiliary,?,,,,,,,,neutron,proton,,,,,,,,False,False,False,False,False,True,,True,8.965892791748047,True,True
58,p0058,"In the photoelectric effect, each massless electromagnetic force carrier either has sufficient energy to free an electron or it does not. What carrier is involved? Answer:","In the photoelectric effect, each massless electromagnetic force carrier either ",AUX,auxiliary,?,,,,,,,,photon,electron,,,,,,,,False,False,False,False,False,True,,True,1.757591724395752,True,True
59,p0059,"While the neutrino is nearly massless and carries weak force signals, which massless particle carries electromagnetic energy? Answer:","While the neutrino is nearly massless and carries weak force signals, which mass",AUX,auxiliary,?,,,,,,,,photon,electron,,,,,,,,False,False,False,False,False,True,,True,6.046154975891113,True,True
60,p0060,Alpha particles consist of two positively charged nuclear particles and two neutrons. What are the positively charged components? Answer:,Alpha particles consist of two positively charged nuclear particles and two neut,AUX,auxiliary,?,,,,,,,,proton,neutron,,,,,,,,False,False,False,False,False,True,,True,3.865948677062988,True,True
61,p0061,Carbon-12 has six protons and six neutral nuclear particles in its nucleus. What are these neutral particles? Answer:,Carbon-12 has six protons and six neutral nuclear particles in its nucleus. What,AUX,auxiliary,?,,,,,,,,neutron,proton,,,,,,,,False,False,False,False,False,True,,True,6.376859664916992,True,True
62,p0062,Medical X-ray imaging works because a beam of discrete electromagnetic energy packets penetrates soft tissue but is absorbed by bone. What are these packets? Answer:,Medical X-ray imaging works because a beam of discrete electromagnetic energy pa,AUX,auxiliary,?,,,,,,,,photon,electron,,,,,,,,False,False,False,False,False,True,,True,0.0760307312011718,True,False
63,p0063,"When a hydrogen atom transitions from n=2 to n=1, it emits a single discrete packet of electromagnetic energy in the ultraviolet. What is this packet? Answer:","When a hydrogen atom transitions from n=2 to n=1, it emits a single discrete pac",AUX,auxiliary,?,,,,,,,,photon,electron,,,,,,,,False,False,False,False,False,True,,True,5.349544048309326,True,True
64,p0064,"In particle physics detectors, the lightest stable positive track in a magnetic field identifies which nuclear particle? Answer:","In particle physics detectors, the lightest stable positive track in a magnetic ",AUX,auxiliary,?,,,,,,,,proton,neutron,,,,,,,,False,False,False,False,False,True,,True,3.6801772117614746,True,True
65,p0065,Solar panels convert electromagnetic energy into electricity; the energy arrives in discrete packets absorbed by the semiconductor. What are these packets? Answer:,Solar panels convert electromagnetic energy into electricity; the energy arrives,AUX,auxiliary,?,,,,,,,,photon,electron,,,,,,,,False,False,False,False,False,True,,True,1.403585433959961,True,True
66,p0066,"In linear accelerators (linacs), positively charged nuclear particles are accelerated through a series of hollow drift tubes. What are these particles? Answer:","In linear accelerators (linacs), positively charged nuclear particles are accele",AUX,auxiliary,?,,,,,,,,proton,neutron,,,,,,,,False,False,False,False,False,True,,True,2.306405067443848,True,True
67,p0067,"Unlike the gluon (which carries the strong force and is confined), which massless boson carries electromagnetic energy freely through space? Answer:","Unlike the gluon (which carries the strong force and is confined), which massles",AUX,auxiliary,?,,,,,,,,photon,electron,,,,,,,,False,False,False,False,False,True,,True,6.598482608795166,True,True
68,p0068,"In a nuclear bomb, a supercritical mass allows neutral particles from fission to trigger a chain reaction. What particles propagate the chain? Answer:","In a nuclear bomb, a supercritical mass allows neutral particles from fission to",AUX,auxiliary,?,,,,,,,,neutron,proton,,,,,,,,False,False,False,False,False,True,,True,10.458972930908203,True,True
69,p0069,"In a photomultiplier tube, a single incoming discrete electromagnetic packet triggers a cascade of secondary emissions at each dynode. What packet arrives first? Answer:","In a photomultiplier tube, a single incoming discrete electromagnetic packet tri",AUX,auxiliary,?,,,,,,,,photon,electron,,,,,,,,False,False,False,False,False,True,,True,1.3583693504333496,True,True
70,p0070,"Unlike the photon which mediates forces, which positively charged matter particle is found in every atomic nucleus? Answer:","Unlike the photon which mediates forces, which positively charged matter particl",AUX,auxiliary,?,,,,,,,,proton,neutron,,,,,,,,False,False,False,False,False,True,,True,1.2872700691223145,True,True
71,p0071,Moseley showed that atomic number equals the number of positively charged particles in the nucleus. Which particles are counted? Answer:,Moseley showed that atomic number equals the number of positively charged partic,AUX,auxiliary,?,,,,,,,,proton,neutron,,,,,,,,False,False,False,False,False,True,,True,2.8666486740112305,True,True
72,p0072,Protons are confined to the nucleus; which negatively charged particle exists in the region outside the nucleus? Answer:,Protons are confined to the nucleus; which negatively charged particle exists in,AUX,auxiliary,?,,,,,,,,electron,proton,,,,,,,,False,False,False,False,False,True,,True,7.279839515686035,True,True
73,p0073,"Unlike the massless photon (which has no charge and no mass), which neutral particle has mass but zero electric charge? Answer:","Unlike the massless photon (which has no charge and no mass), which neutral part",AUX,auxiliary,?,,,,,,,,neutron,proton,,,,,,,,False,False,False,False,False,True,,True,7.00533390045166,True,True
74,p0074,"When two hydrogen-1 atoms collide and fuse in stellar interiors, their two positively charged nuclei merge. Each nucleus is a single what? Answer:","When two hydrogen-1 atoms collide and fuse in stellar interiors, their two posit",AUX,auxiliary,?,,,,,,,,proton,neutron,,,,,,,,False,False,False,False,False,True,,True,3.6603522300720215,True,True
75,p0075,"Unlike the electron (which has mass and charge), which massless particle mediates atomic energy transitions through emission and absorption? Answer:","Unlike the electron (which has mass and charge), which massless particle mediate",AUX,auxiliary,?,,,,,,,,photon,electron,,,,,,,,False,False,False,False,False,True,,True,4.85789966583252,True,True
76,p0076,Which neutral nucleon allows heavy nuclei to exist without flying apart from proton repulsion? Answer:,Which neutral nucleon allows heavy nuclei to exist without flying apart from pro,AUX,auxiliary,?,,,,,,,,neutron,proton,,,,,,,,False,False,False,False,False,True,,True,7.221993923187256,True,True
77,p0077,"In Cherenkov radiation, a charged particle moving faster than light in a medium produces a cone of discrete electromagnetic packets. What packets are produced? Answer:","In Cherenkov radiation, a charged particle moving faster than light in a medium ",AUX,auxiliary,?,,,,,,,,photon,electron,,,,,,,,False,False,False,False,False,True,,True,1.3134212493896484,True,True
78,p0078,"During Hawking radiation (theoretical), a black hole emits discrete electromagnetic packets and other particles due to quantum vacuum fluctuations. What electromagnetic particles are emitted? Answer:","During Hawking radiation (theoretical), a black hole emits discrete electromagne",AUX,auxiliary,?,,,,,,,,photon,electron,,,,,,,,False,False,False,False,False,True,,True,2.1507859230041504,True,True
79,p0079,"Unlike the pion (which mediates residual strong force between nucleons and has mass), which massless boson mediates electromagnetism? Answer:",Unlike the pion (which mediates residual strong force between nucleons and has m,AUX,auxiliary,?,,,,,,,,photon,electron,,,,,,,,False,False,False,False,False,True,,True,5.40229868888855,True,True
80,p0080,"While protons cause electromagnetic repulsion in the nucleus, which neutral particle counteracts this without adding more charge? Answer:","While protons cause electromagnetic repulsion in the nucleus, which neutral part",AUX,auxiliary,?,,,,,,,,neutron,proton,,,,,,,,False,False,False,False,False,True,,True,8.256889343261719,True,True
81,p0081,"Unlike protons that repel each other electromagnetically, which neutral nuclear particle experiences no electromagnetic self-repulsion? Answer:","Unlike protons that repel each other electromagnetically, which neutral nuclear ",AUX,auxiliary,?,,,,,,,,neutron,proton,,,,,,,,False,False,False,False,False,True,,True,9.97156047821045,True,True
82,p0082,Photosynthesis captures discrete electromagnetic energy packets from sunlight to drive chemical reactions in chlorophyll. What are these packets? Answer:,Photosynthesis captures discrete electromagnetic energy packets from sunlight to,AUX,auxiliary,?,,,,,,,,photon,electron,,,,,,,,False,False,False,False,False,True,,True,3.5834789276123047,True,True
83,p0083,"Unlike protons (which define the element), which nuclear particle creates different isotopes without changing the element? Answer:","Unlike protons (which define the element), which nuclear particle creates differ",AUX,auxiliary,?,,,,,,,,neutron,proton,,,,,,,,False,False,False,False,False,True,,True,12.11819314956665,True,True
84,p0084,"Unlike the positron (antimatter), which stable, negatively charged particle surrounds the atomic nucleus? Answer:","Unlike the positron (antimatter), which stable, negatively charged particle surr",AUX,auxiliary,?,,,,,,,,electron,proton,,,,,,,,False,False,False,False,False,True,,True,4.211554050445557,True,True
85,p0085,"Unlike the W+ boson (which mediates weak charged current interactions), which stable positively charged nuclear particle has charge +1 and long lifetime? Answer:","Unlike the W+ boson (which mediates weak charged current interactions), which st",AUX,auxiliary,?,,,,,,,,proton,neutron,,,,,,,,False,False,False,False,False,True,,True,4.037970066070557,True,True
86,p0086,"Unlike the alpha particle (positively charged), which neutral nuclear particle can be emitted or captured without changing the element's charge? Answer:","Unlike the alpha particle (positively charged), which neutral nuclear particle c",AUX,auxiliary,?,,,,,,,,neutron,proton,,,,,,,,False,False,False,False,False,True,,True,10.637618064880373,True,True
87,p0087,"In elastic scattering experiments, a beam of neutral nuclear particles bounces off nuclei without being absorbed, probing nuclear size. What neutral particles scatter? Answer:","In elastic scattering experiments, a beam of neutral nuclear particles bounces o",AUX,auxiliary,?,,,,,,,,neutron,proton,,,,,,,,False,False,False,False,False,True,,True,4.3522539138793945,True,True
88,p0088,"During a nuclear excursion, delayed neutral particles from fission products play a crucial role in reactor safety control. What particles are delayed? Answer:","During a nuclear excursion, delayed neutral particles from fission products play",AUX,auxiliary,?,,,,,,,,neutron,proton,,,,,,,,False,False,False,False,False,True,,True,8.22606372833252,True,True
89,p0089,Nuclear charge determines which element an atom is; the positive charge comes from specific particles in the nucleus. What are they? Answer:,Nuclear charge determines which element an atom is; the positive charge comes fr,AUX,auxiliary,?,,,,,,,,proton,neutron,,,,,,,,False,False,False,False,False,True,,True,3.290703773498535,True,True
90,p0090,"Unlike alpha particles (charge +2) and beta particles (charge −1), which nuclear particle has zero charge? Answer:","Unlike alpha particles (charge +2) and beta particles (charge −1), which nuclear",AUX,auxiliary,?,,,,,,,,neutron,proton,,,,,,,,False,False,False,False,False,True,,True,5.825218200683594,True,True
91,p0091,"In quantum optics, entangled pairs of discrete electromagnetic energy packets are produced for quantum communication. What are these paired particles? Answer:","In quantum optics, entangled pairs of discrete electromagnetic energy packets ar",AUX,auxiliary,?,,,,,,,,photon,electron,,,,,,,,False,False,False,False,False,True,,True,3.4084205627441406,True,True
92,p0092,"In multiphoton ionisation, an atom absorbs several massless electromagnetic force carriers simultaneously to eject an electron. What are absorbed? Answer:","In multiphoton ionisation, an atom absorbs several massless electromagnetic forc",AUX,auxiliary,?,,,,,,,,photon,electron,,,,,,,,False,False,False,False,False,True,,True,2.9145240783691406,True,True
93,p0093,"Unlike the proton, which nuclear particle can be added to a nucleus without changing the element's atomic number? Answer:","Unlike the proton, which nuclear particle can be added to a nucleus without chan",AUX,auxiliary,?,,,,,,,,neutron,proton,,,,,,,,False,False,False,False,False,True,,True,8.711501598358154,True,True
94,p0094,"X-rays are produced when fast negatively charged particles decelerate upon striking a metal target, emitting bremsstrahlung radiation. What are these particles? Answer:",X-rays are produced when fast negatively charged particles decelerate upon strik,AUX,auxiliary,?,,,,,,,,electron,proton,,,,,,,,False,False,False,False,False,True,,True,7.804694652557373,True,True
95,p0095,"In neutron halo nuclei, extra neutral particles extend well beyond the nuclear core, forming a diffuse halo. What particles form the halo? Answer:","In neutron halo nuclei, extra neutral particles extend well beyond the nuclear c",AUX,auxiliary,?,,,,,,,,neutron,proton,,,,,,,,False,False,False,False,False,True,,True,5.169912338256836,True,True
96,p0096,"In Thomson scattering, a massless electromagnetic particle scatters off a free electron without any energy transfer. What is this massless particle? Answer:","In Thomson scattering, a massless electromagnetic particle scatters off a free e",AUX,auxiliary,?,,,,,,,,photon,electron,,,,,,,,False,False,False,False,False,True,,True,4.42772912979126,True,True
97,p0097,"Unlike the positron (charge +1), which stable neutral nuclear particle exists in most atomic nuclei? Answer:","Unlike the positron (charge +1), which stable neutral nuclear particle exists in",AUX,auxiliary,?,,,,,,,,neutron,proton,,,,,,,,False,False,False,False,False,True,,True,7.16895318031311,True,True
98,p0098,"In beta-minus radioactive decay, a neutron emits a negatively charged particle and an antineutrino. What is the emitted particle? Answer:","In beta-minus radioactive decay, a neutron emits a negatively charged particle a",AUX,auxiliary,?,,,,,,,,electron,proton,,,,,,,,False,False,False,False,False,True,,True,5.609659671783447,True,True
99,p0099,"In spallation neutron sources, high-energy protons bombard a heavy metal target to produce beams of neutral nuclear particles. What are these particles? Answer:","In spallation neutron sources, high-energy protons bombard a heavy metal target ",AUX,auxiliary,?,,,,,,,,neutron,proton,,,,,,,,False,False,False,False,False,True,,True,9.342213153839111,True,True
100,p0100,"In a fission reactor, the chain reaction produces daughter nuclei identified by their count of positively charged particles. What particles are counted? Answer:","In a fission reactor, the chain reaction produces daughter nuclei identified by ",AUX,auxiliary,?,,,,,,,,proton,neutron,,,,,,,,False,False,False,False,False,True,,True,1.426900863647461,True,True
101,p0101,"In the early universe, free positively charged particles combined with electrons to form the first neutral hydrogen atoms. What were these particles? Answer:","In the early universe, free positively charged particles combined with electrons",AUX,auxiliary,?,,,,,,,,proton,neutron,,,,,,,,False,False,False,False,False,True,,True,5.681704998016357,True,True
102,p0102,"While protons define the element, which neutral nuclear particles determine the isotope and contribute to nuclear stability? Answer:","While protons define the element, which neutral nuclear particles determine the ",AUX,auxiliary,?,,,,,,,,neutron,proton,,,,,,,,False,False,False,False,False,True,,True,11.91838312149048,True,True
103,p0103,"Which nuclear particle, when counted, gives the atomic number of an element? Answer:","Which nuclear particle, when counted, gives the atomic number of an element? Ans",AUX,auxiliary,?,,,,,,,,proton,neutron,,,,,,,,False,False,False,False,False,True,,True,-0.3510103225708008,False,False
104,p0104,The plum-pudding model of the atom proposed negatively charged particles embedded in a diffuse positive sphere. What were these particles? Answer:,The plum-pudding model of the atom proposed negatively charged particles embedde,AUX,auxiliary,?,,,,,,,,electron,proton,,,,,,,,False,False,False,False,False,True,,True,6.836760520935059,True,True
105,p0105,"In nuclear pair production of neutrons, a high-energy photon can produce a proton and a neutral nuclear particle in the nuclear Coulomb field. What neutral particle is produced? Answer:","In nuclear pair production of neutrons, a high-energy photon can produce a proto",AUX,auxiliary,?,,,,,,,,neutron,proton,,,,,,,,False,False,False,False,False,True,,True,6.055293083190918,True,True
106,p0106,"Unlike the proton, which particle in the nucleus carries no electric charge? Answer:","Unlike the proton, which particle in the nucleus carries no electric charge? Ans",AUX,auxiliary,?,,,,,,,,neutron,proton,,,,,,,,False,False,False,False,False,True,,True,9.178346633911133,True,True
107,p0107,"Unlike massive nuclear particles, which light, negatively charged lepton orbits around the nucleus? Answer:","Unlike massive nuclear particles, which light, negatively charged lepton orbits ",AUX,auxiliary,?,,,,,,,,electron,proton,,,,,,,,False,False,False,False,False,True,,True,6.944971561431885,True,True
108,p0108,"In nuclear structure physics, adding one neutral particle to carbon-12 produces the stable isotope carbon-13. What particle is added? Answer:","In nuclear structure physics, adding one neutral particle to carbon-12 produces ",AUX,auxiliary,?,,,,,,,,neutron,proton,,,,,,,,False,False,False,False,False,True,,True,5.977040410041809,True,True
109,p0109,"In antenna theory, oscillating charges emit massless particles that carry electromagnetic energy to distant receivers. What particles are emitted? Answer:","In antenna theory, oscillating charges emit massless particles that carry electr",AUX,auxiliary,?,,,,,,,,photon,electron,,,,,,,,False,False,False,False,False,True,,True,5.168465614318848,True,True
110,p0110,"Unlike the charged proton, which nuclear particle has zero net charge? Answer:","Unlike the charged proton, which nuclear particle has zero net charge? Answer:",AUX,auxiliary,?,,,,,,,,neutron,proton,,,,,,,,False,False,False,False,False,True,,True,8.15641736984253,True,True
111,p0111,Linear accelerators accelerate beams of negatively charged particles to near light speed for physics experiments. What particles are accelerated? Answer:,Linear accelerators accelerate beams of negatively charged particles to near lig,AUX,auxiliary,?,,,,,,,,electron,proton,,,,,,,,False,False,False,False,False,True,,True,3.0897741317749023,True,True
112,p0112,"In the Bohr model of the atom, particles orbit the nucleus in quantized energy levels. The orbiting particles carry negative charge. What are they called? Answer:","In the Bohr model of the atom, particles orbit the nucleus in quantized energy l",AUX,auxiliary,?,,,,,,,,electron,proton,,,,,,,,False,False,False,False,False,True,,True,6.445202827453613,True,True
113,p0113,"As atomic number increases, more neutral nuclear particles are needed relative to protons because proton-proton repulsion grows. What are these neutral particles? Answer:","As atomic number increases, more neutral nuclear particles are needed relative t",AUX,auxiliary,?,,,,,,,,neutron,proton,,,,,,,,False,False,False,False,False,True,,True,7.19120979309082,True,True
114,p0114,"Unlike electrons and protons, which nuclear particle cannot be detected directly by electromagnetic means due to its zero charge? Answer:","Unlike electrons and protons, which nuclear particle cannot be detected directly",AUX,auxiliary,?,,,,,,,,neutron,proton,,,,,,,,False,False,False,False,False,True,,True,11.32456636428833,True,True
115,p0115,"In fluorescence microscopy, fluorescent labels emit discrete electromagnetic energy packets when excited by light. What are these emitted packets? Answer:","In fluorescence microscopy, fluorescent labels emit discrete electromagnetic ene",AUX,auxiliary,?,,,,,,,,photon,electron,,,,,,,,False,False,False,False,False,True,,True,1.849224090576172,True,True
116,p0116,"While neutrons contribute mass without charge, the particle that balances proton charge in the neutral atom is negatively charged. What is it? Answer:","While neutrons contribute mass without charge, the particle that balances proton",AUX,auxiliary,?,,,,,,,,electron,proton,,,,,,,,False,False,False,False,False,True,,True,6.762215614318848,True,True
117,p0117,"In the hydrogen atom, the ground state energy is −13.6 eV, which is the binding energy of its single negatively charged particle. What particle is bound? Answer:","In the hydrogen atom, the ground state energy is −13.6 eV, which is the binding ",AUX,auxiliary,?,,,,,,,,electron,proton,,,,,,,,False,False,False,False,False,True,,True,5.039035797119141,True,True
118,p0118,"Unlike quarks which are confined inside protons and neutrons, which free negatively charged particle orbits the nucleus? Answer:","Unlike quarks which are confined inside protons and neutrons, which free negativ",AUX,auxiliary,?,,,,,,,,electron,proton,,,,,,,,False,False,False,False,False,True,,True,10.022892475128174,True,True
119,p0119,"In nuclear fission, uranium-235 absorbs a slow neutral particle and splits into two smaller nuclei. What particle triggers the fission? Answer:","In nuclear fission, uranium-235 absorbs a slow neutral particle and splits into ",AUX,auxiliary,?,,,,,,,,neutron,proton,,,,,,,,False,False,False,False,False,True,,True,5.793112754821777,True,True
120,p0120,Nuclear stability requires that the number of neutral nuclear particles increases faster than proton number in heavy elements. What are these neutral particles? Answer:,Nuclear stability requires that the number of neutral nuclear particles increase,AUX,auxiliary,?,,,,,,,,neutron,proton,,,,,,,,False,False,False,False,False,True,,True,7.230834007263184,True,True
121,p0121,"In heavy nuclei like uranium, the ratio of neutral nuclear particles to protons is approximately 1.5:1 for stability. What are these neutral particles? Answer:","In heavy nuclei like uranium, the ratio of neutral nuclear particles to protons ",AUX,auxiliary,?,,,,,,,,neutron,proton,,,,,,,,False,False,False,False,False,True,,True,8.160660743713379,True,True
122,p0122,"While electrons carry charge through wires, which massless particle carries electromagnetic energy through free space? Answer:","While electrons carry charge through wires, which massless particle carries elec",AUX,auxiliary,?,,,,,,,,photon,electron,,,,,,,,False,False,False,False,False,True,,True,5.224159240722656,True,True
123,p0123,"Unlike the W+ boson (charged weak force mediator with significant mass), which massless boson mediates electromagnetism? Answer:","Unlike the W+ boson (charged weak force mediator with significant mass), which m",AUX,auxiliary,?,,,,,,,,photon,electron,,,,,,,,False,False,False,False,False,True,,True,6.073936462402344,True,True
124,p0124,"Bismuth-209, the heaviest stable mononuclidic element, achieves stability through its specific ratio of neutral nuclear particles to protons. What neutral particles? Answer:","Bismuth-209, the heaviest stable mononuclidic element, achieves stability throug",AUX,auxiliary,?,,,,,,,,neutron,proton,,,,,,,,False,False,False,False,False,True,,True,8.113982200622559,True,True
125,p0125,"While protons carry positive charge and electrons carry negative charge, which nuclear particle is electrically neutral? Answer:","While protons carry positive charge and electrons carry negative charge, which n",AUX,auxiliary,?,,,,,,,,neutron,proton,,,,,,,,False,False,False,False,False,True,,True,9.229379653930664,True,True
126,p0126,"In contrast to the proton which repels other protons electromagnetically, which particle is attracted to the proton via the electric force? Answer:","In contrast to the proton which repels other protons electromagnetically, which ",AUX,auxiliary,?,,,,,,,,electron,proton,,,,,,,,False,False,False,False,False,True,,True,8.515011310577393,True,True
127,p0127,"In photochemistry, a reaction is triggered when a molecule absorbs a discrete electromagnetic energy packet of the right frequency. What is absorbed? Answer:","In photochemistry, a reaction is triggered when a molecule absorbs a discrete el",AUX,auxiliary,?,,,,,,,,photon,electron,,,,,,,,False,False,False,False,False,True,,True,2.6260881423950195,True,True
128,p0128,Photovoltaic cells convert the energy of massless electromagnetic force carriers directly into electrical current in a semiconductor junction. What carriers are absorbed? Answer:,Photovoltaic cells convert the energy of massless electromagnetic force carriers,AUX,auxiliary,?,,,,,,,,photon,electron,,,,,,,,False,False,False,False,False,True,,True,1.0284624099731443,True,True
129,p0129,"Atomic emission spectra arise when negatively charged particles fall from higher to lower energy levels, releasing photons. Which particles undergo these transitions? Answer:",Atomic emission spectra arise when negatively charged particles fall from higher,AUX,auxiliary,?,,,,,,,,electron,proton,,,,,,,,False,False,False,False,False,True,,True,6.700344085693359,True,True
130,p0130,"In Mössbauer spectroscopy, discrete high-energy electromagnetic packets are emitted and absorbed without nuclear recoil. What are these packets? Answer:","In Mössbauer spectroscopy, discrete high-energy electromagnetic packets are emit",AUX,auxiliary,?,,,,,,,,photon,electron,,,,,,,,False,False,False,False,False,True,,True,0.5805397033691406,True,True
131,p0131,"Nuclear fission releases several fast neutral particles; when moderated, these can trigger further fissions to sustain the chain. What neutral particles are released? Answer:","Nuclear fission releases several fast neutral particles; when moderated, these c",AUX,auxiliary,?,,,,,,,,neutron,proton,,,,,,,,False,False,False,False,False,True,,True,8.833396911621094,True,True
132,p0132,"In positron emission tomography, two discrete high-energy electromagnetic packets fly in opposite directions after positron annihilation. What are these packets? Answer:","In positron emission tomography, two discrete high-energy electromagnetic packet",AUX,auxiliary,?,,,,,,,,photon,electron,,,,,,,,False,False,False,False,False,True,,True,0.8937830924987793,True,True
133,p0133,"When a nucleus captures a neutral particle in a reactor, it may become an unstable isotope of the same element. What particle is absorbed? Answer:","When a nucleus captures a neutral particle in a reactor, it may become an unstab",AUX,auxiliary,?,,,,,,,,neutron,proton,,,,,,,,False,False,False,False,False,True,,True,6.594324588775635,True,True
134,p0134,Uranium-238 undergoes neutron capture to produce plutonium-239; the neutral particles responsible for this transmutation are what? Answer:,Uranium-238 undergoes neutron capture to produce plutonium-239; the neutral part,AUX,auxiliary,?,,,,,,,,neutron,proton,,,,,,,,False,False,False,False,False,True,,True,8.186408519744873,True,True
135,p0135,"In laser-driven inertial confinement fusion, powerful lasers compress a fuel pellet until its positively charged nuclei fuse. What positively charged particles fuse? Answer:","In laser-driven inertial confinement fusion, powerful lasers compress a fuel pel",AUX,auxiliary,?,,,,,,,,proton,neutron,,,,,,,,False,False,False,False,False,True,,True,1.8050518035888672,True,True
136,p0136,"Unlike pions (mesons that mediate nuclear force), which neutral nucleon actually resides permanently in stable nuclei? Answer:","Unlike pions (mesons that mediate nuclear force), which neutral nucleon actually",AUX,auxiliary,?,,,,,,,,neutron,proton,,,,,,,,False,False,False,False,False,True,,True,2.2039289474487305,True,True
137,p0137,"Unlike the antiproton (which annihilates with protons), which stable positively charged nuclear particle exists in ordinary matter? Answer:","Unlike the antiproton (which annihilates with protons), which stable positively ",AUX,auxiliary,?,,,,,,,,proton,neutron,,,,,,,,False,False,False,False,False,True,,True,2.133547782897949,True,True
138,p0138,Which nuclear particle has zero charge but significant mass? Answer:,Which nuclear particle has zero charge but significant mass? Answer:,AUX,auxiliary,?,,,,,,,,neutron,proton,,,,,,,,False,False,False,False,False,True,,True,9.601098537445068,True,True
139,p0139,"In Thomson's cathode ray experiment, a beam of negative particles travelled from cathode to anode in a vacuum tube. What were these particles? Answer:","In Thomson's cathode ray experiment, a beam of negative particles travelled from",AUX,auxiliary,?,,,,,,,,electron,proton,,,,,,,,False,False,False,False,False,True,,True,6.260394096374512,True,True
140,p0140,"In laser cooling, photons are absorbed and re-emitted to slow down negatively charged particles in a trap. What particles are trapped? Answer:","In laser cooling, photons are absorbed and re-emitted to slow down negatively ch",AUX,auxiliary,?,,,,,,,,electron,proton,,,,,,,,False,False,False,False,False,True,,True,8.34570837020874,True,True
141,p0141,Positive ions form when an atom loses its outermost negatively charged particle. Which particle is lost? Answer:,Positive ions form when an atom loses its outermost negatively charged particle.,AUX,auxiliary,?,,,,,,,,electron,proton,,,,,,,,False,False,False,False,False,True,,True,3.4111814498901367,True,True
142,p0142,"In lead-208, there are 82 protons and 126 neutral nuclear particles. What are these neutral particles? Answer:","In lead-208, there are 82 protons and 126 neutral nuclear particles. What are th",AUX,auxiliary,?,,,,,,,,neutron,proton,,,,,,,,False,False,False,False,False,True,,True,8.174721240997314,True,True
143,p0143,"In thermionic emission, heating a cathode causes negatively charged particles to escape from the metal surface. What particles are emitted? Answer:","In thermionic emission, heating a cathode causes negatively charged particles to",AUX,auxiliary,?,,,,,,,,electron,proton,,,,,,,,False,False,False,False,False,True,,True,8.94700813293457,True,True
144,p0144,"While electrons are leptons and neutrons are neutral baryons, which nuclear particle is a positively charged baryon? Answer:","While electrons are leptons and neutrons are neutral baryons, which nuclear part",AUX,auxiliary,?,,,,,,,,proton,neutron,,,,,,,,False,False,False,False,False,True,,True,4.136684417724609,True,True
145,p0145,"Unlike the pion (massive, mediates residual nuclear force), which massless particle carries electromagnetic energy between charged particles? Answer:","Unlike the pion (massive, mediates residual nuclear force), which massless parti",AUX,auxiliary,?,,,,,,,,photon,electron,,,,,,,,False,False,False,False,False,True,,True,4.448410987854004,True,True
146,p0146,"Unlike the W boson (which mediates weak interactions), which neutral stable nucleon helps keep the nucleus together? Answer:","Unlike the W boson (which mediates weak interactions), which neutral stable nucl",AUX,auxiliary,?,,,,,,,,neutron,proton,,,,,,,,False,False,False,False,False,True,,True,3.6195363998413086,True,True
147,p0147,"Unlike the charged W± bosons (which mediate charged current interactions), which neutral massless boson mediates electromagnetism? Answer:","Unlike the charged W± bosons (which mediate charged current interactions), which",AUX,auxiliary,?,,,,,,,,photon,electron,,,,,,,,False,False,False,False,False,True,,True,5.208723545074463,True,True
148,p0148,"Which particle, when exchanged between two charges, gives rise to the electromagnetic force? Answer:","Which particle, when exchanged between two charges, gives rise to the electromag",AUX,auxiliary,?,,,,,,,,photon,electron,,,,,,,,False,False,False,False,False,True,,True,-0.7653512954711914,False,False
149,p0149,"Unlike the proton (charge +1) and neutron (charge 0), which atomic particle has charge −1? Answer:","Unlike the proton (charge +1) and neutron (charge 0), which atomic particle has ",AUX,auxiliary,?,,,,,,,,electron,proton,,,,,,,,False,False,False,False,False,True,,True,12.068519711494446,True,True
150,p0150,The Large Hadron Collider accelerates beams of positively charged nuclear particles to near the speed of light. What particles are accelerated? Answer:,The Large Hadron Collider accelerates beams of positively charged nuclear partic,AUX,auxiliary,?,,,,,,,,proton,neutron,,,,,,,,False,False,False,False,False,True,,True,7.07533073425293,True,True
151,p0151,"In particle physics, virtual particles mediate forces; the virtual particle responsible for electromagnetic repulsion between two electrons is a massless boson. What boson? Answer:","In particle physics, virtual particles mediate forces; the virtual particle resp",AUX,auxiliary,?,,,,,,,,photon,electron,,,,,,,,False,False,False,False,False,True,,True,5.048319339752197,True,True
152,p0152,The atomic number of an element equals the count of positively charged particles in its nucleus. What particles are counted? Answer:,The atomic number of an element equals the count of positively charged particles,AUX,auxiliary,?,,,,,,,,proton,neutron,,,,,,,,False,False,False,False,False,True,,True,2.8513083457946777,True,True
153,p0153,Which particle in the atomic nucleus has no electric charge? Answer:,Which particle in the atomic nucleus has no electric charge? Answer:,AUX,auxiliary,?,,,,,,,,neutron,proton,,,,,,,,False,False,False,False,False,True,,True,5.51282811164856,True,True
154,p0154,"In stellar nucleosynthesis, rapid neutron capture (r-process) involves a nucleus absorbing neutral particles faster than it can decay. What particles are captured? Answer:","In stellar nucleosynthesis, rapid neutron capture (r-process) involves a nucleus",AUX,auxiliary,?,,,,,,,,neutron,proton,,,,,,,,False,False,False,False,False,True,,True,9.379783630371094,True,True
155,p0155,The nuclear valley of stability shows that heavier nuclei require more neutral particles per proton to remain stable. What are these neutral particles? Answer:,The nuclear valley of stability shows that heavier nuclei require more neutral p,AUX,auxiliary,?,,,,,,,,neutron,proton,,,,,,,,False,False,False,False,False,True,,True,5.16215705871582,True,True
156,p0156,"In the fission of plutonium-239 in a fast reactor, fast neutral particles are released that can sustain the chain reaction without moderation. What particles sustain it? Answer:","In the fission of plutonium-239 in a fast reactor, fast neutral particles are re",AUX,auxiliary,?,,,,,,,,neutron,proton,,,,,,,,False,False,False,False,False,True,,True,8.612592697143555,True,True
157,p0157,"In stellar s-process nucleosynthesis, nuclei accumulate neutral particles one at a time, slowly building heavier stable isotopes. What neutral particles are captured? Answer:","In stellar s-process nucleosynthesis, nuclei accumulate neutral particles one at",AUX,auxiliary,?,,,,,,,,neutron,proton,,,,,,,,False,False,False,False,False,True,,True,6.289392948150635,True,True
158,p0158,"In muon spin rotation experiments, neutral nuclear particles in the muon-stopping material affect the local field. What particles are relevant? Answer:","In muon spin rotation experiments, neutral nuclear particles in the muon-stoppin",AUX,auxiliary,?,,,,,,,,neutron,proton,,,,,,,,False,False,False,False,False,True,,True,1.528111457824707,True,True
159,p0159,"In stimulated emission, an incoming discrete electromagnetic packet triggers an atom to release an identical packet. What is each packet? Answer:","In stimulated emission, an incoming discrete electromagnetic packet triggers an ",AUX,auxiliary,?,,,,,,,,photon,electron,,,,,,,,False,False,False,False,False,True,,True,3.316478729248047,True,True
160,p0160,"In pair production near a nucleus, a high-energy photon creates a negatively charged particle and its antiparticle. What is the negatively charged particle? Answer:","In pair production near a nucleus, a high-energy photon creates a negatively cha",AUX,auxiliary,?,,,,,,,,electron,proton,,,,,,,,False,False,False,False,False,True,,True,5.828739643096924,True,True
161,p0161,"In optical fibres, information is encoded in pulses of massless electromagnetic force carriers that travel with minimal loss. What carries the information? Answer:","In optical fibres, information is encoded in pulses of massless electromagnetic ",AUX,auxiliary,?,,,,,,,,photon,electron,,,,,,,,False,False,False,False,False,True,,True,1.3522825241088867,True,True
162,p0162,"In quantum electrodynamics (QED), the electromagnetic force between two charged particles arises from the exchange of a massless boson. What is this boson? Answer:","In quantum electrodynamics (QED), the electromagnetic force between two charged ",AUX,auxiliary,?,,,,,,,,photon,electron,,,,,,,,False,False,False,False,False,True,,True,5.5582194328308105,True,True
163,p0163,"In photodisintegration, a high-energy massless electromagnetic mediating particle breaks apart an atomic nucleus. What breaks the nucleus? Answer:","In photodisintegration, a high-energy massless electromagnetic mediating particl",AUX,auxiliary,?,,,,,,,,photon,electron,,,,,,,,False,False,False,False,False,True,,True,2.058865547180176,True,True
164,p0164,"When a nucleus captures a thermal neutral particle in a reactor, it may gamma-decay and become a radioactive isotope of the same element. What particle is captured? Answer:","When a nucleus captures a thermal neutral particle in a reactor, it may gamma-de",AUX,auxiliary,?,,,,,,,,neutron,proton,,,,,,,,False,False,False,False,False,True,,True,6.29221510887146,True,True
165,p0165,"Unlike the Proca field (a hypothetical massive photon field), the real electromagnetic mediator is massless. What is this real, confirmed mediator? Answer:","Unlike the Proca field (a hypothetical massive photon field), the real electroma",AUX,auxiliary,?,,,,,,,,photon,electron,,,,,,,,False,False,False,False,False,True,,True,5.514629364013672,True,True
166,p0166,"In beta-plus decay, a proton converts to a neutral nuclear particle, increasing the relative count of neutral particles in the nucleus. What neutral particle is produced? Answer:","In beta-plus decay, a proton converts to a neutral nuclear particle, increasing ",AUX,auxiliary,?,,,,,,,,neutron,proton,,,,,,,,False,False,False,False,False,True,,True,5.2216644287109375,True,True
167,p0167,"Unlike the massive Z boson that mediates weak neutral currents, which massless boson mediates electromagnetic interactions at all distances? Answer:","Unlike the massive Z boson that mediates weak neutral currents, which massless b",AUX,auxiliary,?,,,,,,,,photon,electron,,,,,,,,False,False,False,False,False,True,,True,4.340040683746338,True,True
168,p0168,"In Millikan's oil drop experiment, the fundamental unit of positive charge was identified as the charge carried by which nuclear particle? Answer:","In Millikan's oil drop experiment, the fundamental unit of positive charge was i",AUX,auxiliary,?,,,,,,,,proton,neutron,,,,,,,,False,False,False,False,False,True,,True,5.08795690536499,True,True
169,p0169,A neutral hydrogen atom consists of one positive proton in the nucleus and one negatively charged particle in orbit. What is this orbiting particle? Answer:,A neutral hydrogen atom consists of one positive proton in the nucleus and one n,AUX,auxiliary,?,,,,,,,,electron,proton,,,,,,,,False,False,False,False,False,True,,True,6.899154186248779,True,True
170,p0170,The nuclear strong force acts equally between protons and the neutral particles in the nucleus. What are these neutral particles? Answer:,The nuclear strong force acts equally between protons and the neutral particles ,AUX,auxiliary,?,,,,,,,,neutron,proton,,,,,,,,False,False,False,False,False,True,,True,6.037257194519043,True,True
171,p0171,"When a nucleus undergoes radioactive alpha decay, it loses two positively charged nuclear particles along with two neutrons. What are these particles? Answer:","When a nucleus undergoes radioactive alpha decay, it loses two positively charge",AUX,auxiliary,?,,,,,,,,proton,neutron,,,,,,,,False,False,False,False,False,True,,True,1.5241966247558594,True,True
172,p0172,Radioactive beta-plus emitters convert a nuclear particle into a neutral one; the resulting neutral product remains in the nucleus. What is this neutral product? Answer:,Radioactive beta-plus emitters convert a nuclear particle into a neutral one; th,AUX,auxiliary,?,,,,,,,,neutron,proton,,,,,,,,False,False,False,False,False,True,,True,3.9513349533081055,True,True
173,p0173,"Unlike the W and Z bosons (which are massive and mediate the weak force), which massless boson mediates and carries electromagnetic energy? Answer:","Unlike the W and Z bosons (which are massive and mediate the weak force), which ",AUX,auxiliary,?,,,,,,,,photon,electron,,,,,,,,False,False,False,False,False,True,,True,5.20643424987793,True,True
174,p0174,Adding one neutral nuclear particle to a stable nucleus can make it radioactive by pushing it off the stability line. What particle is added? Answer:,Adding one neutral nuclear particle to a stable nucleus can make it radioactive ,AUX,auxiliary,?,,,,,,,,neutron,proton,,,,,,,,False,False,False,False,False,True,,True,5.369135141372681,True,True
175,p0175,"In alpha decay, a nucleus loses two positively charged particles and two neutral particles, reducing nuclear size to gain stability. What neutral particles are lost? Answer:","In alpha decay, a nucleus loses two positively charged particles and two neutral",AUX,auxiliary,?,,,,,,,,neutron,proton,,,,,,,,False,False,False,False,False,True,,True,7.446242332458496,True,True
176,p0176,"Unlike the inflaton (hypothetical, drove cosmic inflation), which real massless boson mediates electromagnetism today? Answer:","Unlike the inflaton (hypothetical, drove cosmic inflation), which real massless ",AUX,auxiliary,?,,,,,,,,photon,electron,,,,,,,,False,False,False,False,False,True,,True,5.555331230163574,True,True
177,p0177,"In absorption spectroscopy, atoms or molecules remove specific discrete electromagnetic packets from a beam of light. What is removed? Answer:","In absorption spectroscopy, atoms or molecules remove specific discrete electrom",AUX,auxiliary,?,,,,,,,,photon,electron,,,,,,,,False,False,False,False,False,True,,True,2.114299774169922,True,True
178,p0178,"During nuclear transmutation in a reactor, a nucleus captures a neutral particle and becomes a heavier isotope of the same element. What particle is captured? Answer:","During nuclear transmutation in a reactor, a nucleus captures a neutral particle",AUX,auxiliary,?,,,,,,,,neutron,proton,,,,,,,,False,False,False,False,False,True,,True,6.245604038238525,True,True
179,p0179,"In Rayleigh scattering (which makes the sky blue), massless electromagnetic particles scatter off air molecules proportionally to the fourth power of frequency. What are these particles? Answer:","In Rayleigh scattering (which makes the sky blue), massless electromagnetic part",AUX,auxiliary,?,,,,,,,,photon,electron,,,,,,,,False,False,False,False,False,True,,True,4.460993766784668,True,True
180,p0180,"In optical lattice clocks, atoms are trapped by the standing wave of massless electromagnetic force carriers at a precision frequency. What carriers form the trap? Answer:","In optical lattice clocks, atoms are trapped by the standing wave of massless el",AUX,auxiliary,?,,,,,,,,photon,electron,,,,,,,,False,False,False,False,False,True,,True,4.234342575073242,True,True
181,p0181,Valence shells determine how atoms bond because they contain the outermost negatively charged particles. What are these particles? Answer:,Valence shells determine how atoms bond because they contain the outermost negat,AUX,auxiliary,?,,,,,,,,electron,proton,,,,,,,,False,False,False,False,False,True,,True,8.518689632415771,True,True
182,p0182,"While proton-proton repulsion destabilises heavy nuclei, which neutral nuclear particle binds them together via the strong force? Answer:","While proton-proton repulsion destabilises heavy nuclei, which neutral nuclear p",AUX,auxiliary,?,,,,,,,,neutron,proton,,,,,,,,False,False,False,False,False,True,,True,8.843395590782166,True,True
183,p0183,"In mass spectrometry, ions are separated by charge-to-mass ratio; the positive charge comes from the nucleus's positively charged particles. What are these? Answer:","In mass spectrometry, ions are separated by charge-to-mass ratio; the positive c",AUX,auxiliary,?,,,,,,,,proton,neutron,,,,,,,,False,False,False,False,False,True,,True,3.7524142265319824,True,True
184,p0184,"While protons give the nucleus its positive charge, which neutral particle contributes to nuclear mass without contributing charge? Answer:","While protons give the nucleus its positive charge, which neutral particle contr",AUX,auxiliary,?,,,,,,,,neutron,proton,,,,,,,,False,False,False,False,False,True,,True,10.309462070465088,True,True
185,p0185,"In a neon sign, an electric field accelerates negatively charged particles through neon gas, which then emits coloured light. What are these particles? Answer:","In a neon sign, an electric field accelerates negatively charged particles throu",AUX,auxiliary,?,,,,,,,,electron,proton,,,,,,,,False,False,False,False,False,True,,True,8.265759468078613,True,True
186,p0186,"Unlike the electron, which massless particle is emitted when an atom undergoes a downward energy transition? Answer:","Unlike the electron, which massless particle is emitted when an atom undergoes a",AUX,auxiliary,?,,,,,,,,photon,electron,,,,,,,,False,False,False,False,False,True,,True,2.118959426879883,True,True
187,p0187,Which particle contributes to atomic mass but not to atomic charge? Answer:,Which particle contributes to atomic mass but not to atomic charge? Answer:,AUX,auxiliary,?,,,,,,,,neutron,proton,,,,,,,,False,False,False,False,False,True,,True,6.142207622528076,True,True
188,p0188,"In electromagnetically induced transparency, a control beam of massless force carriers modifies how the medium responds to a probe beam. What are these force carriers? Answer:","In electromagnetically induced transparency, a control beam of massless force ca",AUX,auxiliary,?,,,,,,,,photon,electron,,,,,,,,False,False,False,False,False,True,,True,4.659393310546875,True,True
189,p0189,"In gamma-ray bursts, massive quantities of massless electromagnetic force carriers are released in brief intense flashes. What particles are released? Answer:","In gamma-ray bursts, massive quantities of massless electromagnetic force carrie",AUX,auxiliary,?,,,,,,,,photon,electron,,,,,,,,False,False,False,False,False,True,,True,3.050201416015625,True,True
190,p0190,Carbon-12's stability comes partly from equal numbers of protons and neutral nuclear particles. What are these neutral particles? Answer:,Carbon-12's stability comes partly from equal numbers of protons and neutral nuc,AUX,auxiliary,?,,,,,,,,neutron,proton,,,,,,,,False,False,False,False,False,True,,True,7.0172271728515625,True,True
191,p0191,Which force carrier of electromagnetism has zero rest mass? Answer:,Which force carrier of electromagnetism has zero rest mass? Answer:,AUX,auxiliary,?,,,,,,,,photon,electron,,,,,,,,False,False,False,False,False,True,,True,4.720389127731323,True,True
192,p0192,"In a hydrogen discharge tube, removing the single outer electron leaves a bare positively charged nucleus. This nucleus is a single what? Answer:","In a hydrogen discharge tube, removing the single outer electron leaves a bare p",AUX,auxiliary,?,,,,,,,,proton,neutron,,,,,,,,False,False,False,False,False,True,,True,5.909609794616699,True,True
193,p0193,"In Cherenkov radiation detectors, the massless electromagnetic force carriers emitted by fast charged particles are collected by photomultipliers. What particles are collected? Answer:","In Cherenkov radiation detectors, the massless electromagnetic force carriers em",AUX,auxiliary,?,,,,,,,,photon,electron,,,,,,,,False,False,False,False,False,True,,True,2.113222122192383,True,True
194,p0194,The nucleus of a hydrogen atom consists of a single positively charged particle. What is this particle? Answer:,The nucleus of a hydrogen atom consists of a single positively charged particle.,AUX,auxiliary,?,,,,,,,,proton,neutron,,,,,,,,False,False,False,False,False,True,,True,4.508973598480225,True,True
195,p0195,"In the Casimir effect, zero-point fluctuations of the massless electromagnetic field produce an attractive force between two uncharged plates. Which field's quanta are responsible? Answer:","In the Casimir effect, zero-point fluctuations of the massless electromagnetic f",AUX,auxiliary,?,,,,,,,,photon,electron,,,,,,,,False,False,False,False,False,True,,True,4.034023284912109,True,True
196,p0196,Which particle in the nucleus is neutral? Answer:,Which particle in the nucleus is neutral? Answer:,AUX,auxiliary,?,,,,,,,,neutron,proton,,,,,,,,False,False,False,False,False,True,,True,4.731135845184326,True,True
197,p0197,"In nuclear fusion in the sun, deuterium nuclei each containing a neutral particle fuse together. What neutral particle is part of each deuterium? Answer:","In nuclear fusion in the sun, deuterium nuclei each containing a neutral particl",AUX,auxiliary,?,,,,,,,,neutron,proton,,,,,,,,False,False,False,False,False,True,,True,3.078082323074341,True,True
198,p0198,"In gamma-ray astronomy, detectors count discrete high-energy electromagnetic packets arriving from distant astrophysical sources. What are these packets? Answer:","In gamma-ray astronomy, detectors count discrete high-energy electromagnetic pac",AUX,auxiliary,?,,,,,,,,photon,electron,,,,,,,,False,False,False,False,False,True,,True,2.5559005737304688,True,True
199,p0199,"In electron capture, a nucleus absorbs a negatively charged particle from its innermost orbital shell. What particle is absorbed? Answer:","In electron capture, a nucleus absorbs a negatively charged particle from its in",AUX,auxiliary,?,,,,,,,,electron,proton,,,,,,,,False,False,False,False,False,True,,True,3.3922042846679688,True,True
200,p0200,"When a nucleus undergoes transmutation by gaining or losing positively charged particles, the element changes. What particles change? Answer:",When a nucleus undergoes transmutation by gaining or losing positively charged p,AUX,auxiliary,?,,,,,,,,proton,neutron,,,,,,,,False,False,False,False,False,True,,True,0.7890024185180664,True,True
201,p0201,Raman spectroscopy measures shifts in the energy of discrete electromagnetic packets scattered by molecular vibrations. What are these packets? Answer:,Raman spectroscopy measures shifts in the energy of discrete electromagnetic pac,AUX,auxiliary,?,,,,,,,,photon,electron,,,,,,,,False,False,False,False,False,True,,True,4.676156044006348,True,True
202,p0202,"In neutron activation, bombarding a stable nucleus with a neutral particle makes it radioactive without changing the element. What particle is the projectile? Answer:","In neutron activation, bombarding a stable nucleus with a neutral particle makes",AUX,auxiliary,?,,,,,,,,neutron,proton,,,,,,,,False,False,False,False,False,True,,True,7.845130205154419,True,True
203,p0203,"Unlike the positively charged proton, which atomic particle carries charge −1? Answer:","Unlike the positively charged proton, which atomic particle carries charge −1? A",AUX,auxiliary,?,,,,,,,,electron,proton,,,,,,,,False,False,False,False,False,True,,True,9.588088750839232,True,True
204,p0204,"In nuclear spallation, high-energy neutrons knock positively charged particles out of nuclei. What particles are knocked out? Answer:","In nuclear spallation, high-energy neutrons knock positively charged particles o",AUX,auxiliary,?,,,,,,,,proton,neutron,,,,,,,,False,False,False,False,False,True,,True,1.973730564117432,True,True
205,p0205,"Unlike the negatively charged beta particle (electron), which particle remains in the nucleus and has positive charge? Answer:","Unlike the negatively charged beta particle (electron), which particle remains i",AUX,auxiliary,?,,,,,,,,proton,neutron,,,,,,,,False,False,False,False,False,True,,True,-0.1468586921691894,False,False
206,p0206,"While neutrons add mass without charge, which nuclear particle adds both mass and positive charge to the nucleus? Answer:","While neutrons add mass without charge, which nuclear particle adds both mass an",AUX,auxiliary,?,,,,,,,,proton,neutron,,,,,,,,False,False,False,False,False,True,,True,4.655648708343506,True,True
207,p0207,"During beta-minus decay, a neutral nuclear particle converts to a proton, adjusting the proton-to-neutral ratio toward stability. What particle converts? Answer:","During beta-minus decay, a neutral nuclear particle converts to a proton, adjust",AUX,auxiliary,?,,,,,,,,neutron,proton,,,,,,,,False,False,False,False,False,True,,True,5.266707181930542,True,True
208,p0208,"In spontaneous emission, an excited atom releases a discrete electromagnetic energy packet at a random moment. What is released? Answer:","In spontaneous emission, an excited atom releases a discrete electromagnetic ene",AUX,auxiliary,?,,,,,,,,photon,electron,,,,,,,,False,False,False,False,False,True,,True,3.3430843353271484,True,True
209,p0209,The shell model of the nucleus predicts magic numbers for both protons and neutral nuclear particles that confer extra stability. What are these neutral particles? Answer:,The shell model of the nucleus predicts magic numbers for both protons and neutr,AUX,auxiliary,?,,,,,,,,neutron,proton,,,,,,,,False,False,False,False,False,True,,True,8.282240867614746,True,True
210,p0210,"In the Weizsäcker mass formula, the asymmetry energy term penalises nuclei with unequal numbers of neutral particles and protons. What particles appear in this ratio? Answer:","In the Weizsäcker mass formula, the asymmetry energy term penalises nuclei with ",AUX,auxiliary,?,,,,,,,,neutron,proton,,,,,,,,False,False,False,False,False,True,,True,2.309441089630127,True,True
211,p0211,"During muon-catalysed fusion, muons bring positively charged particles close enough to fuse. What particles undergo fusion? Answer:","During muon-catalysed fusion, muons bring positively charged particles close eno",AUX,auxiliary,?,,,,,,,,proton,neutron,,,,,,,,False,False,False,False,False,True,,True,1.8798460960388184,True,True
212,p0212,"During stimulated Raman scattering, an incoming massless electromagnetic particle loses energy to a molecular vibration and emerges at lower frequency. What particle is involved? Answer:","During stimulated Raman scattering, an incoming massless electromagnetic particl",AUX,auxiliary,?,,,,,,,,photon,electron,,,,,,,,False,False,False,False,False,True,,True,3.5123653411865234,True,True
213,p0213,"Unlike the neutron (electrically neutral and massive), which massless neutral particle carries electromagnetic radiation? Answer:","Unlike the neutron (electrically neutral and massive), which massless neutral pa",AUX,auxiliary,?,,,,,,,,photon,electron,,,,,,,,False,False,False,False,False,True,,True,6.249190807342529,True,True
214,p0214,"Unlike the proton, which particle in the atom carries negative electric charge? Answer:","Unlike the proton, which particle in the atom carries negative electric charge? ",AUX,auxiliary,?,,,,,,,,electron,proton,,,,,,,,False,False,False,False,False,True,,True,8.423474788665771,True,True
215,p0215,"In Rutherford's model, alpha particles scatter from concentrations of positive charge in the nucleus. These charges come from which particles? Answer:","In Rutherford's model, alpha particles scatter from concentrations of positive c",AUX,auxiliary,?,,,,,,,,proton,neutron,,,,,,,,False,False,False,False,False,True,,True,3.2801156044006348,True,True
216,p0216,"Unlike the electron (outside the nucleus and negatively charged), which neutral particle resides inside the nucleus? Answer:","Unlike the electron (outside the nucleus and negatively charged), which neutral ",AUX,auxiliary,?,,,,,,,,neutron,proton,,,,,,,,False,False,False,False,False,True,,True,5.428051948547363,True,True
217,p0217,"In nuclear engineering, understanding the ratio of neutral particles to protons in reactor fuel is critical for predicting isotope stability. What neutral particles? Answer:","In nuclear engineering, understanding the ratio of neutral particles to protons ",AUX,auxiliary,?,,,,,,,,neutron,proton,,,,,,,,False,False,False,False,False,True,,True,8.245020389556885,True,True
218,p0218,Which atomic particle has charge −1 and minimal mass compared to nuclear particles? Answer:,Which atomic particle has charge −1 and minimal mass compared to nuclear particl,AUX,auxiliary,?,,,,,,,,electron,proton,,,,,,,,False,False,False,False,False,True,,True,5.690816521644592,True,True
219,p0219,"In quantum mechanics, atomic orbitals (s, p, d, f) describe probability distributions of negatively charged particles around the nucleus. Which particles occupy these orbitals? Answer:","In quantum mechanics, atomic orbitals (s, p, d, f) describe probability distribu",AUX,auxiliary,?,,,,,,,,electron,proton,,,,,,,,False,False,False,False,False,True,,True,7.160469055175781,True,True
220,p0220,The nucleus contains two types of nucleons: protons (positive) and which neutral particles? Answer:,The nucleus contains two types of nucleons: protons (positive) and which neutral,AUX,auxiliary,?,,,,,,,,neutron,proton,,,,,,,,False,False,False,False,False,True,,True,9.62127923965454,True,True
221,p0221,"Unlike the graviton (hypothetical, massless, but mediates gravity), which confirmed massless particle mediates electromagnetism? Answer:","Unlike the graviton (hypothetical, massless, but mediates gravity), which confir",AUX,auxiliary,?,,,,,,,,photon,electron,,,,,,,,False,False,False,False,False,True,,True,7.76081371307373,True,True
222,p0222,"In pair production, a high-energy discrete electromagnetic packet converts into an electron-positron pair near a nucleus. What is this packet? Answer:","In pair production, a high-energy discrete electromagnetic packet converts into ",AUX,auxiliary,?,,,,,,,,photon,electron,,,,,,,,False,False,False,False,False,True,,True,1.0836920738220217,True,True
223,p0223,"Unlike the graviton (hypothetical, carries gravity), which confirmed massless particle carries electromagnetic energy? Answer:","Unlike the graviton (hypothetical, carries gravity), which confirmed massless pa",AUX,auxiliary,?,,,,,,,,photon,electron,,,,,,,,False,False,False,False,False,True,,True,6.112358808517456,True,True
224,p0224,The photoelectric effect ejects negatively charged particles from a metal surface when light above a threshold frequency shines on it. What particles are ejected? Answer:,The photoelectric effect ejects negatively charged particles from a metal surfac,AUX,auxiliary,?,,,,,,,,electron,proton,,,,,,,,False,False,False,False,False,True,,True,9.298062801361084,True,True
225,p0225,"In radiation therapy, high-energy discrete electromagnetic packets are directed at cancer cells to damage their DNA. What are these packets? Answer:","In radiation therapy, high-energy discrete electromagnetic packets are directed ",AUX,auxiliary,?,,,,,,,,photon,electron,,,,,,,,False,False,False,False,False,True,,True,-0.3262643814086914,False,False
226,p0226,The photon field in QED is the quantum field whose excitations are the massless mediating particles of electromagnetism. What particles are the excitations? Answer:,The photon field in QED is the quantum field whose excitations are the massless ,AUX,auxiliary,?,,,,,,,,photon,electron,,,,,,,,False,False,False,False,False,True,,True,3.785674571990967,True,True
227,p0227,"In two-photon physics at colliders, two massless electromagnetic force carriers collide and produce particle pairs. What collide? Answer:","In two-photon physics at colliders, two massless electromagnetic force carriers ",AUX,auxiliary,?,,,,,,,,photon,electron,,,,,,,,False,False,False,False,False,True,,True,0.4806761741638183,True,False
228,p0228,Which massless particle carries a discrete packet of electromagnetic energy? Answer:,Which massless particle carries a discrete packet of electromagnetic energy? Ans,AUX,auxiliary,?,,,,,,,,photon,electron,,,,,,,,False,False,False,False,False,True,,True,3.765594959259033,True,True
229,p0229,"Unlike the electron, which nuclear particle has positive charge? Answer:","Unlike the electron, which nuclear particle has positive charge? Answer:",AUX,auxiliary,?,,,,,,,,proton,neutron,,,,,,,,False,False,False,False,False,True,,True,2.192653179168701,True,True
230,p0230,"While protons add electromagnetic repulsion to the nucleus, which neutral particle adds binding energy via the strong force without adding repulsion? Answer:","While protons add electromagnetic repulsion to the nucleus, which neutral partic",AUX,auxiliary,?,,,,,,,,neutron,proton,,,,,,,,False,False,False,False,False,True,,True,10.83318543434143,True,True
231,p0231,What is the name of the discrete unit of light energy? Answer:,What is the name of the discrete unit of light energy? Answer:,AUX,auxiliary,?,,,,,,,,photon,electron,,,,,,,,False,False,False,False,False,True,,True,4.151792526245117,True,True
232,p0232,Which positively charged constituent of the nucleus determines which element an atom belongs to? Answer:,Which positively charged constituent of the nucleus determines which element an ,AUX,auxiliary,?,,,,,,,,proton,neutron,,,,,,,,False,False,False,False,False,True,,True,1.1315488815307615,True,True
233,p0233,"In optical pumping, discrete electromagnetic packets are absorbed to transfer atoms into a specific quantum state. What is absorbed? Answer:","In optical pumping, discrete electromagnetic packets are absorbed to transfer at",AUX,auxiliary,?,,,,,,,,photon,electron,,,,,,,,False,False,False,False,False,True,,True,2.76798677444458,True,True
234,p0234,Which particle carries electromagnetic energy proportional to its frequency? Answer:,Which particle carries electromagnetic energy proportional to its frequency? Ans,AUX,auxiliary,?,,,,,,,,photon,electron,,,,,,,,False,False,False,False,False,True,,True,1.6020545959472656,True,True
235,p0235,"During bremsstrahlung, decelerating electrons emit massless electromagnetic force-carrying particles. What particles are emitted? Answer:","During bremsstrahlung, decelerating electrons emit massless electromagnetic forc",AUX,auxiliary,?,,,,,,,,photon,electron,,,,,,,,False,False,False,False,False,True,,True,2.098583221435547,True,True
236,p0236,"In transistors, the gate voltage controls flow of negatively charged particles through the semiconductor channel. What particles flow? Answer:","In transistors, the gate voltage controls flow of negatively charged particles t",AUX,auxiliary,?,,,,,,,,electron,proton,,,,,,,,False,False,False,False,False,True,,True,8.787749290466309,True,True
237,p0237,"In beta-minus decay, a neutron in the nucleus transforms into a positively charged particle while emitting an electron and antineutrino. What is this positively charged product? Answer:","In beta-minus decay, a neutron in the nucleus transforms into a positively charg",AUX,auxiliary,?,,,,,,,,proton,neutron,,,,,,,,False,False,False,False,False,True,,True,3.7187094688415527,True,True
238,p0238,"In proton exchange membrane fuel cells, positively charged nuclear particles migrate through the membrane from anode to cathode. What particles migrate? Answer:","In proton exchange membrane fuel cells, positively charged nuclear particles mig",AUX,auxiliary,?,,,,,,,,proton,neutron,,,,,,,,False,False,False,False,False,True,,True,3.4779930114746094,True,True
239,p0239,"Unlike photons (which are massless), which massive neutral particle is found inside atomic nuclei? Answer:","Unlike photons (which are massless), which massive neutral particle is found ins",AUX,auxiliary,?,,,,,,,,neutron,proton,,,,,,,,False,False,False,False,False,True,,True,5.950233221054077,True,True
240,p0240,"In Compton scattering, an X-ray interacts with an electron by exchanging a discrete electromagnetic energy packet. What is this packet? Answer:","In Compton scattering, an X-ray interacts with an electron by exchanging a discr",AUX,auxiliary,?,,,,,,,,photon,electron,,,,,,,,False,False,False,False,False,True,,True,4.95566463470459,True,True
241,p0241,"In stellar nucleosynthesis, the sun fuses hydrogen nuclei; each hydrogen nucleus is a single positively charged particle. What is it? Answer:","In stellar nucleosynthesis, the sun fuses hydrogen nuclei; each hydrogen nucleus",AUX,auxiliary,?,,,,,,,,proton,neutron,,,,,,,,False,False,False,False,False,True,,True,5.75334358215332,True,True
242,p0242,"In Feynman diagrams, electromagnetic interactions between charges are shown as an exchange of a massless particle. What particle is exchanged? Answer:","In Feynman diagrams, electromagnetic interactions between charges are shown as a",AUX,auxiliary,?,,,,,,,,photon,electron,,,,,,,,False,False,False,False,False,True,,True,5.683847427368164,True,True
243,p0243,Isotopes of an element have the same atomic number but different mass numbers because they differ in the count of neutral nuclear particles. What are these neutral particles? Answer:,Isotopes of an element have the same atomic number but different mass numbers be,AUX,auxiliary,?,,,,,,,,neutron,proton,,,,,,,,False,False,False,False,False,True,,True,5.39505672454834,True,True
244,p0244,Nuclear binding energy holds positively charged particles together in the nucleus against their mutual electrostatic repulsion. What are these particles? Answer:,Nuclear binding energy holds positively charged particles together in the nucleu,AUX,auxiliary,?,,,,,,,,proton,neutron,,,,,,,,False,False,False,False,False,True,,True,0.8017621040344238,True,True
245,p0245,"In pair production, a massless electromagnetic mediating particle converts into an electron and a positron near a nucleus. What is this massless particle? Answer:","In pair production, a massless electromagnetic mediating particle converts into ",AUX,auxiliary,?,,,,,,,,photon,electron,,,,,,,,False,False,False,False,False,True,,True,3.338449478149414,True,True
246,p0246,"Heavy water (D2O) contains deuterium nuclei, each with one proton and one neutral nuclear particle. What is the neutral particle? Answer:","Heavy water (D2O) contains deuterium nuclei, each with one proton and one neutra",AUX,auxiliary,?,,,,,,,,neutron,proton,,,,,,,,False,False,False,False,False,True,,True,8.044711709022522,True,True
247,p0247,Which massless particle mediates the electromagnetic force between charged particles? Answer:,Which massless particle mediates the electromagnetic force between charged parti,AUX,auxiliary,?,,,,,,,,photon,electron,,,,,,,,False,False,False,False,False,True,,True,0.5027980804443359,True,True
248,p0248,"In free electron lasers, relativistic electrons emit coherent beams of massless electromagnetic mediating particles. What particles are in the beam? Answer:","In free electron lasers, relativistic electrons emit coherent beams of massless ",AUX,auxiliary,?,,,,,,,,photon,electron,,,,,,,,False,False,False,False,False,True,,True,3.611114501953125,True,True
249,p0249,"Unlike the massive W+ boson that mediates charged current weak interactions, which massless particle mediates electromagnetic energy transfer? Answer:","Unlike the massive W+ boson that mediates charged current weak interactions, whi",AUX,auxiliary,?,,,,,,,,photon,electron,,,,,,,,False,False,False,False,False,True,,True,3.4756174087524414,True,True
250,p0250,The massless nature of the electromagnetic force carrier means electromagnetic fields can extend to astronomical distances. What is this carrier? Answer:,The massless nature of the electromagnetic force carrier means electromagnetic f,AUX,auxiliary,?,,,,,,,,photon,electron,,,,,,,,False,False,False,False,False,True,,True,1.0698022842407229,True,True
251,p0251,"In optical parametric amplification, a strong pump beam of discrete electromagnetic packets amplifies a weaker signal beam. What are the force carriers? Answer:","In optical parametric amplification, a strong pump beam of discrete electromagne",AUX,auxiliary,?,,,,,,,,photon,electron,,,,,,,,False,False,False,False,False,True,,True,3.601481437683105,True,True
252,p0252,Which uncharged nuclear particle is required in increasing numbers to maintain stability as nuclear charge grows? Answer:,Which uncharged nuclear particle is required in increasing numbers to maintain s,AUX,auxiliary,?,,,,,,,,neutron,proton,,,,,,,,False,False,False,False,False,True,,True,7.749737739562988,True,True
253,p0253,"In plasma physics, electromagnetic waves propagate through ionised gas via excitations of the massless electromagnetic field quantum. What are these quanta? Answer:","In plasma physics, electromagnetic waves propagate through ionised gas via excit",AUX,auxiliary,?,,,,,,,,photon,electron,,,,,,,,False,False,False,False,False,True,,True,5.212177753448486,True,True
254,p0254,The belt of stability in nuclear physics describes the ratio of neutral particles to protons needed for a nucleus to be stable. What are these neutral particles? Answer:,The belt of stability in nuclear physics describes the ratio of neutral particle,AUX,auxiliary,?,,,,,,,,neutron,proton,,,,,,,,False,False,False,False,False,True,,True,6.817821502685547,True,True
255,p0255,"Einstein's explanation of the photoelectric effect proposed that light consists of discrete energy packets, each carrying energy hν. What are these packets? Answer:",Einstein's explanation of the photoelectric effect proposed that light consists ,AUX,auxiliary,?,,,,,,,,photon,electron,,,,,,,,False,False,False,False,False,True,,True,2.601415634155273,True,True
256,p0256,"In optical tweezers, focused beams of discrete electromagnetic energy packets trap and manipulate tiny particles. What are the individual packets? Answer:","In optical tweezers, focused beams of discrete electromagnetic energy packets tr",AUX,auxiliary,?,,,,,,,,photon,electron,,,,,,,,False,False,False,False,False,True,,True,3.809759140014648,True,True
257,p0257,Which subatomic particle resides in the nucleus and carries positive charge? Answer:,Which subatomic particle resides in the nucleus and carries positive charge? Ans,AUX,auxiliary,?,,,,,,,,proton,neutron,,,,,,,,False,False,False,False,False,True,,True,2.8003740310668945,True,True
258,p0258,Heavy atomic nuclei require a neutral particle alongside protons to counteract electromagnetic repulsion via the strong force. What is this neutral particle? Answer:,Heavy atomic nuclei require a neutral particle alongside protons to counteract e,AUX,auxiliary,?,,,,,,,,neutron,proton,,,,,,,,False,False,False,False,False,True,,True,6.104191303253174,True,True
259,p0259,"The nucleus contains protons and neutrons; outside the nucleus, which negatively charged particle orbits? Answer:","The nucleus contains protons and neutrons; outside the nucleus, which negatively",AUX,auxiliary,?,,,,,,,,electron,proton,,,,,,,,False,False,False,False,False,True,,True,6.3321943283081055,True,True
260,p0260,"Unlike the neutral neutron, which atomic particle has a negative electric charge? Answer:","Unlike the neutral neutron, which atomic particle has a negative electric charge",AUX,auxiliary,?,,,,,,,,electron,proton,,,,,,,,False,False,False,False,False,True,,True,4.623438119888306,True,True
261,p0261,"Unlike the strong force (mediated by gluons) or gravity (mediated by gravitons), the electromagnetic force is mediated by which massless particle? Answer:","Unlike the strong force (mediated by gluons) or gravity (mediated by gravitons),",AUX,auxiliary,?,,,,,,,,photon,electron,,,,,,,,False,False,False,False,False,True,,True,4.959285736083984,True,True
262,p0262,Nuclear binding curves show that iron-56 is the most stable nucleus; its stability arises from an optimal ratio of protons and neutral particles. What neutral particles? Answer:,Nuclear binding curves show that iron-56 is the most stable nucleus; its stabili,AUX,auxiliary,?,,,,,,,,neutron,proton,,,,,,,,False,False,False,False,False,True,,True,9.064669609069824,True,True
263,p0263,Electrostatic induction redistributes negatively charged particles within a conductor when an external charge is brought nearby. What particles redistribute? Answer:,Electrostatic induction redistributes negatively charged particles within a cond,AUX,auxiliary,?,,,,,,,,electron,proton,,,,,,,,False,False,False,False,False,True,,True,6.460530281066895,True,True
264,p0264,Which massless gauge boson is exchanged between charged particles to produce electromagnetic force? Answer:,Which massless gauge boson is exchanged between charged particles to produce ele,AUX,auxiliary,?,,,,,,,,photon,electron,,,,,,,,False,False,False,False,False,True,,True,-1.0760321617126465,False,False
265,p0265,"In the CNO cycle in massive stars, carbon catalyses the fusion of positively charged particles to form helium. What particles are fused? Answer:","In the CNO cycle in massive stars, carbon catalyses the fusion of positively cha",AUX,auxiliary,?,,,,,,,,proton,neutron,,,,,,,,False,False,False,False,False,True,,True,2.70571231842041,True,True
266,p0266,"During electrophoresis, negatively charged particles in molecules migrate toward the positive electrode under an applied voltage. Which particles drive this migration? Answer:","During electrophoresis, negatively charged particles in molecules migrate toward",AUX,auxiliary,?,,,,,,,,electron,proton,,,,,,,,False,False,False,False,False,True,,True,3.530600547790528,True,True
267,p0267,"In inverse beta decay, an antineutrino interacts with a positively charged nuclear particle and converts it to a neutron. What was the starting particle? Answer:","In inverse beta decay, an antineutrino interacts with a positively charged nucle",AUX,auxiliary,?,,,,,,,,proton,neutron,,,,,,,,False,False,False,False,False,True,,True,3.060757160186768,True,True
268,p0268,"Unlike muons which decay in microseconds, which stable positively charged particle persists indefinitely in atomic nuclei? Answer:","Unlike muons which decay in microseconds, which stable positively charged partic",AUX,auxiliary,?,,,,,,,,proton,neutron,,,,,,,,False,False,False,False,False,True,,True,3.0537919998168945,True,True
269,p0269,"In QED, the coupling constant (fine structure constant α ≈ 1/137) describes how strongly charged particles interact by exchanging a massless particle. What particle? Answer:","In QED, the coupling constant (fine structure constant α ≈ 1/137) describes how ",AUX,auxiliary,?,,,,,,,,photon,electron,,,,,,,,False,False,False,False,False,True,,True,4.883236408233643,True,True
270,p0270,"Unlike electrons (which orbit the nucleus and can be transferred in chemical reactions), which neutral particle stays inside the nucleus providing stability? Answer:",Unlike electrons (which orbit the nucleus and can be transferred in chemical rea,AUX,auxiliary,?,,,,,,,,neutron,proton,,,,,,,,False,False,False,False,False,True,,True,4.724963665008545,True,True
271,p0271,Which negatively charged particle is the basic unit of electric current in metals? Answer:,Which negatively charged particle is the basic unit of electric current in metal,AUX,auxiliary,?,,,,,,,,electron,proton,,,,,,,,False,False,False,False,False,True,,True,7.8689422607421875,True,True
272,p0272,Lead-208 is doubly magic and highly stable due to specific shell-closure numbers of protons and neutral nuclear particles. What are the neutral particles? Answer:,Lead-208 is doubly magic and highly stable due to specific shell-closure numbers,AUX,auxiliary,?,,,,,,,,neutron,proton,,,,,,,,False,False,False,False,False,True,,True,6.323382139205933,True,True
273,p0273,Which nucleon is neither positively nor negatively charged? Answer:,Which nucleon is neither positively nor negatively charged? Answer:,AUX,auxiliary,?,,,,,,,,neutron,proton,,,,,,,,False,False,False,False,False,True,,True,5.5487380027771,True,True
274,p0274,Which particle in an atom carries negative electric charge? Answer:,Which particle in an atom carries negative electric charge? Answer:,AUX,auxiliary,?,,,,,,,,electron,proton,,,,,,,,False,False,False,False,False,True,,True,4.075558662414551,True,True
275,p0275,"In spallation neutron sources, high-energy protons bombard a heavy target to produce beams of neutral particles used for stability studies. What particles are produced? Answer:","In spallation neutron sources, high-energy protons bombard a heavy target to pro",AUX,auxiliary,?,,,,,,,,neutron,proton,,,,,,,,False,False,False,False,False,True,,True,7.683419704437256,True,True
276,p0276,Which nuclear particle carries a single unit of positive charge? Answer:,Which nuclear particle carries a single unit of positive charge? Answer:,AUX,auxiliary,?,,,,,,,,proton,neutron,,,,,,,,False,False,False,False,False,True,,True,3.8170242309570312,True,True
277,p0277,"In nuclear magnetic resonance of deuterium, the neutral particle in the deuterium nucleus contributes to the nuclear spin signal. What particle is this? Answer:","In nuclear magnetic resonance of deuterium, the neutral particle in the deuteriu",AUX,auxiliary,?,,,,,,,,neutron,proton,,,,,,,,False,False,False,False,False,True,,True,1.2731647491455078,True,True
278,p0278,"In Hawking radiation (theoretical), black holes emit massless electromagnetic force carriers among other particles due to quantum vacuum effects. What massless carriers are emitted? Answer:","In Hawking radiation (theoretical), black holes emit massless electromagnetic fo",AUX,auxiliary,?,,,,,,,,photon,electron,,,,,,,,False,False,False,False,False,True,,True,4.283043384552002,True,True
279,p0279,"In optical parametric oscillators, energy is transferred from a pump beam of massless electromagnetic particles to two lower-frequency beams. What particles carry the energy? Answer:","In optical parametric oscillators, energy is transferred from a pump beam of mas",AUX,auxiliary,?,,,,,,,,photon,electron,,,,,,,,False,False,False,False,False,True,,True,2.5260915756225586,True,True
280,p0280,"In nuclear gamma decay, the nucleus releases a very high-energy discrete electromagnetic packet. What is this general type of particle? Answer:","In nuclear gamma decay, the nucleus releases a very high-energy discrete electro",AUX,auxiliary,?,,,,,,,,photon,electron,,,,,,,,False,False,False,False,False,True,,True,0.732785701751709,True,True
281,p0281,"While the electron can be shared in covalent bonds, which positively charged nuclear particle stays in the nucleus in normal chemistry? Answer:","While the electron can be shared in covalent bonds, which positively charged nuc",AUX,auxiliary,?,,,,,,,,proton,neutron,,,,,,,,False,False,False,False,False,True,,True,0.5757222175598145,True,True
282,p0282,"During reduction in electrochemistry, a substance gains negatively charged particles at the cathode. What particles are gained? Answer:","During reduction in electrochemistry, a substance gains negatively charged parti",AUX,auxiliary,?,,,,,,,,electron,proton,,,,,,,,False,False,False,False,False,True,,True,7.370804786682129,True,True
283,p0283,Technetium has no stable isotopes because no neutron-to-proton ratio provides stability at its atomic number. What neutral particles are varied to search for stability? Answer:,Technetium has no stable isotopes because no neutron-to-proton ratio provides st,AUX,auxiliary,?,,,,,,,,neutron,proton,,,,,,,,False,False,False,False,False,True,,True,5.471080780029297,True,True
284,p0284,"Rutherford's gold foil experiment revealed a small, dense, positively charged nucleus. This positive charge comes from which particle? Answer:","Rutherford's gold foil experiment revealed a small, dense, positively charged nu",AUX,auxiliary,?,,,,,,,,proton,neutron,,,,,,,,False,False,False,False,False,True,,True,4.683795690536499,True,True
285,p0285,The liquid drop model of the nucleus includes a Coulomb repulsion term and a symmetry term; the neutral particles reduce the net Coulomb cost. What neutral particles? Answer:,The liquid drop model of the nucleus includes a Coulomb repulsion term and a sym,AUX,auxiliary,?,,,,,,,,neutron,proton,,,,,,,,False,False,False,False,False,True,,True,6.834744453430176,True,True
286,p0286,"In the electroweak unification, below the symmetry-breaking scale, only the electromagnetic mediator remains massless. What is it? Answer:","In the electroweak unification, below the symmetry-breaking scale, only the elec",AUX,auxiliary,?,,,,,,,,photon,electron,,,,,,,,False,False,False,False,False,True,,True,5.738072872161865,True,True
287,p0287,Which subatomic particle has a charge of −1 elementary units? Answer:,Which subatomic particle has a charge of −1 elementary units? Answer:,AUX,auxiliary,?,,,,,,,,electron,proton,,,,,,,,False,False,False,False,False,True,,True,6.181854724884033,True,True
288,p0288,"Unlike the phonon (a vibration quantum in a solid), which massless particle carries electromagnetic energy through a vacuum? Answer:","Unlike the phonon (a vibration quantum in a solid), which massless particle carr",AUX,auxiliary,?,,,,,,,,photon,electron,,,,,,,,False,False,False,False,False,True,,True,6.139462947845459,True,True
289,p0289,Which particle in the atomic nucleus carries positive electric charge? Answer:,Which particle in the atomic nucleus carries positive electric charge? Answer:,AUX,auxiliary,?,,,,,,,,proton,neutron,,,,,,,,False,False,False,False,False,True,,True,2.829916954040528,True,True
290,p0290,"Unlike the charged particles in an atom, which nuclear particle is electrically neutral? Answer:","Unlike the charged particles in an atom, which nuclear particle is electrically ",AUX,auxiliary,?,,,,,,,,neutron,proton,,,,,,,,False,False,False,False,False,True,,True,4.471730709075928,True,True
291,p0291,"Radio antennas emit electromagnetic radiation; at the quantum level, the energy is carried away by massless force-mediating particles. What are they? Answer:","Radio antennas emit electromagnetic radiation; at the quantum level, the energy ",AUX,auxiliary,?,,,,,,,,photon,electron,,,,,,,,False,False,False,False,False,True,,True,4.377542018890381,True,True
292,p0292,"Unlike dark matter candidates (hypothetical massive particles that feel gravity but not electromagnetism), which massless boson mediates the electromagnetic force? Answer:",Unlike dark matter candidates (hypothetical massive particles that feel gravity ,AUX,auxiliary,?,,,,,,,,photon,electron,,,,,,,,False,False,False,False,False,True,,True,5.826063871383667,True,True
293,p0293,"When an electron and positron annihilate, they produce two massless electromagnetic force-carrying particles flying in opposite directions. What particles are produced? Answer:","When an electron and positron annihilate, they produce two massless electromagne",AUX,auxiliary,?,,,,,,,,photon,electron,,,,,,,,False,False,False,False,False,True,,True,4.987636566162109,True,True
294,p0294,"In solar irradiance, the sun delivers energy to Earth via massless electromagnetic force-carrying particles at a rate of ~1361 W/m². What are these particles? Answer:","In solar irradiance, the sun delivers energy to Earth via massless electromagnet",AUX,auxiliary,?,,,,,,,,photon,electron,,,,,,,,False,False,False,False,False,True,,True,5.055534839630127,True,True
295,p0295,Cosmic microwave background radiation fills the universe with massless electromagnetic mediating particles from the Big Bang. What particles fill the universe? Answer:,Cosmic microwave background radiation fills the universe with massless electroma,AUX,auxiliary,?,,,,,,,,photon,electron,,,,,,,,False,False,False,False,False,True,,True,0.2900238037109375,True,False
296,p0296,"In positron emission tomography, an emitted positron immediately annihilates with a nearby negatively charged atomic particle. What particle annihilates with the positron? Answer:","In positron emission tomography, an emitted positron immediately annihilates wit",AUX,auxiliary,?,,,,,,,,electron,proton,,,,,,,,False,False,False,False,False,True,,True,6.94698429107666,True,True
297,p0297,Which fundamental atomic particle has a charge of −e? Answer:,Which fundamental atomic particle has a charge of −e? Answer:,AUX,auxiliary,?,,,,,,,,electron,proton,,,,,,,,False,False,False,False,False,True,,True,5.40110445022583,True,True
298,p0298,"Unlike adding a proton (which changes the element), adding which neutral nuclear particle creates a new isotope of the same element? Answer:","Unlike adding a proton (which changes the element), adding which neutral nuclear",AUX,auxiliary,?,,,,,,,,neutron,proton,,,,,,,,False,False,False,False,False,True,,True,10.56427812576294,True,True
299,p0299,"In nuclear transmutation using a particle accelerator, bombarding a target nucleus with positively charged particles can change the element. What particles are used as projectiles? Answer:","In nuclear transmutation using a particle accelerator, bombarding a target nucle",AUX,auxiliary,?,,,,,,,,proton,neutron,,,,,,,,False,False,False,False,False,True,,True,1.5884408950805664,True,True
300,p0300,"In neutron star formation, protons and electrons combine under extreme pressure to form neutral nuclear particles. What particles form under this pressure? Answer:","In neutron star formation, protons and electrons combine under extreme pressure ",AUX,auxiliary,?,,,,,,,,neutron,proton,,,,,,,,False,False,False,False,False,True,,True,6.285921096801758,True,True
301,p0301,"Which nuclear particle, when present in the right number relative to protons, prevents radioactive instability? Answer:","Which nuclear particle, when present in the right number relative to protons, pr",AUX,auxiliary,?,,,,,,,,neutron,proton,,,,,,,,False,False,False,False,False,True,,True,6.355813980102539,True,True
302,p0302,"In beta-minus decay, a neutral nuclear particle in the nucleus transforms into a proton, emitting an electron and antineutrino. What was the original particle? Answer:","In beta-minus decay, a neutral nuclear particle in the nucleus transforms into a",AUX,auxiliary,?,,,,,,,,neutron,proton,,,,,,,,False,False,False,False,False,True,,True,7.503278732299805,True,True
303,p0303,"Radioactive isotopes with too many neutral nuclear particles decay by beta-minus emission, converting a neutral particle to a proton. What particle converts? Answer:",Radioactive isotopes with too many neutral nuclear particles decay by beta-minus,AUX,auxiliary,?,,,,,,,,neutron,proton,,,,,,,,False,False,False,False,False,True,,True,-1.2716493606567385,False,False
304,p0304,Rydberg atoms have their outermost negatively charged particle in a very high energy level far from the nucleus. Which particle is in the Rydberg state? Answer:,Rydberg atoms have their outermost negatively charged particle in a very high en,AUX,auxiliary,?,,,,,,,,electron,proton,,,,,,,,False,False,False,False,False,True,,True,5.958578109741211,True,True
305,p0305,Atomic emission spectra arise when atoms release discrete packets of electromagnetic energy as electrons fall to lower energy levels. What is each packet called? Answer:,Atomic emission spectra arise when atoms release discrete packets of electromagn,AUX,auxiliary,?,,,,,,,,photon,electron,,,,,,,,False,False,False,False,False,True,,True,1.6420698165893557,True,True
306,p0306,"In photoionisation of hydrogen, a massless electromagnetic particle delivers enough energy to remove the bound electron. What particle causes this? Answer:","In photoionisation of hydrogen, a massless electromagnetic particle delivers eno",AUX,auxiliary,?,,,,,,,,photon,electron,,,,,,,,False,False,False,False,False,True,,True,4.353830575942993,True,True
307,p0307,"In spontaneous parametric down-conversion, a massless electromagnetic particle splits into two entangled massless particles of lower energy. What particles are involved? Answer:","In spontaneous parametric down-conversion, a massless electromagnetic particle s",AUX,auxiliary,?,,,,,,,,photon,electron,,,,,,,,False,False,False,False,False,True,,True,4.5488057136535645,True,True
308,p0308,"While photons are massless and neutral, atomic structure requires negatively charged massive particles to orbit the nucleus. What are these? Answer:","While photons are massless and neutral, atomic structure requires negatively cha",AUX,auxiliary,?,,,,,,,,electron,proton,,,,,,,,False,False,False,False,False,True,,True,5.966793060302734,True,True
309,p0309,"In photomultiplier tubes, incoming photons release negatively charged particles that are amplified by a cascade of dynodes. What particles are released initially? Answer:","In photomultiplier tubes, incoming photons release negatively charged particles ",AUX,auxiliary,?,,,,,,,,electron,proton,,,,,,,,False,False,False,False,False,True,,True,9.610519886016846,True,True
310,p0310,Covalent bonds form when two atoms share pairs of negatively charged particles between their nuclei. What particles are shared? Answer:,Covalent bonds form when two atoms share pairs of negatively charged particles b,AUX,auxiliary,?,,,,,,,,electron,proton,,,,,,,,False,False,False,False,False,True,,True,7.720719337463379,True,True
311,p0311,"In Compton scattering, a photon transfers some of its momentum to a negatively charged particle, causing both to scatter. What particle is struck? Answer:","In Compton scattering, a photon transfers some of its momentum to a negatively c",AUX,auxiliary,?,,,,,,,,electron,proton,,,,,,,,False,False,False,False,False,True,,True,6.838416814804077,True,True
312,p0312,"In nuclear medicine, radioactive isotopes with too few neutral particles relative to protons decay by positron emission. What neutral particles are they deficient in? Answer:","In nuclear medicine, radioactive isotopes with too few neutral particles relativ",AUX,auxiliary,?,,,,,,,,neutron,proton,,,,,,,,False,False,False,False,False,True,,True,4.960377216339111,True,True
313,p0313,The SEMF (semi-empirical mass formula) includes an asymmetry term that penalises large differences between the count of neutral particles and protons. What neutral particles? Answer:,The SEMF (semi-empirical mass formula) includes an asymmetry term that penalises,AUX,auxiliary,?,,,,,,,,neutron,proton,,,,,,,,False,False,False,False,False,True,,True,9.21216869354248,True,True
314,p0314,"While the nucleus is overall positively charged, the outer shells contain which negatively charged particle that balances the nuclear charge? Answer:","While the nucleus is overall positively charged, the outer shells contain which ",AUX,auxiliary,?,,,,,,,,electron,proton,,,,,,,,False,False,False,False,False,True,,True,6.710268974304199,True,True
315,p0315,"During fluorescence emission, a molecule absorbs a high-energy discrete packet and emits a lower-energy one of the same type. What is emitted? Answer:","During fluorescence emission, a molecule absorbs a high-energy discrete packet a",AUX,auxiliary,?,,,,,,,,photon,electron,,,,,,,,False,False,False,False,False,True,,True,2.3242759704589844,True,True
316,p0316,The electromagnetic force has infinite range because its mediating particle is massless and can travel arbitrarily far. What is this mediating particle? Answer:,The electromagnetic force has infinite range because its mediating particle is m,AUX,auxiliary,?,,,,,,,,photon,electron,,,,,,,,False,False,False,False,False,True,,True,1.1329727172851562,True,True
317,p0317,"In boron neutron capture therapy, neutral particles are captured by boron atoms adjacent to tumour cells. What particles are captured? Answer:","In boron neutron capture therapy, neutral particles are captured by boron atoms ",AUX,auxiliary,?,,,,,,,,neutron,proton,,,,,,,,False,False,False,False,False,True,,True,8.617847442626953,True,True
318,p0318,Which particle constitutes visible light at the quantum level? Answer:,Which particle constitutes visible light at the quantum level? Answer:,AUX,auxiliary,?,,,,,,,,photon,electron,,,,,,,,False,False,False,False,False,True,,True,1.3269681930541992,True,True
319,p0319,"Unlike the proton (charge +1) and electron (charge −1), which nuclear particle has charge 0? Answer:","Unlike the proton (charge +1) and electron (charge −1), which nuclear particle h",AUX,auxiliary,?,,,,,,,,neutron,proton,,,,,,,,False,False,False,False,False,True,,True,9.560320377349854,True,True
320,p0320,Which massless boson is emitted when an atom undergoes a downward energy transition? Answer:,Which massless boson is emitted when an atom undergoes a downward energy transit,AUX,auxiliary,?,,,,,,,,photon,electron,,,,,,,,False,False,False,False,False,True,,True,3.1731648445129395,True,True
321,p0321,"During hot plasma confinement in a tokamak, positively charged nuclear particles from hydrogen isotopes must be held at high temperature. What particles are confined? Answer:","During hot plasma confinement in a tokamak, positively charged nuclear particles",AUX,auxiliary,?,,,,,,,,proton,neutron,,,,,,,,False,False,False,False,False,True,,True,0.9639873504638672,True,True
322,p0322,"In the production of artificial radioisotopes, stable nuclei capture neutral nuclear particles in a reactor to become unstable. What particles are captured? Answer:","In the production of artificial radioisotopes, stable nuclei capture neutral nuc",AUX,auxiliary,?,,,,,,,,neutron,proton,,,,,,,,False,False,False,False,False,True,,True,6.3770365715026855,True,True
323,p0323,"In laser-driven wakefield acceleration, massless electromagnetic force carriers in the laser pulse drive a plasma wave that accelerates electrons. What force carriers drive the wave? Answer:","In laser-driven wakefield acceleration, massless electromagnetic force carriers ",AUX,auxiliary,?,,,,,,,,photon,electron,,,,,,,,False,False,False,False,False,True,,True,-0.5114126205444336,False,False
324,p0324,"In hot big bang nucleosynthesis, free positively charged particles combined with neutrons to form helium nuclei. What were these particles? Answer:","In hot big bang nucleosynthesis, free positively charged particles combined with",AUX,auxiliary,?,,,,,,,,proton,neutron,,,,,,,,False,False,False,False,False,True,,True,6.405788421630859,True,True
325,p0325,"Unlike spin-2 gravitons (theoretical, carry gravity), which spin-1 massless particle mediates the electromagnetic force? Answer:","Unlike spin-2 gravitons (theoretical, carry gravity), which spin-1 massless part",AUX,auxiliary,?,,,,,,,,photon,electron,,,,,,,,False,False,False,False,False,True,,True,3.0164108276367188,True,True
326,p0326,"In synchrotron light sources, accelerating electrons emit massless electromagnetic force-carrying particles used for scientific experiments. What particles are emitted? Answer:","In synchrotron light sources, accelerating electrons emit massless electromagnet",AUX,auxiliary,?,,,,,,,,photon,electron,,,,,,,,False,False,False,False,False,True,,True,2.876811981201172,True,True
327,p0327,"Unlike the alpha particle (charge +2), the beta-minus particle has negative charge. What is the beta-minus particle? Answer:","Unlike the alpha particle (charge +2), the beta-minus particle has negative char",AUX,auxiliary,?,,,,,,,,electron,proton,,,,,,,,False,False,False,False,False,True,,True,5.530556678771973,True,True
328,p0328,"Unlike the neutrino (which is very light and rarely interacts), which massive neutral particle is a major constituent of the atomic nucleus? Answer:","Unlike the neutrino (which is very light and rarely interacts), which massive ne",AUX,auxiliary,?,,,,,,,,neutron,proton,,,,,,,,False,False,False,False,False,True,,True,1.5706934928894043,True,True
329,p0329,"In synchrotron radiation, relativistic electrons emit discrete electromagnetic energy packets as they are deflected by magnetic fields. What are these packets? Answer:","In synchrotron radiation, relativistic electrons emit discrete electromagnetic e",AUX,auxiliary,?,,,,,,,,photon,electron,,,,,,,,False,False,False,False,False,True,,True,1.6339683532714844,True,True
330,p0330,"When a nuclear reactor operates, fission releases fast neutral particles that must be slowed by a moderator to sustain the chain. What particles are moderated? Answer:","When a nuclear reactor operates, fission releases fast neutral particles that mu",AUX,auxiliary,?,,,,,,,,neutron,proton,,,,,,,,False,False,False,False,False,True,,True,8.974752426147461,True,True
331,p0331,Radioactive decay chains end at stable lead or bismuth isotopes because these nuclei have the right balance of protons and neutral particles. What neutral particles? Answer:,Radioactive decay chains end at stable lead or bismuth isotopes because these nu,AUX,auxiliary,?,,,,,,,,neutron,proton,,,,,,,,False,False,False,False,False,True,,True,8.749076843261719,True,True
332,p0332,"In two-photon excitation microscopy, two discrete electromagnetic packets are absorbed simultaneously to excite a fluorophore. What are these packets? Answer:","In two-photon excitation microscopy, two discrete electromagnetic packets are ab",AUX,auxiliary,?,,,,,,,,photon,electron,,,,,,,,False,False,False,False,False,True,,True,3.4729933738708496,True,True
333,p0333,"During synchrotron emission, a relativistic electron in a magnetic field emits discrete electromagnetic packets. What particles are emitted? Answer:","During synchrotron emission, a relativistic electron in a magnetic field emits d",AUX,auxiliary,?,,,,,,,,photon,electron,,,,,,,,False,False,False,False,False,True,,True,-0.0756378173828125,False,False
334,p0334,"Unlike the massless neutrino (emitted in beta decay), which massive neutral particle remains in the nucleus providing stability? Answer:","Unlike the massless neutrino (emitted in beta decay), which massive neutral part",AUX,auxiliary,?,,,,,,,,neutron,proton,,,,,,,,False,False,False,False,False,True,,True,1.4992923736572266,True,True
335,p0335,"In nuclear fission, a uranium nucleus splits into two smaller nuclei; both contain positively charged particles distributed between them. What are these particles? Answer:","In nuclear fission, a uranium nucleus splits into two smaller nuclei; both conta",AUX,auxiliary,?,,,,,,,,proton,neutron,,,,,,,,False,False,False,False,False,True,,True,1.3615689277648926,True,True
336,p0336,"In X-ray fluorescence, a high-energy photon ejects a negatively charged inner-shell particle, causing outer-shell particles to fill the gap. What particles are involved? Answer:","In X-ray fluorescence, a high-energy photon ejects a negatively charged inner-sh",AUX,auxiliary,?,,,,,,,,electron,proton,,,,,,,,False,False,False,False,False,True,,True,4.820552825927734,True,True
337,p0337,"In nuclear activation analysis, the identity of elements is determined by their count of positively charged nuclear particles. What particles are counted? Answer:","In nuclear activation analysis, the identity of elements is determined by their ",AUX,auxiliary,?,,,,,,,,proton,neutron,,,,,,,,False,False,False,False,False,True,,True,-0.3803777694702148,False,False
338,p0338,"During stellar s-process nucleosynthesis, nuclei accumulate neutral particles one at a time, building heavier stable isotopes. What particles are captured? Answer:","During stellar s-process nucleosynthesis, nuclei accumulate neutral particles on",AUX,auxiliary,?,,,,,,,,neutron,proton,,,,,,,,False,False,False,False,False,True,,True,5.510078430175781,True,True
339,p0339,Which nuclear particle is electrically neutral? Answer:,Which nuclear particle is electrically neutral? Answer:,AUX,auxiliary,?,,,,,,,,neutron,proton,,,,,,,,False,False,False,False,False,True,,True,5.322229385375977,True,True
340,p0340,"Unlike massive charged particles like electrons and protons, which massless, uncharged particle mediates the electromagnetic force? Answer:","Unlike massive charged particles like electrons and protons, which massless, unc",AUX,auxiliary,?,,,,,,,,photon,electron,,,,,,,,False,False,False,False,False,True,,True,4.579797744750977,True,True
341,p0341,"In the proton-proton chain in stellar cores, two positively charged nuclear particles fuse to begin helium synthesis. What are these particles? Answer:","In the proton-proton chain in stellar cores, two positively charged nuclear part",AUX,auxiliary,?,,,,,,,,proton,neutron,,,,,,,,False,False,False,False,False,True,,True,3.4779090881347656,True,True
342,p0342,"In scanning tunnelling microscopy, a tiny current of negatively charged particles tunnels between the probe and sample surface. What particles tunnel? Answer:","In scanning tunnelling microscopy, a tiny current of negatively charged particle",AUX,auxiliary,?,,,,,,,,electron,proton,,,,,,,,False,False,False,False,False,True,,True,8.805830001831055,True,True
343,p0343,Which constituent of atomic nuclei carries no electric charge? Answer:,Which constituent of atomic nuclei carries no electric charge? Answer:,AUX,auxiliary,?,,,,,,,,neutron,proton,,,,,,,,False,False,False,False,False,True,,True,6.5862767696380615,True,True
344,p0344,"In the photoelectric effect in X-ray photoelectron spectroscopy, massless electromagnetic force carriers eject inner-shell electrons for analysis. What ejects the electrons? Answer:","In the photoelectric effect in X-ray photoelectron spectroscopy, massless electr",AUX,auxiliary,?,,,,,,,,photon,electron,,,,,,,,False,False,False,False,False,True,,True,1.8201665878295896,True,True
345,p0345,"Unlike the photon (which is massless), which massive neutral particle inside the nucleus provides stability by participating in the strong force? Answer:","Unlike the photon (which is massless), which massive neutral particle inside the",AUX,auxiliary,?,,,,,,,,neutron,proton,,,,,,,,False,False,False,False,False,True,,True,5.017640590667725,True,True
346,p0346,"Unlike the muon (a charged, massive lepton), which massless, chargeless boson acts as the force carrier of electromagnetism? Answer:","Unlike the muon (a charged, massive lepton), which massless, chargeless boson ac",AUX,auxiliary,?,,,,,,,,photon,electron,,,,,,,,False,False,False,False,False,True,,True,4.823732376098633,True,True
347,p0347,"In Bremsstrahlung production at an X-ray tube, fast electrons decelerate near the positively charged nuclear particles of a tungsten target. What nuclear particles attract the electrons? Answer:","In Bremsstrahlung production at an X-ray tube, fast electrons decelerate near th",AUX,auxiliary,?,,,,,,,,proton,neutron,,,,,,,,False,False,False,False,False,True,,True,1.667262077331543,True,True
348,p0348,"Unlike dark matter candidates (massive hypothetical particles), which confirmed massless particle carries the energy of visible light? Answer:","Unlike dark matter candidates (massive hypothetical particles), which confirmed ",AUX,auxiliary,?,,,,,,,,photon,electron,,,,,,,,False,False,False,False,False,True,,True,6.495740413665772,True,True
349,p0349,Which particle in the nucleus provides stability by mediating the strong nuclear force without adding electromagnetic repulsion? Answer:,Which particle in the nucleus provides stability by mediating the strong nuclear,AUX,auxiliary,?,,,,,,,,neutron,proton,,,,,,,,False,False,False,False,False,True,,True,4.432452201843262,True,True
350,p0350,"Unlike positrons (which have the same mass as electrons but positive charge), which massless particle has no rest mass and no charge? Answer:","Unlike positrons (which have the same mass as electrons but positive charge), wh",AUX,auxiliary,?,,,,,,,,photon,electron,,,,,,,,False,False,False,False,False,True,,True,6.706028938293457,True,True
351,p0351,"Unlike vector mesons (massive particles in hadronic physics that approximate electromagnetic effects at short range), which massless gauge boson is the true mediator? Answer:",Unlike vector mesons (massive particles in hadronic physics that approximate ele,AUX,auxiliary,?,,,,,,,,photon,electron,,,,,,,,False,False,False,False,False,True,,True,5.906507015228272,True,True
352,p0352,"In nuclear scattering experiments, beams of neutral particles probe nuclear structure without the electromagnetic interference that charged beams would cause. What particles are used? Answer:","In nuclear scattering experiments, beams of neutral particles probe nuclear stru",AUX,auxiliary,?,,,,,,,,neutron,proton,,,,,,,,False,False,False,False,False,True,,True,5.20643949508667,True,True
353,p0353,Which nuclear particle has charge +e? Answer:,Which nuclear particle has charge +e? Answer:,AUX,auxiliary,?,,,,,,,,proton,neutron,,,,,,,,False,False,False,False,False,True,,True,2.8106703758239746,True,True
354,p0354,"In attosecond science, ultrashort bursts of massless electromagnetic force-carrying particles resolve electron dynamics on femtosecond timescales. What bursts are used? Answer:","In attosecond science, ultrashort bursts of massless electromagnetic force-carry",AUX,auxiliary,?,,,,,,,,photon,electron,,,,,,,,False,False,False,False,False,True,,True,-1.4931821823120115,False,False
355,p0355,Planck solved the blackbody radiation problem by assuming energy is emitted in discrete packets proportional to frequency. What are these packets now called? Answer:,Planck solved the blackbody radiation problem by assuming energy is emitted in d,AUX,auxiliary,?,,,,,,,,photon,electron,,,,,,,,False,False,False,False,False,True,,True,2.287334442138672,True,True
356,p0356,"During electrolysis of water, negatively charged particles flow through the external circuit while ions move through the electrolyte. What particles flow externally? Answer:","During electrolysis of water, negatively charged particles flow through the exte",AUX,auxiliary,?,,,,,,,,electron,proton,,,,,,,,False,False,False,False,False,True,,True,6.681439399719238,True,True
357,p0357,"When an excited hydrogen atom falls from the n=3 to n=2 level, it releases a discrete packet of electromagnetic energy in the red visible range. What is this packet? Answer:","When an excited hydrogen atom falls from the n=3 to n=2 level, it releases a dis",AUX,auxiliary,?,,,,,,,,photon,electron,,,,,,,,False,False,False,False,False,True,,True,3.8875536918640137,True,True
358,p0358,"In Doppler laser cooling, discrete electromagnetic packets carry momentum that slows down atoms in a trap. What are these packets? Answer:","In Doppler laser cooling, discrete electromagnetic packets carry momentum that s",AUX,auxiliary,?,,,,,,,,photon,electron,,,,,,,,False,False,False,False,False,True,,True,3.232701301574707,True,True
359,p0359,"In radiocarbon dating, the isotope carbon-14 decays to nitrogen-14, gaining a positively charged nuclear particle in the process. What particle is gained? Answer:","In radiocarbon dating, the isotope carbon-14 decays to nitrogen-14, gaining a po",AUX,auxiliary,?,,,,,,,,proton,neutron,,,,,,,,False,False,False,False,False,True,,True,-0.3631124496459961,False,False
360,p0360,"In an LED, electrons recombine with holes in a semiconductor junction and emit discrete electromagnetic packets of a specific energy. What is emitted? Answer:","In an LED, electrons recombine with holes in a semiconductor junction and emit d",AUX,auxiliary,?,,,,,,,,photon,electron,,,,,,,,False,False,False,False,False,True,,True,2.5933704376220703,True,True
361,p0361,Nuclear magnetic resonance (NMR) uses the spin of positively charged particles in nuclei to image chemical structures. Which particles precess? Answer:,Nuclear magnetic resonance (NMR) uses the spin of positively charged particles i,AUX,auxiliary,?,,,,,,,,proton,neutron,,,,,,,,False,False,False,False,False,True,,True,1.7418766021728516,True,True
362,p0362,Boron control rods in nuclear reactors absorb neutral particles to regulate the fission rate. What particles are absorbed? Answer:,Boron control rods in nuclear reactors absorb neutral particles to regulate the ,AUX,auxiliary,?,,,,,,,,neutron,proton,,,,,,,,False,False,False,False,False,True,,True,9.060487270355225,True,True
363,p0363,"In cold neutron facilities, very slow neutral particles probe the structure of soft matter and biological molecules. What are these neutral particles? Answer:","In cold neutron facilities, very slow neutral particles probe the structure of s",AUX,auxiliary,?,,,,,,,,neutron,proton,,,,,,,,False,False,False,False,False,True,,True,7.908930778503418,True,True
364,p0364,Which particle in the nucleus has a charge of +1 elementary unit? Answer:,Which particle in the nucleus has a charge of +1 elementary unit? Answer:,AUX,auxiliary,?,,,,,,,,proton,neutron,,,,,,,,False,False,False,False,False,True,,True,3.1919074058532715,True,True
365,p0365,"In activation analysis, materials are irradiated with neutral nuclear particles to make them temporarily radioactive for identification. What particles are used? Answer:","In activation analysis, materials are irradiated with neutral nuclear particles ",AUX,auxiliary,?,,,,,,,,neutron,proton,,,,,,,,False,False,False,False,False,True,,True,8.378179550170898,True,True
366,p0366,"In bioluminescence, chemical reactions in organisms produce discrete electromagnetic energy packets. What are these packets? Answer:","In bioluminescence, chemical reactions in organisms produce discrete electromagn",AUX,auxiliary,?,,,,,,,,photon,electron,,,,,,,,False,False,False,False,False,True,,True,1.7533321380615234,True,True
367,p0367,Protons and which neutral nuclear particle together are collectively called nucleons? Answer:,Protons and which neutral nuclear particle together are collectively called nucl,AUX,auxiliary,?,,,,,,,,neutron,proton,,,,,,,,False,False,False,False,False,True,,True,6.942437171936035,True,True
368,p0368,"In Compton scattering, a massless electromagnetic mediating particle collides with an electron and transfers momentum to it. What particle collides? Answer:","In Compton scattering, a massless electromagnetic mediating particle collides wi",AUX,auxiliary,?,,,,,,,,photon,electron,,,,,,,,False,False,False,False,False,True,,True,-1.1616411209106443,False,False
369,p0369,"In solar sails, radiation pressure from massless electromagnetic force carriers pushes the sail forward in space. What particles exert this pressure? Answer:","In solar sails, radiation pressure from massless electromagnetic force carriers ",AUX,auxiliary,?,,,,,,,,photon,electron,,,,,,,,False,False,False,False,False,True,,True,5.25372838973999,True,True
370,p0370,"During oxidation in chemistry, a substance loses negatively charged particles. What particles are lost? Answer:","During oxidation in chemistry, a substance loses negatively charged particles. W",AUX,auxiliary,?,,,,,,,,electron,proton,,,,,,,,False,False,False,False,False,True,,True,6.384600639343262,True,True
371,p0371,"Unlike the W and Z bosons (which mediate the weak force and have significant mass), which massless boson mediates electromagnetism? Answer:",Unlike the W and Z bosons (which mediate the weak force and have significant mas,AUX,auxiliary,?,,,,,,,,photon,electron,,,,,,,,False,False,False,False,False,True,,True,7.197599411010742,True,True
372,p0372,"In Coulomb's law, the force between two charges can be understood quantum mechanically as arising from massless particle exchange. What particle is exchanged? Answer:","In Coulomb's law, the force between two charges can be understood quantum mechan",AUX,auxiliary,?,,,,,,,,photon,electron,,,,,,,,False,False,False,False,False,True,,True,6.448289394378662,True,True
373,p0373,"While neutrons can change by beta decay without changing the element, which positively charged particle defines the element? Answer:","While neutrons can change by beta decay without changing the element, which posi",AUX,auxiliary,?,,,,,,,,proton,neutron,,,,,,,,False,False,False,False,False,True,,True,4.271554946899414,True,True
374,p0374,"In nuclear fusion, light nuclei combine by overcoming the repulsion between their positively charged particles. What are these particles? Answer:","In nuclear fusion, light nuclei combine by overcoming the repulsion between thei",AUX,auxiliary,?,,,,,,,,proton,neutron,,,,,,,,False,False,False,False,False,True,,True,4.060523986816406,True,True
375,p0375,"In a photodiode, each discrete electromagnetic packet absorbed in the depletion region creates an electron-hole pair. What is absorbed? Answer:","In a photodiode, each discrete electromagnetic packet absorbed in the depletion ",AUX,auxiliary,?,,,,,,,,photon,electron,,,,,,,,False,False,False,False,False,True,,True,4.001216888427734,True,True
376,p0376,Ionisation energy is the energy required to remove a negatively charged particle from a neutral atom. Which particle is removed? Answer:,Ionisation energy is the energy required to remove a negatively charged particle,AUX,auxiliary,?,,,,,,,,electron,proton,,,,,,,,False,False,False,False,False,True,,True,4.853951454162598,True,True
377,p0377,"In ionic bonding, one atom transfers its outermost negatively charged particles to another, forming positive and negative ions. What particles are transferred? Answer:","In ionic bonding, one atom transfers its outermost negatively charged particles ",AUX,auxiliary,?,,,,,,,,electron,proton,,,,,,,,False,False,False,False,False,True,,True,6.769213676452637,True,True
378,p0378,"Unlike the alpha particle (charge +2, massive), which massless, chargeless particle carries electromagnetic energy? Answer:","Unlike the alpha particle (charge +2, massive), which massless, chargeless parti",AUX,auxiliary,?,,,,,,,,photon,electron,,,,,,,,False,False,False,False,False,True,,True,5.940695762634277,True,True
379,p0379,"In nuclear physics, two of these positively charged particles in a helium-4 nucleus repel each other electromagnetically but are held together by the strong force. What particles? Answer:","In nuclear physics, two of these positively charged particles in a helium-4 nucl",AUX,auxiliary,?,,,,,,,,proton,neutron,,,,,,,,False,False,False,False,False,True,,True,1.1406903266906738,True,True
380,p0380,Which particle is the quantum of electromagnetic radiation? Answer:,Which particle is the quantum of electromagnetic radiation? Answer:,AUX,auxiliary,?,,,,,,,,photon,electron,,,,,,,,False,False,False,False,False,True,,True,0.5401186943054199,True,True
381,p0381,"In nuclear transmutation experiments, bombarding a nucleus with neutral particles can produce new isotopes without changing the element's charge. What particles are used? Answer:","In nuclear transmutation experiments, bombarding a nucleus with neutral particle",AUX,auxiliary,?,,,,,,,,neutron,proton,,,,,,,,False,False,False,False,False,True,,True,8.26464033126831,True,True
382,p0382,"In a photodetector, individual discrete electromagnetic energy packets arrive and trigger an electrical signal. What triggers each signal? Answer:","In a photodetector, individual discrete electromagnetic energy packets arrive an",AUX,auxiliary,?,,,,,,,,photon,electron,,,,,,,,False,False,False,False,False,True,,True,1.1423959732055664,True,True
383,p0383,"In electron-positron annihilation, two particles convert completely into two high-energy discrete electromagnetic packets. What are the packets? Answer:","In electron-positron annihilation, two particles convert completely into two hig",AUX,auxiliary,?,,,,,,,,photon,electron,,,,,,,,False,False,False,False,False,True,,True,3.3729734420776367,True,True
384,p0384,"Unlike positrons (which are antimatter and annihilate rapidly), which stable positively charged particle lives in every ordinary nucleus? Answer:","Unlike positrons (which are antimatter and annihilate rapidly), which stable pos",AUX,auxiliary,?,,,,,,,,proton,neutron,,,,,,,,False,False,False,False,False,True,,True,3.213565826416016,True,True
385,p0385,"Unlike the electron (which orbits outside the nucleus), which neutral particle is confined inside the nucleus and contributes to stability? Answer:","Unlike the electron (which orbits outside the nucleus), which neutral particle i",AUX,auxiliary,?,,,,,,,,neutron,proton,,,,,,,,False,False,False,False,False,True,,True,4.521846771240234,True,True
386,p0386,Geiger-Müller counters detect ionising radiation by counting negatively charged particles freed from gas molecules by incoming radiation. What particles are counted? Answer:,Geiger-Müller counters detect ionising radiation by counting negatively charged ,AUX,auxiliary,?,,,,,,,,electron,proton,,,,,,,,False,False,False,False,False,True,,True,6.350024700164795,True,True
387,p0387,"In muon-catalysed fusion of deuterium, the neutral particles in each deuterium nucleus are brought close enough to fuse. What neutral particles fuse? Answer:","In muon-catalysed fusion of deuterium, the neutral particles in each deuterium n",AUX,auxiliary,?,,,,,,,,neutron,proton,,,,,,,,False,False,False,False,False,True,,True,1.4198098182678225,True,True
388,p0388,"While the proton sits inside the nucleus, which negatively charged particle occupies the outer shells? Answer:","While the proton sits inside the nucleus, which negatively charged particle occu",AUX,auxiliary,?,,,,,,,,electron,proton,,,,,,,,False,False,False,False,False,True,,True,7.744141101837158,True,True
389,p0389,"In pile reactors, a moderator slows down neutral particles from fission so they can be captured by uranium-235 to sustain fission. What particles are moderated? Answer:","In pile reactors, a moderator slows down neutral particles from fission so they ",AUX,auxiliary,?,,,,,,,,neutron,proton,,,,,,,,False,False,False,False,False,True,,True,8.671034812927246,True,True
390,p0390,Which neutral nuclear particle helps stabilise the nucleus against proton-proton electromagnetic repulsion? Answer:,Which neutral nuclear particle helps stabilise the nucleus against proton-proton,AUX,auxiliary,?,,,,,,,,neutron,proton,,,,,,,,False,False,False,False,False,True,,True,9.56474757194519,True,True
391,p0391,Which massless boson is the mediator of the electromagnetic interaction in the Standard Model? Answer:,Which massless boson is the mediator of the electromagnetic interaction in the S,AUX,auxiliary,?,,,,,,,,photon,electron,,,,,,,,False,False,False,False,False,True,,True,3.2196531295776367,True,True
392,p0392,"In electronegativity, certain atoms pull the shared negatively charged bonding particles closer to themselves. What are these particles? Answer:","In electronegativity, certain atoms pull the shared negatively charged bonding p",AUX,auxiliary,?,,,,,,,,electron,proton,,,,,,,,False,False,False,False,False,True,,True,7.849333763122559,True,True
393,p0393,"In high-energy particle colliders, beams of positively charged nuclear particles collide with antiprotons to produce new particles. What particles form the beams? Answer:","In high-energy particle colliders, beams of positively charged nuclear particles",AUX,auxiliary,?,,,,,,,,proton,neutron,,,,,,,,False,False,False,False,False,True,,True,5.758290767669678,True,True
394,p0394,"In atomic fluorescence, a molecule absorbs a discrete electromagnetic energy packet and re-emits it at a slightly lower frequency. What is this packet? Answer:","In atomic fluorescence, a molecule absorbs a discrete electromagnetic energy pac",AUX,auxiliary,?,,,,,,,,photon,electron,,,,,,,,False,False,False,False,False,True,,True,4.3175811767578125,True,True
395,p0395,James Chadwick discovered a neutral nuclear particle in 1932 by bombarding beryllium with alpha particles and detecting the recoil of protons. What did he discover? Answer:,James Chadwick discovered a neutral nuclear particle in 1932 by bombarding beryl,AUX,auxiliary,?,,,,,,,,neutron,proton,,,,,,,,False,False,False,False,False,True,,True,3.621847152709961,True,True
396,p0396,"In neutron diffraction, a beam of neutral particles probes the crystal structure of materials without electromagnetic interference. What are these neutral particles? Answer:","In neutron diffraction, a beam of neutral particles probes the crystal structure",AUX,auxiliary,?,,,,,,,,neutron,proton,,,,,,,,False,False,False,False,False,True,,True,9.41777753829956,True,True
397,p0397,Auger emission occurs when a core vacancy is filled and the released energy ejects a negatively charged particle from the atom. What particle is ejected? Answer:,Auger emission occurs when a core vacancy is filled and the released energy ejec,AUX,auxiliary,?,,,,,,,,electron,proton,,,,,,,,False,False,False,False,False,True,,True,6.800948143005371,True,True
398,p0398,"In the valley of stability, nuclei with too many neutral particles relative to protons undergo beta-minus decay. What are these excess neutral particles? Answer:","In the valley of stability, nuclei with too many neutral particles relative to p",AUX,auxiliary,?,,,,,,,,neutron,proton,,,,,,,,False,False,False,False,False,True,,True,7.341538429260254,True,True
399,p0399,"Unlike the Higgs boson (which has mass and gives other particles their mass), which massless boson mediates electromagnetic interactions? Answer:","Unlike the Higgs boson (which has mass and gives other particles their mass), wh",AUX,auxiliary,?,,,,,,,,photon,electron,,,,,,,,False,False,False,False,False,True,,True,5.040262222290039,True,True
400,p0400,"Unlike protons and neutrons (which have rest mass), which massless particle is the quantum of electromagnetic force? Answer:","Unlike protons and neutrons (which have rest mass), which massless particle is t",AUX,auxiliary,?,,,,,,,,photon,electron,,,,,,,,False,False,False,False,False,True,,True,4.473434448242188,True,True
401,p0401,"In nuclear physics, two types of particles make up the nucleus: protons carrying positive charge, and neutral particles that carry no charge at all. What are the neutral ones called? Answer:","In nuclear physics, two types of particles make up the nucleus: protons carrying",AUX,auxiliary,?,,,,,,,,neutron,proton,,,,,,,,False,False,False,False,False,True,,True,11.254097938537598,True,True
402,p0402,"In electromagnetic shielding (Faraday cage), the arrangement of charges prevents massless electromagnetic force carriers from penetrating. What carriers are blocked? Answer:","In electromagnetic shielding (Faraday cage), the arrangement of charges prevents",AUX,auxiliary,?,,,,,,,,photon,electron,,,,,,,,False,False,False,False,False,True,,True,2.690485000610352,True,True
403,p0403,"In cyclotron accelerators used in medicine, positively charged nuclear particles are accelerated by alternating electric fields. What are these particles? Answer:","In cyclotron accelerators used in medicine, positively charged nuclear particles",AUX,auxiliary,?,,,,,,,,proton,neutron,,,,,,,,False,False,False,False,False,True,,True,1.9650535583496092,True,True
404,p0404,"Unlike the W− boson (which mediates weak charged current interactions), which stable negatively charged particle is a constituent of all atoms? Answer:","Unlike the W− boson (which mediates weak charged current interactions), which st",AUX,auxiliary,?,,,,,,,,electron,proton,,,,,,,,False,False,False,False,False,True,,True,6.22371768951416,True,True
405,p0405,"In inverse Compton scattering, a low-energy massless electromagnetic particle gains energy by scattering off a high-energy electron. What gains energy? Answer:","In inverse Compton scattering, a low-energy massless electromagnetic particle ga",AUX,auxiliary,?,,,,,,,,photon,electron,,,,,,,,False,False,False,False,False,True,,True,-0.1388092041015625,False,False
406,p0406,"Deuterium, the heavy isotope of hydrogen, contains one proton and one neutral nuclear particle. What is this neutral particle? Answer:","Deuterium, the heavy isotope of hydrogen, contains one proton and one neutral nu",AUX,auxiliary,?,,,,,,,,neutron,proton,,,,,,,,False,False,False,False,False,True,,True,8.731446027755737,True,True
407,p0407,"Unlike the Z boson (which mediates neutral current weak interactions), which massless boson mediates electromagnetic interactions? Answer:","Unlike the Z boson (which mediates neutral current weak interactions), which mas",AUX,auxiliary,?,,,,,,,,photon,electron,,,,,,,,False,False,False,False,False,True,,True,3.7138943672180176,True,True
408,p0408,"Unlike the Higgs boson (which gives mass to particles), which massless boson carries electromagnetic energy in discrete packets? Answer:","Unlike the Higgs boson (which gives mass to particles), which massless boson car",AUX,auxiliary,?,,,,,,,,photon,electron,,,,,,,,False,False,False,False,False,True,,True,5.537413120269775,True,True
409,p0409,Which positively charged particle is found in every atomic nucleus? Answer:,Which positively charged particle is found in every atomic nucleus? Answer:,AUX,auxiliary,?,,,,,,,,proton,neutron,,,,,,,,False,False,False,False,False,True,,True,3.5273561477661133,True,True
410,p0410,"In quantum optics, the coherent state of electromagnetic radiation is described in terms of superpositions of states with different numbers of massless bosons. What bosons? Answer:","In quantum optics, the coherent state of electromagnetic radiation is described ",AUX,auxiliary,?,,,,,,,,photon,electron,,,,,,,,False,False,False,False,False,True,,True,6.140654563903809,True,True
411,p0411,Which particle found outside the atomic nucleus is negatively charged? Answer:,Which particle found outside the atomic nucleus is negatively charged? Answer:,AUX,auxiliary,?,,,,,,,,electron,proton,,,,,,,,False,False,False,False,False,True,,True,4.972478866577148,True,True
412,p0412,"Unlike the electrically neutral neutron, which nuclear particle has a charge of +1? Answer:","Unlike the electrically neutral neutron, which nuclear particle has a charge of ",AUX,auxiliary,?,,,,,,,,proton,neutron,,,,,,,,False,False,False,False,False,True,,True,6.355607986450195,True,True
413,p0413,What is the quantum of the electromagnetic field called? Answer:,What is the quantum of the electromagnetic field called? Answer:,AUX,auxiliary,?,,,,,,,,photon,electron,,,,,,,,False,False,False,False,False,True,,True,6.356540679931641,True,True
414,p0414,"While electrons are expelled in beta-minus decay, which neutral nuclear particle is the source particle that converts in that decay? Answer:","While electrons are expelled in beta-minus decay, which neutral nuclear particle",AUX,auxiliary,?,,,,,,,,neutron,proton,,,,,,,,False,False,False,False,False,True,,True,3.9894614219665527,True,True
415,p0415,Charged particle tracks in a bubble chamber curve in a magnetic field; positive curvature identifies which stable nuclear particle? Answer:,Charged particle tracks in a bubble chamber curve in a magnetic field; positive ,AUX,auxiliary,?,,,,,,,,proton,neutron,,,,,,,,False,False,False,False,False,True,,True,0.3702435493469238,True,False
416,p0416,"In neutron halo nuclei such as lithium-11, extra neutral particles extend well beyond the nuclear core. What particles form the extended halo? Answer:","In neutron halo nuclei such as lithium-11, extra neutral particles extend well b",AUX,auxiliary,?,,,,,,,,neutron,proton,,,,,,,,False,False,False,False,False,True,,True,6.101364135742188,True,True
417,p0417,"The weak force is short-range due to the mass of its force carriers; in contrast, electromagnetism has infinite range because its carrier is massless. What is this massless carrier? Answer:",The weak force is short-range due to the mass of its force carriers; in contrast,AUX,auxiliary,?,,,,,,,,photon,electron,,,,,,,,False,False,False,False,False,True,,True,4.077683448791504,True,True
418,p0418,"Unlike matter particles (which have rest mass), which massless particle always travels at the speed of light and carries electromagnetic energy? Answer:","Unlike matter particles (which have rest mass), which massless particle always t",AUX,auxiliary,?,,,,,,,,photon,electron,,,,,,,,False,False,False,False,False,True,,True,3.9562950134277344,True,True
419,p0419,"In the photoelectric effect, each discrete packet of electromagnetic energy either has enough energy to eject an electron or it does not. What is this packet? Answer:","In the photoelectric effect, each discrete packet of electromagnetic energy eith",AUX,auxiliary,?,,,,,,,,photon,electron,,,,,,,,False,False,False,False,False,True,,True,1.66029691696167,True,True
420,p0420,"While alpha and beta particles are massive, which massless particle is also emitted during nuclear de-excitation (gamma decay)? Answer:","While alpha and beta particles are massive, which massless particle is also emit",AUX,auxiliary,?,,,,,,,,photon,electron,,,,,,,,False,False,False,False,False,True,,True,-4.165864944458008,False,False
421,p0421,"In Bohr's atomic model, the positively charged nucleus attracts orbiting electrons. The nuclear positive charge comes from which particles? Answer:","In Bohr's atomic model, the positively charged nucleus attracts orbiting electro",AUX,auxiliary,?,,,,,,,,proton,neutron,,,,,,,,False,False,False,False,False,True,,True,2.938556671142578,True,True
422,p0422,"Unlike protons (which cannot be added without changing the element), which neutral particles, when added, only change the isotope? Answer:","Unlike protons (which cannot be added without changing the element), which neutr",AUX,auxiliary,?,,,,,,,,neutron,proton,,,,,,,,False,False,False,False,False,True,,True,11.907681941986084,True,True
423,p0423,"When atoms gain extra negatively charged particles, they become anions. Which particles are added to form anions? Answer:","When atoms gain extra negatively charged particles, they become anions. Which pa",AUX,auxiliary,?,,,,,,,,electron,proton,,,,,,,,False,False,False,False,False,True,,True,5.922083854675293,True,True
424,p0424,"Lasers emit coherent light by stimulated emission, where atoms release identical discrete packets of electromagnetic energy. What are these packets? Answer:","Lasers emit coherent light by stimulated emission, where atoms release identical",AUX,auxiliary,?,,,,,,,,photon,electron,,,,,,,,False,False,False,False,False,True,,True,3.7342123985290527,True,True
425,p0425,Pairing energy in nuclear structure shows that nuclei with even numbers of neutral particles are more stable than those with odd numbers. What particles are paired? Answer:,Pairing energy in nuclear structure shows that nuclei with even numbers of neutr,AUX,auxiliary,?,,,,,,,,neutron,proton,,,,,,,,False,False,False,False,False,True,,True,2.76393985748291,True,True
426,p0426,"In Rutherford scattering, alpha particles are deflected by the concentrated positive charges of nuclear particles. What particles cause the deflection? Answer:","In Rutherford scattering, alpha particles are deflected by the concentrated posi",AUX,auxiliary,?,,,,,,,,proton,neutron,,,,,,,,False,False,False,False,False,True,,True,1.3544082641601562,True,True
427,p0427,"In the quark model, each of these positively charged nuclear particles contains two up quarks and one down quark. At the nuclear level, this particle is called what? Answer:","In the quark model, each of these positively charged nuclear particles contains ",AUX,auxiliary,?,,,,,,,,proton,neutron,,,,,,,,False,False,False,False,False,True,,True,2.690130710601806,True,True
428,p0428,"During bremsstrahlung, negatively charged particles decelerate in the electric field of a nucleus and radiate photons. What particles decelerate? Answer:","During bremsstrahlung, negatively charged particles decelerate in the electric f",AUX,auxiliary,?,,,,,,,,electron,proton,,,,,,,,False,False,False,False,False,True,,True,6.194204330444336,True,True
429,p0429,The outermost shell of an atom determines its reactivity and is filled with negatively charged particles. What are these particles? Answer:,The outermost shell of an atom determines its reactivity and is filled with nega,AUX,auxiliary,?,,,,,,,,electron,proton,,,,,,,,False,False,False,False,False,True,,True,7.164058208465576,True,True
430,p0430,"In semiconductors, n-type doping introduces extra negatively charged carriers into the conduction band. What are these carriers? Answer:","In semiconductors, n-type doping introduces extra negatively charged carriers in",AUX,auxiliary,?,,,,,,,,electron,proton,,,,,,,,False,False,False,False,False,True,,True,9.922084331512451,True,True
431,p0431,"Unlike the electron (charge −1), which nuclear particle has zero electric charge? Answer:","Unlike the electron (charge −1), which nuclear particle has zero electric charge",AUX,auxiliary,?,,,,,,,,neutron,proton,,,,,,,,False,False,False,False,False,True,,True,4.530518054962158,True,True
432,p0432,Which fundamental particle is the carrier of both light and electromagnetic radiation in general? Answer:,Which fundamental particle is the carrier of both light and electromagnetic radi,AUX,auxiliary,?,,,,,,,,photon,electron,,,,,,,,False,False,False,False,False,True,,True,2.0639381408691406,True,True
433,p0433,"In a cloud chamber, supersaturated vapour condenses along the tracks of negatively charged particles. What particles leave visible tracks? Answer:","In a cloud chamber, supersaturated vapour condenses along the tracks of negative",AUX,auxiliary,?,,,,,,,,electron,proton,,,,,,,,False,False,False,False,False,True,,True,6.354218482971191,True,True
434,p0434,"Unlike protons (which repel each other via the electromagnetic force), which neutral nuclear particle helps bind protons via the strong force? Answer:","Unlike protons (which repel each other via the electromagnetic force), which neu",AUX,auxiliary,?,,,,,,,,neutron,proton,,,,,,,,False,False,False,False,False,True,,True,12.184636116027832,True,True
435,p0435,"Unlike the Kaluza-Klein graviton (hypothetical extra-dimensional massive particle), which confirmed massless particle mediates electromagnetism in four dimensions? Answer:",Unlike the Kaluza-Klein graviton (hypothetical extra-dimensional massive particl,AUX,auxiliary,?,,,,,,,,photon,electron,,,,,,,,False,False,False,False,False,True,,True,-0.5522003173828125,False,False
436,p0436,"In Bragg diffraction of X-rays by crystals, discrete packets of electromagnetic energy scatter from atomic planes. What are these packets? Answer:","In Bragg diffraction of X-rays by crystals, discrete packets of electromagnetic ",AUX,auxiliary,?,,,,,,,,photon,electron,,,,,,,,False,False,False,False,False,True,,True,2.173421859741211,True,True
437,p0437,"In photoionisation, a photon delivers sufficient energy to remove a negatively charged particle from an atom. What particle is removed? Answer:","In photoionisation, a photon delivers sufficient energy to remove a negatively c",AUX,auxiliary,?,,,,,,,,electron,proton,,,,,,,,False,False,False,False,False,True,,True,6.873835563659668,True,True
438,p0438,"The Standard Model identifies four fundamental forces, each with a force-carrying particle. The carrier of electromagnetism is massless. What is it? Answer:","The Standard Model identifies four fundamental forces, each with a force-carryin",AUX,auxiliary,?,,,,,,,,photon,electron,,,,,,,,False,False,False,False,False,True,,True,6.159491300582886,True,True
439,p0439,"Unlike the neutral photon, which massive atomic particle carries negative electric charge? Answer:","Unlike the neutral photon, which massive atomic particle carries negative electr",AUX,auxiliary,?,,,,,,,,electron,proton,,,,,,,,False,False,False,False,False,True,,True,5.2831573486328125,True,True
440,p0440,"In electrochemistry, the oxidation state of a metal is determined by the count of positively charged nuclear particles in its nucleus. What particles are counted? Answer:","In electrochemistry, the oxidation state of a metal is determined by the count o",AUX,auxiliary,?,,,,,,,,proton,neutron,,,,,,,,False,False,False,False,False,True,,True,1.8747692108154297,True,True
441,p0441,"In deep inelastic scattering experiments, high-energy electrons probe the internal structure of positively charged nuclear particles. What particles are probed? Answer:","In deep inelastic scattering experiments, high-energy electrons probe the intern",AUX,auxiliary,?,,,,,,,,proton,neutron,,,,,,,,False,False,False,False,False,True,,True,2.7053470611572266,True,True
442,p0442,"Unlike the neutron, which particle in the atomic nucleus carries positive electric charge? Answer:","Unlike the neutron, which particle in the atomic nucleus carries positive electr",AUX,auxiliary,?,,,,,,,,proton,neutron,,,,,,,,False,False,False,False,False,True,,True,5.909251689910889,True,True
443,p0443,"Unlike the W and Z bosons (which give the weak force a short range due to their mass), the electromagnetic force has infinite range because its carrier is massless. What is the carrier? Answer:",Unlike the W and Z bosons (which give the weak force a short range due to their ,AUX,auxiliary,?,,,,,,,,photon,electron,,,,,,,,False,False,False,False,False,True,,True,5.592960834503174,True,True
444,p0444,Electricity flows through copper wire because negatively charged particles drift through the metal lattice. What are these charge carriers? Answer:,Electricity flows through copper wire because negatively charged particles drift,AUX,auxiliary,?,,,,,,,,electron,proton,,,,,,,,False,False,False,False,False,True,,True,6.7492876052856445,True,True
445,p0445,"In an oscilloscope's cathode ray tube, a beam of negatively charged particles is steered by electric and magnetic fields. What particles form the beam? Answer:","In an oscilloscope's cathode ray tube, a beam of negatively charged particles is",AUX,auxiliary,?,,,,,,,,electron,proton,,,,,,,,False,False,False,False,False,True,,True,7.270944595336914,True,True
446,p0446,"When a free electron in a plasma decelerates, it emits a discrete electromagnetic energy packet. What is emitted? Answer:","When a free electron in a plasma decelerates, it emits a discrete electromagneti",AUX,auxiliary,?,,,,,,,,photon,electron,,,,,,,,False,False,False,False,False,True,,True,0.7768740653991699,True,True
447,p0447,Which particle is the antimatter counterpart of the electron? Answer:,Which particle is the antimatter counterpart of the electron? Answer:,AUX,auxiliary,?,,,,,,,,positron,electron,,,,,,,,False,False,False,False,False,True,,True,5.443835973739624,True,True
448,p0448,Which antiparticle has the same mass as an electron but opposite (positive) charge? Answer:,Which antiparticle has the same mass as an electron but opposite (positive) char,AUX,auxiliary,?,,,,,,,,positron,electron,,,,,,,,False,False,False,False,False,True,,True,6.150317192077637,True,True
449,p0449,Which positively charged particle has exactly the same mass as an electron? Answer:,Which positively charged particle has exactly the same mass as an electron? Answ,AUX,auxiliary,?,,,,,,,,positron,electron,,,,,,,,False,False,False,False,False,True,,True,4.422953605651856,True,True
450,p0450,Which particle annihilates with an electron to produce two photons? Answer:,Which particle annihilates with an electron to produce two photons? Answer:,AUX,auxiliary,?,,,,,,,,positron,electron,,,,,,,,False,False,False,False,False,True,,True,9.00141954421997,True,True
451,p0451,Dirac's equation predicted a particle identical to the electron but with positive charge. What is this antiparticle? Answer:,Dirac's equation predicted a particle identical to the electron but with positiv,AUX,auxiliary,?,,,,,,,,positron,electron,,,,,,,,False,False,False,False,False,True,,True,5.73602294921875,True,True
452,p0452,"When a high-energy photon passes near a nucleus, it can produce a particle-antiparticle pair: an electron and its antimatter partner. What is this antimatter partner? Answer:","When a high-energy photon passes near a nucleus, it can produce a particle-antip",AUX,auxiliary,?,,,,,,,,positron,electron,,,,,,,,False,False,False,False,False,True,,True,3.084688663482666,True,True
453,p0453,PET scans detect pairs of gamma rays produced when electrons annihilate with their antiparticles. What is the antiparticle of the electron? Answer:,PET scans detect pairs of gamma rays produced when electrons annihilate with the,AUX,auxiliary,?,,,,,,,,positron,electron,,,,,,,,False,False,False,False,False,True,,True,7.096355676651001,True,True
454,p0454,Carl Anderson observed a positively charged particle with electron mass in cloud chamber tracks in 1932. What particle had he discovered? Answer:,Carl Anderson observed a positively charged particle with electron mass in cloud,AUX,auxiliary,?,,,,,,,,positron,electron,,,,,,,,False,False,False,False,False,True,,True,5.750657320022583,True,True
455,p0455,Dirac's sea model predicted that holes in the negative-energy sea would appear as positively charged particles with electron mass. What are these particles? Answer:,Dirac's sea model predicted that holes in the negative-energy sea would appear a,AUX,auxiliary,?,,,,,,,,positron,electron,,,,,,,,False,False,False,False,False,True,,True,4.354562997817993,True,True
456,p0456,"In gamma-ray astronomy, electron-positron annihilation produces pairs of 511 keV gamma rays; the positive particle of this pair is what? Answer:","In gamma-ray astronomy, electron-positron annihilation produces pairs of 511 keV",AUX,auxiliary,?,,,,,,,,positron,electron,,,,,,,,False,False,False,False,False,True,,True,5.876564800739288,True,True
457,p0457,"In accelerator experiments, matter-antimatter pair production creates an electron alongside its positively charged mirror particle. What is this mirror particle? Answer:","In accelerator experiments, matter-antimatter pair production creates an electro",AUX,auxiliary,?,,,,,,,,positron,electron,,,,,,,,False,False,False,False,False,True,,True,7.127545595169067,True,True
458,p0458,"In radioactive beta-plus decay, a proton in the nucleus converts to a neutron and emits a positively charged particle with the same mass as an electron. What is this particle? Answer:","In radioactive beta-plus decay, a proton in the nucleus converts to a neutron an",AUX,auxiliary,?,,,,,,,,positron,electron,,,,,,,,False,False,False,False,False,True,,True,7.247725605964661,True,True
459,p0459,"In pair production, a gamma ray creates an electron and its antimatter equivalent near a nucleus. What is this antimatter equivalent? Answer:","In pair production, a gamma ray creates an electron and its antimatter equivalen",AUX,auxiliary,?,,,,,,,,positron,electron,,,,,,,,False,False,False,False,False,True,,True,3.436631679534912,True,True
460,p0460,"In beta-plus radioactive decay, a proton in the nucleus emits an antiparticle of the electron. What is this antiparticle? Answer:","In beta-plus radioactive decay, a proton in the nucleus emits an antiparticle of",AUX,auxiliary,?,,,,,,,,positron,electron,,,,,,,,False,False,False,False,False,True,,True,5.956425666809082,True,True
461,p0461,"When electron-positron annihilation occurs in PET imaging, an electron and a specific antimatter particle collide. What antimatter particle is involved? Answer:","When electron-positron annihilation occurs in PET imaging, an electron and a spe",AUX,auxiliary,?,,,,,,,,positron,electron,,,,,,,,False,False,False,False,False,True,,True,3.9016114473342896,True,True
462,p0462,"In inverse pair production (pair annihilation), an electron and its antiparticle collide and produce two photons. What is the electron's antiparticle? Answer:","In inverse pair production (pair annihilation), an electron and its antiparticle",AUX,auxiliary,?,,,,,,,,positron,electron,,,,,,,,False,False,False,False,False,True,,True,5.441197156906128,True,True
463,p0463,"Unlike the electron which has negative charge, which antimatter particle has positive charge but the same mass as an electron? Answer:","Unlike the electron which has negative charge, which antimatter particle has pos",AUX,auxiliary,?,,,,,,,,positron,electron,,,,,,,,False,False,False,False,False,True,,True,10.077487468719482,True,True
464,p0464,"Unlike the proton (a baryon with charge +1 but much greater mass), which lighter antimatter particle shares the electron's mass but has positive charge? Answer:","Unlike the proton (a baryon with charge +1 but much greater mass), which lighter",AUX,auxiliary,?,,,,,,,,positron,electron,,,,,,,,False,False,False,False,False,True,,True,5.977831840515137,True,True
465,p0465,"Unlike the muon (which is a second-generation lepton with greater mass), which first-generation antimatter particle has the same mass as an electron but opposite charge? Answer:","Unlike the muon (which is a second-generation lepton with greater mass), which f",AUX,auxiliary,?,,,,,,,,positron,electron,,,,,,,,False,False,False,False,False,True,,True,4.419166564941406,True,True
466,p0466,"Unlike the neutron (which has no charge), which antimatter particle has positive charge and is the antiparticle of the electron? Answer:","Unlike the neutron (which has no charge), which antimatter particle has positive",AUX,auxiliary,?,,,,,,,,positron,electron,,,,,,,,False,False,False,False,False,True,,True,9.4646714925766,True,True
467,p0467,Which particle is often called a heavy electron because it has the same charge but much greater mass? Answer:,Which particle is often called a heavy electron because it has the same charge b,AUX,auxiliary,?,,,,,,,,muon,electron,,,,,,,,False,False,False,False,False,True,,True,4.167135238647461,True,True
468,p0468,Which second-generation lepton has the same charge as an electron but is about 207 times heavier? Answer:,Which second-generation lepton has the same charge as an electron but is about 2,AUX,auxiliary,?,,,,,,,,muon,electron,,,,,,,,False,False,False,False,False,True,,True,3.0820319652557373,True,True
469,p0469,Which unstable lepton is produced abundantly in cosmic ray showers in Earth's atmosphere? Answer:,Which unstable lepton is produced abundantly in cosmic ray showers in Earth's at,AUX,auxiliary,?,,,,,,,,muon,electron,,,,,,,,False,False,False,False,False,True,,True,4.885159492492676,True,True
470,p0470,Which negatively charged lepton decays into an electron and two neutrinos with a lifetime of about 2.2 microseconds? Answer:,Which negatively charged lepton decays into an electron and two neutrinos with a,AUX,auxiliary,?,,,,,,,,muon,electron,,,,,,,,False,False,False,False,False,True,,True,4.108387231826782,True,True
471,p0471,"In particle physics, the second-generation charged lepton has the same charge as an electron but is approximately 207 times more massive and decays in about 2.2 µs. What is this particle? Answer:","In particle physics, the second-generation charged lepton has the same charge as",AUX,auxiliary,?,,,,,,,,muon,electron,,,,,,,,False,False,False,False,False,True,,True,5.20042622089386,True,True
472,p0472,Cosmic rays produce a particle in the upper atmosphere that penetrates deep into the Earth due to its mass and relativistic time dilation. It has the same charge as an electron but far greater mass. What is this particle? Answer:,Cosmic rays produce a particle in the upper atmosphere that penetrates deep into,AUX,auxiliary,?,,,,,,,,muon,electron,,,,,,,,False,False,False,False,False,True,,True,9.54306983947754,True,True
473,p0473,The lepton family has three generations of charged particles; the second-generation charged lepton is heavier than the electron but lighter than the tau. What is it? Answer:,The lepton family has three generations of charged particles; the second-generat,AUX,auxiliary,?,,,,,,,,muon,electron,,,,,,,,False,False,False,False,False,True,,True,4.987678527832031,True,True
474,p0474,"Time dilation was experimentally confirmed by measuring the survival rate of short-lived, negatively charged leptons produced by cosmic rays at high altitude. What particles were measured? Answer:",Time dilation was experimentally confirmed by measuring the survival rate of sho,AUX,auxiliary,?,,,,,,,,muon,electron,,,,,,,,False,False,False,False,False,True,,True,5.010085582733154,True,True
475,p0475,Muon spin resonance spectroscopy uses the precession of a negatively charged second-generation lepton in a magnetic field to probe material properties. What lepton is used? Answer:,Muon spin resonance spectroscopy uses the precession of a negatively charged sec,AUX,auxiliary,?,,,,,,,,muon,electron,,,,,,,,False,False,False,False,False,True,,True,5.534617424011231,True,True
476,p0476,"In the g-2 experiment at Fermilab, the anomalous magnetic moment of a heavy negatively charged lepton is measured with extreme precision. What lepton is studied? Answer:","In the g-2 experiment at Fermilab, the anomalous magnetic moment of a heavy nega",AUX,auxiliary,?,,,,,,,,muon,electron,,,,,,,,False,False,False,False,False,True,,True,3.0294029712677,True,True
477,p0477,"In muon tomography, naturally occurring second-generation negatively charged leptons from cosmic rays are used to image the interior of volcanoes and pyramids. What particles are used? Answer:","In muon tomography, naturally occurring second-generation negatively charged lep",AUX,auxiliary,?,,,,,,,,muon,electron,,,,,,,,False,False,False,False,False,True,,True,8.898853778839111,True,True
478,p0478,"In the Standard Model's lepton sector, there are three charged leptons; the middle one (second generation) is about 207 times heavier than the lightest. What is it? Answer:","In the Standard Model's lepton sector, there are three charged leptons; the midd",AUX,auxiliary,?,,,,,,,,muon,electron,,,,,,,,False,False,False,False,False,True,,True,0.2187283039093017,True,False
479,p0479,"In the decay of a charged pion, a second-generation negatively charged lepton is produced alongside a neutrino. What is this lepton? Answer:","In the decay of a charged pion, a second-generation negatively charged lepton is",AUX,auxiliary,?,,,,,,,,muon,electron,,,,,,,,False,False,False,False,False,True,,True,3.725119471549988,True,True
480,p0480,"In pion decay chains, the pion decays to a heavy negative lepton, which then itself decays to an electron and two neutrinos. What is the heavy negative lepton? Answer:","In pion decay chains, the pion decays to a heavy negative lepton, which then its",AUX,auxiliary,?,,,,,,,,muon,electron,,,,,,,,False,False,False,False,False,True,,True,4.609230101108551,True,True
481,p0481,"In cosmic ray air showers, primary protons interact with atmospheric nuclei to produce pions, which then decay to heavy negatively charged leptons. What are these leptons? Answer:","In cosmic ray air showers, primary protons interact with atmospheric nuclei to p",AUX,auxiliary,?,,,,,,,,muon,electron,,,,,,,,False,False,False,False,False,True,,True,1.8057541847229004,True,True
482,p0482,"In neutrino detection experiments, muon neutrinos interact with matter and produce a charged second-generation lepton as evidence of the interaction. What charged lepton is produced? Answer:","In neutrino detection experiments, muon neutrinos interact with matter and produ",AUX,auxiliary,?,,,,,,,,muon,electron,,,,,,,,False,False,False,False,False,True,,True,7.2327704429626465,True,True
483,p0483,"Unlike the electron, which heavier lepton of the same charge is produced in cosmic ray showers and has mass about 207 times greater? Answer:","Unlike the electron, which heavier lepton of the same charge is produced in cosm",AUX,auxiliary,?,,,,,,,,muon,electron,,,,,,,,False,False,False,False,False,True,,True,7.373732089996338,True,True
484,p0484,"Unlike the electron (which is stable), which heavier, negatively charged second-generation lepton decays in about 2.2 microseconds? Answer:","Unlike the electron (which is stable), which heavier, negatively charged second-",AUX,auxiliary,?,,,,,,,,muon,electron,,,,,,,,False,False,False,False,False,True,,True,4.375572919845581,True,True
485,p0485,"Unlike the tau lepton (the heaviest charged lepton), which intermediate-mass negatively charged lepton is the second-generation charged lepton? Answer:","Unlike the tau lepton (the heaviest charged lepton), which intermediate-mass neg",AUX,auxiliary,?,,,,,,,,muon,electron,,,,,,,,False,False,False,False,False,True,,True,1.4946630001068115,True,True
486,p0486,"Unlike the electron (stable and lightest charged lepton), which unstable negatively charged lepton is 207 times more massive? Answer:","Unlike the electron (stable and lightest charged lepton), which unstable negativ",AUX,auxiliary,?,,,,,,,,muon,electron,,,,,,,,False,False,False,False,False,True,,True,6.680357456207275,True,True
