cluster_id,prompt_idx,prompt_id,cluster_mean_effect,cluster_mean_abs_effect,positive_agreement,negative_agreement,topk_support_count,topk_support_fraction,level,group_id,cue_label,relation_type,latent_state_target,correct_answer,is_anchor,is_kw_variant,is_auxiliary,inference_steps,difficulty
0,0,p0000,-0.0125,0.0125,0.0,0.2,0.0,0.0,AUX,?,,,,electron,False,False,False,,
0,1,p0001,0.2312,0.2312,1.0,0.0,0.0,0.0,AUX,?,,,,electron,False,False,False,,
0,2,p0002,0.5875,0.5875,1.0,0.0,0.0,0.0,AUX,?,,,,neutron,False,False,False,,
0,3,p0003,-1.0375,1.0375,0.0,1.0,0.0,0.0,AUX,?,,,,neutron,False,False,False,,
0,4,p0004,-0.1375,0.1375,0.0,1.0,0.0,0.0,AUX,?,,,,neutron,False,False,False,,
0,5,p0005,-1.1438,1.1438,0.0,1.0,0.0,0.0,AUX,?,,,,photon,False,False,False,,
0,6,p0006,-2.1625,2.1625,0.0,1.0,0.0,0.0,AUX,?,,,,neutron,False,False,False,,
0,7,p0007,-1.5688,1.5688,0.0,1.0,0.0,0.0,AUX,?,,,,electron,False,False,False,,
0,8,p0008,0.475,0.475,1.0,0.0,0.0,0.0,AUX,?,,,,proton,False,False,False,,
0,9,p0009,0.125,0.125,1.0,0.0,0.0,0.0,AUX,?,,,,proton,False,False,False,,
0,10,p0010,-1.225,1.225,0.0,1.0,0.0,0.0,AUX,?,,,,proton,False,False,False,,
0,11,p0011,-1.825,1.825,0.0,1.0,0.0,0.0,AUX,?,,,,photon,False,False,False,,
0,12,p0012,-1.2625,1.2625,0.0,1.0,0.0,0.0,AUX,?,,,,neutron,False,False,False,,
0,13,p0013,-0.4875,0.4875,0.0,1.0,0.0,0.0,AUX,?,,,,neutron,False,False,False,,
0,14,p0014,-2.175,2.175,0.0,1.0,0.0,0.0,AUX,?,,,,neutron,False,False,False,,
0,15,p0015,-1.9719,1.9719,0.0,1.0,0.0,0.0,AUX,?,,,,neutron,False,False,False,,
0,16,p0016,-3.425,3.425,0.0,1.0,0.0,0.0,AUX,?,,,,photon,False,False,False,,
0,17,p0017,-2.05,2.05,0.0,1.0,0.0,0.0,AUX,?,,,,photon,False,False,False,,
0,18,p0018,0.9,0.9,1.0,0.0,0.0,0.0,AUX,?,,,,neutron,False,False,False,,
0,19,p0019,-0.1812,0.1812,0.0,1.0,0.0,0.0,AUX,?,,,,proton,False,False,False,,
0,20,p0020,-1.45,1.45,0.0,1.0,0.0,0.0,AUX,?,,,,photon,False,False,False,,
0,21,p0021,-0.65,0.65,0.0,1.0,0.0,0.0,AUX,?,,,,electron,False,False,False,,
0,22,p0022,-1.225,1.225,0.0,1.0,0.0,0.0,AUX,?,,,,proton,False,False,False,,
0,23,p0023,0.5406,0.5406,1.0,0.0,0.0,0.0,AUX,?,,,,proton,False,False,False,,
0,24,p0024,-0.4688,0.4688,0.0,1.0,0.0,0.0,AUX,?,,,,electron,False,False,False,,
0,25,p0025,-4.7688,4.7688,0.0,1.0,5.0,1.0,AUX,?,,,,photon,False,False,False,,
0,26,p0026,-0.4312,0.4312,0.0,1.0,0.0,0.0,AUX,?,,,,proton,False,False,False,,
0,27,p0027,-1.8625,1.8625,0.0,1.0,0.0,0.0,AUX,?,,,,proton,False,False,False,,
0,28,p0028,-1.7938,1.7938,0.0,1.0,0.0,0.0,AUX,?,,,,photon,False,False,False,,
0,29,p0029,-0.3938,0.3938,0.0,1.0,0.0,0.0,AUX,?,,,,electron,False,False,False,,
0,30,p0030,-1.0688,1.0688,0.0,1.0,0.0,0.0,AUX,?,,,,proton,False,False,False,,
0,31,p0031,-1.2062,1.2062,0.0,1.0,0.0,0.0,AUX,?,,,,electron,False,False,False,,
0,32,p0032,-1.2031,1.2031,0.0,1.0,0.0,0.0,AUX,?,,,,electron,False,False,False,,
0,33,p0033,-1.9312,1.9312,0.0,1.0,0.0,0.0,AUX,?,,,,proton,False,False,False,,
0,34,p0034,-2.875,2.875,0.0,1.0,0.0,0.0,AUX,?,,,,photon,False,False,False,,
0,35,p0035,-0.5625,0.5625,0.0,1.0,0.0,0.0,AUX,?,,,,photon,False,False,False,,
0,36,p0036,-1.8688,1.8688,0.0,1.0,0.0,0.0,AUX,?,,,,neutron,False,False,False,,
0,37,p0037,-1.4938,1.4938,0.0,1.0,0.0,0.0,AUX,?,,,,neutron,False,False,False,,
0,38,p0038,-0.125,0.125,0.0,1.0,0.0,0.0,AUX,?,,,,neutron,False,False,False,,
0,39,p0039,-0.2562,0.2562,0.0,1.0,0.0,0.0,AUX,?,,,,proton,False,False,False,,
0,40,p0040,-1.7594,1.7594,0.0,1.0,0.0,0.0,AUX,?,,,,proton,False,False,False,,
0,41,p0041,-0.775,0.775,0.0,1.0,0.0,0.0,AUX,?,,,,electron,False,False,False,,
0,42,p0042,-1.3125,1.3125,0.0,1.0,0.0,0.0,AUX,?,,,,electron,False,False,False,,
0,43,p0043,-0.7625,0.7625,0.0,1.0,0.0,0.0,AUX,?,,,,photon,False,False,False,,
0,44,p0044,-0.3875,0.3875,0.0,1.0,0.0,0.0,AUX,?,,,,neutron,False,False,False,,
0,45,p0045,-0.8312,0.8312,0.0,1.0,0.0,0.0,AUX,?,,,,neutron,False,False,False,,
0,46,p0046,0.825,0.825,1.0,0.0,0.0,0.0,AUX,?,,,,neutron,False,False,False,,
0,47,p0047,0.0062,0.1312,0.6,0.4,0.0,0.0,AUX,?,,,,photon,False,False,False,,
0,48,p0048,-1.4062,1.4062,0.0,1.0,0.0,0.0,AUX,?,,,,electron,False,False,False,,
0,49,p0049,-0.1188,0.1438,0.2,0.8,0.0,0.0,AUX,?,,,,photon,False,False,False,,
0,50,p0050,0.7875,0.7875,1.0,0.0,0.0,0.0,AUX,?,,,,neutron,False,False,False,,
0,51,p0051,-1.0812,1.0812,0.0,1.0,0.0,0.0,AUX,?,,,,proton,False,False,False,,
0,52,p0052,-0.5062,0.5062,0.0,1.0,0.0,0.0,AUX,?,,,,neutron,False,False,False,,
0,53,p0053,-1.1688,1.1688,0.0,1.0,0.0,0.0,AUX,?,,,,photon,False,False,False,,
0,54,p0054,-0.2125,0.2125,0.0,1.0,0.0,0.0,AUX,?,,,,electron,False,False,False,,
0,55,p0055,-0.4125,0.4125,0.0,1.0,0.0,0.0,AUX,?,,,,electron,False,False,False,,
0,56,p0056,-0.2375,0.2375,0.0,1.0,0.0,0.0,AUX,?,,,,neutron,False,False,False,,
0,57,p0057,-1.7188,1.7188,0.0,1.0,0.0,0.0,AUX,?,,,,neutron,False,False,False,,
0,58,p0058,-1.1938,1.1938,0.0,1.0,0.0,0.0,AUX,?,,,,photon,False,False,False,,
0,59,p0059,-0.0625,0.125,0.4,0.6,0.0,0.0,AUX,?,,,,photon,False,False,False,,
0,60,p0060,-0.2812,0.2812,0.0,1.0,0.0,0.0,AUX,?,,,,proton,False,False,False,,
0,61,p0061,-1.3938,1.3938,0.0,1.0,0.0,0.0,AUX,?,,,,neutron,False,False,False,,
0,62,p0062,0.2438,0.2438,1.0,0.0,0.0,0.0,AUX,?,,,,photon,False,False,False,,
0,63,p0063,-1.8375,1.8375,0.0,1.0,0.0,0.0,AUX,?,,,,photon,False,False,False,,
0,64,p0064,0.425,0.425,1.0,0.0,0.0,0.0,AUX,?,,,,proton,False,False,False,,
0,65,p0065,-0.0938,0.0938,0.0,0.8,0.0,0.0,AUX,?,,,,photon,False,False,False,,
0,66,p0066,-1.2062,1.2062,0.0,1.0,0.0,0.0,AUX,?,,,,proton,False,False,False,,
0,67,p0067,-1.7875,1.7875,0.0,1.0,0.0,0.0,AUX,?,,,,photon,False,False,False,,
0,68,p0068,-1.2375,1.2375,0.0,1.0,0.0,0.0,AUX,?,,,,neutron,False,False,False,,
0,69,p0069,-0.45,0.45,0.0,1.0,0.0,0.0,AUX,?,,,,photon,False,False,False,,
0,70,p0070,-0.9469,0.9469,0.0,1.0,0.0,0.0,AUX,?,,,,proton,False,False,False,,
0,71,p0071,0.0438,0.0438,0.8,0.0,0.0,0.0,AUX,?,,,,proton,False,False,False,,
0,72,p0072,0.625,0.625,1.0,0.0,0.0,0.0,AUX,?,,,,electron,False,False,False,,
0,73,p0073,-0.4688,0.4688,0.0,1.0,0.0,0.0,AUX,?,,,,neutron,False,False,False,,
0,74,p0074,-0.425,0.425,0.0,1.0,0.0,0.0,AUX,?,,,,proton,False,False,False,,
0,75,p0075,-5.2188,5.2188,0.0,1.0,5.0,1.0,AUX,?,,,,photon,False,False,False,,
0,76,p0076,-1.425,1.425,0.0,1.0,0.0,0.0,AUX,?,,,,neutron,False,False,False,,
0,77,p0077,-0.0875,0.0875,0.0,1.0,0.0,0.0,AUX,?,,,,photon,False,False,False,,
0,78,p0078,-0.5812,0.5812,0.0,1.0,0.0,0.0,AUX,?,,,,photon,False,False,False,,
0,79,p0079,-1.9938,1.9938,0.0,1.0,0.0,0.0,AUX,?,,,,photon,False,False,False,,
0,80,p0080,0.575,0.575,1.0,0.0,0.0,0.0,AUX,?,,,,neutron,False,False,False,,
0,81,p0081,1.3,1.3,1.0,0.0,0.0,0.0,AUX,?,,,,neutron,False,False,False,,
0,82,p0082,-0.95,0.95,0.0,1.0,0.0,0.0,AUX,?,,,,photon,False,False,False,,
0,83,p0083,-0.025,0.025,0.0,0.2,0.0,0.0,AUX,?,,,,neutron,False,False,False,,
0,84,p0084,-0.8125,0.8125,0.0,1.0,0.0,0.0,AUX,?,,,,electron,False,False,False,,
0,85,p0085,-2.325,2.325,0.0,1.0,0.0,0.0,AUX,?,,,,proton,False,False,False,,
0,86,p0086,-0.3875,0.3875,0.0,1.0,0.0,0.0,AUX,?,,,,neutron,False,False,False,,
0,87,p0087,-0.2562,0.2562,0.0,1.0,0.0,0.0,AUX,?,,,,neutron,False,False,False,,
0,88,p0088,0.025,0.05,0.6,0.2,0.0,0.0,AUX,?,,,,neutron,False,False,False,,
0,89,p0089,0.475,0.475,1.0,0.0,0.0,0.0,AUX,?,,,,proton,False,False,False,,
0,90,p0090,-3.2688,3.2688,0.0,1.0,0.0,0.0,AUX,?,,,,neutron,False,False,False,,
0,91,p0091,-0.4875,0.4875,0.0,1.0,0.0,0.0,AUX,?,,,,photon,False,False,False,,
0,92,p0092,-1.1375,1.1375,0.0,1.0,0.0,0.0,AUX,?,,,,photon,False,False,False,,
0,93,p0093,-0.5,0.5,0.0,1.0,0.0,0.0,AUX,?,,,,neutron,False,False,False,,
0,94,p0094,-1.2375,1.2375,0.0,1.0,0.0,0.0,AUX,?,,,,electron,False,False,False,,
0,95,p0095,0.125,0.125,1.0,0.0,0.0,0.0,AUX,?,,,,neutron,False,False,False,,
0,96,p0096,-1.4062,1.4062,0.0,1.0,0.0,0.0,AUX,?,,,,photon,False,False,False,,
0,97,p0097,-2.5688,2.5688,0.0,1.0,0.0,0.0,AUX,?,,,,neutron,False,False,False,,
0,98,p0098,-1.8562,1.8562,0.0,1.0,0.0,0.0,AUX,?,,,,electron,False,False,False,,
0,99,p0099,-1.3062,1.3062,0.0,1.0,0.0,0.0,AUX,?,,,,neutron,False,False,False,,
0,100,p0100,-0.5438,0.5438,0.0,1.0,0.0,0.0,AUX,?,,,,proton,False,False,False,,
0,101,p0101,0.0812,0.0812,1.0,0.0,0.0,0.0,AUX,?,,,,proton,False,False,False,,
0,102,p0102,0.175,0.175,1.0,0.0,0.0,0.0,AUX,?,,,,neutron,False,False,False,,
0,103,p0103,-0.8438,0.8438,0.0,1.0,0.0,0.0,AUX,?,,,,proton,False,False,False,,
0,104,p0104,0.5375,0.5375,1.0,0.0,0.0,0.0,AUX,?,,,,electron,False,False,False,,
0,105,p0105,-1.1125,1.1125,0.0,1.0,0.0,0.0,AUX,?,,,,neutron,False,False,False,,
0,106,p0106,-0.7875,0.7875,0.0,1.0,0.0,0.0,AUX,?,,,,neutron,False,False,False,,
0,107,p0107,-1.0312,1.0312,0.0,1.0,0.0,0.0,AUX,?,,,,electron,False,False,False,,
0,108,p0108,-1.6312,1.6312,0.0,1.0,0.0,0.0,AUX,?,,,,neutron,False,False,False,,
0,109,p0109,-1.725,1.725,0.0,1.0,0.0,0.0,AUX,?,,,,photon,False,False,False,,
0,110,p0110,-1.1312,1.1312,0.0,1.0,0.0,0.0,AUX,?,,,,neutron,False,False,False,,
0,111,p0111,0.3688,0.3688,1.0,0.0,0.0,0.0,AUX,?,,,,electron,False,False,False,,
0,112,p0112,0.5,0.5,1.0,0.0,0.0,0.0,AUX,?,,,,electron,False,False,False,,
0,113,p0113,-0.65,0.65,0.0,1.0,0.0,0.0,AUX,?,,,,neutron,False,False,False,,
0,114,p0114,0.9375,0.9375,1.0,0.0,0.0,0.0,AUX,?,,,,neutron,False,False,False,,
0,115,p0115,-0.8062,0.8062,0.0,1.0,0.0,0.0,AUX,?,,,,photon,False,False,False,,
0,116,p0116,-0.2625,0.2625,0.0,1.0,0.0,0.0,AUX,?,,,,electron,False,False,False,,
0,117,p0117,-0.9,0.9,0.0,1.0,0.0,0.0,AUX,?,,,,electron,False,False,False,,
0,118,p0118,0.0125,0.0375,0.4,0.2,0.0,0.0,AUX,?,,,,electron,False,False,False,,
0,119,p0119,-0.3562,0.3562,0.0,1.0,0.0,0.0,AUX,?,,,,neutron,False,False,False,,
0,120,p0120,-0.375,0.375,0.0,1.0,0.0,0.0,AUX,?,,,,neutron,False,False,False,,
0,121,p0121,-1.5062,1.5062,0.0,1.0,0.0,0.0,AUX,?,,,,neutron,False,False,False,,
0,122,p0122,-0.6375,0.6375,0.0,1.0,0.0,0.0,AUX,?,,,,photon,False,False,False,,
0,123,p0123,-3.4312,3.4312,0.0,1.0,0.0,0.0,AUX,?,,,,photon,False,False,False,,
0,124,p0124,-0.2125,0.2125,0.0,1.0,0.0,0.0,AUX,?,,,,neutron,False,False,False,,
0,125,p0125,0.0,0.075,0.4,0.6,0.0,0.0,AUX,?,,,,neutron,False,False,False,,
0,126,p0126,-0.45,0.45,0.0,1.0,0.0,0.0,AUX,?,,,,electron,False,False,False,,
0,127,p0127,-2.05,2.05,0.0,1.0,0.0,0.0,AUX,?,,,,photon,False,False,False,,
0,128,p0128,-0.15,0.15,0.0,1.0,0.0,0.0,AUX,?,,,,photon,False,False,False,,
0,129,p0129,0.2875,0.2875,1.0,0.0,0.0,0.0,AUX,?,,,,electron,False,False,False,,
0,130,p0130,-0.8625,0.8625,0.0,1.0,0.0,0.0,AUX,?,,,,photon,False,False,False,,
0,131,p0131,-0.5375,0.5375,0.0,1.0,0.0,0.0,AUX,?,,,,neutron,False,False,False,,
0,132,p0132,-1.675,1.675,0.0,1.0,0.0,0.0,AUX,?,,,,photon,False,False,False,,
0,133,p0133,-1.8562,1.8562,0.0,1.0,0.0,0.0,AUX,?,,,,neutron,False,False,False,,
0,134,p0134,-2.65,2.65,0.0,1.0,0.0,0.0,AUX,?,,,,neutron,False,False,False,,
0,135,p0135,-0.9812,0.9812,0.0,1.0,0.0,0.0,AUX,?,,,,proton,False,False,False,,
0,136,p0136,0.5125,0.5125,1.0,0.0,0.0,0.0,AUX,?,,,,neutron,False,False,False,,
0,137,p0137,-0.9125,0.9125,0.0,1.0,0.0,0.0,AUX,?,,,,proton,False,False,False,,
0,138,p0138,-1.75,1.75,0.0,1.0,0.0,0.0,AUX,?,,,,neutron,False,False,False,,
0,139,p0139,-1.7625,1.7625,0.0,1.0,0.0,0.0,AUX,?,,,,electron,False,False,False,,
0,140,p0140,-0.5,0.5,0.0,1.0,0.0,0.0,AUX,?,,,,electron,False,False,False,,
0,141,p0141,4.1719,4.1719,1.0,0.0,0.0,0.0,AUX,?,,,,electron,False,False,False,,
0,142,p0142,-0.7062,0.7062,0.0,1.0,0.0,0.0,AUX,?,,,,neutron,False,False,False,,
0,143,p0143,-0.95,0.95,0.0,1.0,0.0,0.0,AUX,?,,,,electron,False,False,False,,
0,144,p0144,-0.1062,0.1062,0.0,1.0,0.0,0.0,AUX,?,,,,proton,False,False,False,,
0,145,p0145,-6.5188,6.5188,0.0,1.0,5.0,1.0,AUX,?,,,,photon,False,False,False,,
0,146,p0146,0.3219,0.3219,1.0,0.0,0.0,0.0,AUX,?,,,,neutron,False,False,False,,
0,147,p0147,-1.5875,1.5875,0.0,1.0,0.0,0.0,AUX,?,,,,photon,False,False,False,,
0,148,p0148,-0.6562,0.6562,0.0,1.0,0.0,0.0,AUX,?,,,,photon,False,False,False,,
0,149,p0149,-0.15,0.15,0.0,1.0,0.0,0.0,AUX,?,,,,electron,False,False,False,,
0,150,p0150,-1.025,1.025,0.0,1.0,0.0,0.0,AUX,?,,,,proton,False,False,False,,
0,151,p0151,0.2875,0.2875,1.0,0.0,0.0,0.0,AUX,?,,,,photon,False,False,False,,
0,152,p0152,0.0438,0.0562,0.8,0.2,0.0,0.0,AUX,?,,,,proton,False,False,False,,
0,153,p0153,-2.0219,2.0219,0.0,1.0,0.0,0.0,AUX,?,,,,neutron,False,False,False,,
0,154,p0154,-1.0625,1.0625,0.0,1.0,0.0,0.0,AUX,?,,,,neutron,False,False,False,,
0,155,p0155,-1.2812,1.2812,0.0,1.0,0.0,0.0,AUX,?,,,,neutron,False,False,False,,
0,156,p0156,0.0625,0.0625,0.8,0.0,0.0,0.0,AUX,?,,,,neutron,False,False,False,,
0,157,p0157,-0.8375,0.8375,0.0,1.0,0.0,0.0,AUX,?,,,,neutron,False,False,False,,
0,158,p0158,0.2,0.2,1.0,0.0,0.0,0.0,AUX,?,,,,neutron,False,False,False,,
0,159,p0159,-0.4438,0.4438,0.0,1.0,0.0,0.0,AUX,?,,,,photon,False,False,False,,
0,160,p0160,-3.1312,3.1312,0.0,1.0,0.0,0.0,AUX,?,,,,electron,False,False,False,,
0,161,p0161,-1.3375,1.3375,0.0,1.0,0.0,0.0,AUX,?,,,,photon,False,False,False,,
0,162,p0162,-1.5375,1.5375,0.0,1.0,0.0,0.0,AUX,?,,,,photon,False,False,False,,
0,163,p0163,-0.3625,0.3625,0.0,1.0,0.0,0.0,AUX,?,,,,photon,False,False,False,,
0,164,p0164,-1.225,1.225,0.0,1.0,0.0,0.0,AUX,?,,,,neutron,False,False,False,,
0,165,p0165,-1.1,1.1,0.0,1.0,0.0,0.0,AUX,?,,,,photon,False,False,False,,
0,166,p0166,-2.2375,2.2375,0.0,1.0,0.0,0.0,AUX,?,,,,neutron,False,False,False,,
0,167,p0167,-4.9375,4.9375,0.0,1.0,5.0,1.0,AUX,?,,,,photon,False,False,False,,
0,168,p0168,0.025,0.075,0.4,0.4,0.0,0.0,AUX,?,,,,proton,False,False,False,,
0,169,p0169,-0.225,0.225,0.0,1.0,0.0,0.0,AUX,?,,,,electron,False,False,False,,
0,170,p0170,-0.575,0.575,0.0,1.0,0.0,0.0,AUX,?,,,,neutron,False,False,False,,
0,171,p0171,0.0375,0.0375,0.4,0.0,0.0,0.0,AUX,?,,,,proton,False,False,False,,
0,172,p0172,0.4125,0.4125,1.0,0.0,0.0,0.0,AUX,?,,,,neutron,False,False,False,,
0,173,p0173,-2.4688,2.4688,0.0,1.0,0.0,0.0,AUX,?,,,,photon,False,False,False,,
0,174,p0174,0.025,0.05,0.4,0.2,0.0,0.0,AUX,?,,,,neutron,False,False,False,,
0,175,p0175,-0.6125,0.6125,0.0,1.0,0.0,0.0,AUX,?,,,,neutron,False,False,False,,
0,176,p0176,-3.05,3.05,0.0,1.0,0.0,0.0,AUX,?,,,,photon,False,False,False,,
0,177,p0177,0.8,0.8,1.0,0.0,0.0,0.0,AUX,?,,,,photon,False,False,False,,
0,178,p0178,-2.0688,2.0688,0.0,1.0,0.0,0.0,AUX,?,,,,neutron,False,False,False,,
0,179,p0179,-0.4312,0.4312,0.0,1.0,0.0,0.0,AUX,?,,,,photon,False,False,False,,
0,180,p0180,-2.4938,2.4938,0.0,1.0,0.0,0.0,AUX,?,,,,photon,False,False,False,,
0,181,p0181,-0.775,0.775,0.0,1.0,0.0,0.0,AUX,?,,,,electron,False,False,False,,
0,182,p0182,-0.1,0.1,0.0,0.8,0.0,0.0,AUX,?,,,,neutron,False,False,False,,
0,183,p0183,0.4812,0.4812,1.0,0.0,0.0,0.0,AUX,?,,,,proton,False,False,False,,
0,184,p0184,0.2125,0.2125,1.0,0.0,0.0,0.0,AUX,?,,,,neutron,False,False,False,,
0,185,p0185,-0.3812,0.3812,0.0,1.0,0.0,0.0,AUX,?,,,,electron,False,False,False,,
0,186,p0186,-2.525,2.525,0.0,1.0,0.0,0.0,AUX,?,,,,photon,False,False,False,,
0,187,p0187,-0.6812,0.6812,0.0,1.0,0.0,0.0,AUX,?,,,,neutron,False,False,False,,
0,188,p0188,-1.7875,1.7875,0.0,1.0,0.0,0.0,AUX,?,,,,photon,False,False,False,,
0,189,p0189,-1.5688,1.5688,0.0,1.0,0.0,0.0,AUX,?,,,,photon,False,False,False,,
0,190,p0190,-1.3438,1.3438,0.0,1.0,0.0,0.0,AUX,?,,,,neutron,False,False,False,,
0,191,p0191,0.0375,0.0625,0.6,0.4,0.0,0.0,AUX,?,,,,photon,False,False,False,,
0,192,p0192,-0.65,0.65,0.0,1.0,0.0,0.0,AUX,?,,,,proton,False,False,False,,
0,193,p0193,-0.8688,0.8688,0.0,1.0,0.0,0.0,AUX,?,,,,photon,False,False,False,,
0,194,p0194,-0.6562,0.6562,0.0,1.0,0.0,0.0,AUX,?,,,,proton,False,False,False,,
0,195,p0195,-0.6625,0.6625,0.0,1.0,0.0,0.0,AUX,?,,,,photon,False,False,False,,
0,196,p0196,-1.0875,1.0875,0.0,1.0,0.0,0.0,AUX,?,,,,neutron,False,False,False,,
0,197,p0197,-1.25,1.25,0.0,1.0,0.0,0.0,AUX,?,,,,neutron,False,False,False,,
0,198,p0198,-1.7375,1.7375,0.0,1.0,0.0,0.0,AUX,?,,,,photon,False,False,False,,
0,199,p0199,-0.1312,0.1312,0.0,0.8,0.0,0.0,AUX,?,,,,electron,False,False,False,,
0,200,p0200,0.6438,0.6438,1.0,0.0,0.0,0.0,AUX,?,,,,proton,False,False,False,,
0,201,p0201,-0.8875,0.8875,0.0,1.0,0.0,0.0,AUX,?,,,,photon,False,False,False,,
0,202,p0202,-2.4844,2.4844,0.0,1.0,0.0,0.0,AUX,?,,,,neutron,False,False,False,,
0,203,p0203,-0.775,0.775,0.0,1.0,0.0,0.0,AUX,?,,,,electron,False,False,False,,
0,204,p0204,-0.3,0.3,0.0,1.0,0.0,0.0,AUX,?,,,,proton,False,False,False,,
0,205,p0205,-0.8875,0.8875,0.0,1.0,0.0,0.0,AUX,?,,,,proton,False,False,False,,
0,206,p0206,-0.425,0.425,0.0,1.0,0.0,0.0,AUX,?,,,,proton,False,False,False,,
0,207,p0207,-0.625,0.625,0.0,1.0,0.0,0.0,AUX,?,,,,neutron,False,False,False,,
0,208,p0208,-0.9188,0.9188,0.0,1.0,0.0,0.0,AUX,?,,,,photon,False,False,False,,
0,209,p0209,-0.2,0.2,0.0,1.0,0.0,0.0,AUX,?,,,,neutron,False,False,False,,
0,210,p0210,-0.6438,0.6438,0.0,1.0,0.0,0.0,AUX,?,,,,neutron,False,False,False,,
0,211,p0211,-0.5938,0.5938,0.0,1.0,0.0,0.0,AUX,?,,,,proton,False,False,False,,
0,212,p0212,-2.9312,2.9312,0.0,1.0,0.0,0.0,AUX,?,,,,photon,False,False,False,,
0,213,p0213,-3.55,3.55,0.0,1.0,0.0,0.0,AUX,?,,,,photon,False,False,False,,
0,214,p0214,-0.2812,0.2812,0.0,1.0,0.0,0.0,AUX,?,,,,electron,False,False,False,,
0,215,p0215,-0.6438,0.6438,0.0,1.0,0.0,0.0,AUX,?,,,,proton,False,False,False,,
0,216,p0216,-0.6625,0.6625,0.0,1.0,0.0,0.0,AUX,?,,,,neutron,False,False,False,,
0,217,p0217,-0.1125,0.1125,0.0,1.0,0.0,0.0,AUX,?,,,,neutron,False,False,False,,
0,218,p0218,-1.1938,1.1938,0.0,1.0,0.0,0.0,AUX,?,,,,electron,False,False,False,,
0,219,p0219,-0.625,0.625,0.0,1.0,0.0,0.0,AUX,?,,,,electron,False,False,False,,
0,220,p0220,-0.775,0.775,0.0,1.0,0.0,0.0,AUX,?,,,,neutron,False,False,False,,
0,221,p0221,-1.725,1.725,0.0,1.0,0.0,0.0,AUX,?,,,,photon,False,False,False,,
0,222,p0222,-1.4062,1.4062,0.0,1.0,0.0,0.0,AUX,?,,,,photon,False,False,False,,
0,223,p0223,-1.4625,1.4625,0.0,1.0,0.0,0.0,AUX,?,,,,photon,False,False,False,,
0,224,p0224,-0.8125,0.8125,0.0,1.0,0.0,0.0,AUX,?,,,,electron,False,False,False,,
0,225,p0225,-0.0062,0.0562,0.4,0.6,0.0,0.0,AUX,?,,,,photon,False,False,False,,
0,226,p0226,-0.9688,0.9688,0.0,1.0,0.0,0.0,AUX,?,,,,photon,False,False,False,,
0,227,p0227,-0.325,0.325,0.0,1.0,0.0,0.0,AUX,?,,,,photon,False,False,False,,
0,228,p0228,-0.7438,0.7438,0.0,1.0,0.0,0.0,AUX,?,,,,photon,False,False,False,,
0,229,p0229,-1.375,1.375,0.0,1.0,0.0,0.0,AUX,?,,,,proton,False,False,False,,
0,230,p0230,1.0,1.0,1.0,0.0,0.0,0.0,AUX,?,,,,neutron,False,False,False,,
0,231,p0231,-2.9875,2.9875,0.0,1.0,0.0,0.0,AUX,?,,,,photon,False,False,False,,
0,232,p0232,0.5188,0.5188,1.0,0.0,0.0,0.0,AUX,?,,,,proton,False,False,False,,
0,233,p0233,-2.0625,2.0625,0.0,1.0,0.0,0.0,AUX,?,,,,photon,False,False,False,,
0,234,p0234,-0.8,0.8,0.0,1.0,0.0,0.0,AUX,?,,,,photon,False,False,False,,
0,235,p0235,-3.05,3.05,0.0,1.0,0.0,0.0,AUX,?,,,,photon,False,False,False,,
0,236,p0236,-0.0375,0.0375,0.0,0.6,0.0,0.0,AUX,?,,,,electron,False,False,False,,
0,237,p0237,-1.7062,1.7062,0.0,1.0,0.0,0.0,AUX,?,,,,proton,False,False,False,,
0,238,p0238,-0.7188,0.7188,0.0,1.0,0.0,0.0,AUX,?,,,,proton,False,False,False,,
0,239,p0239,-2.425,2.425,0.0,1.0,0.0,0.0,AUX,?,,,,neutron,False,False,False,,
0,240,p0240,-1.225,1.225,0.0,1.0,0.0,0.0,AUX,?,,,,photon,False,False,False,,
0,241,p0241,0.0,0.025,0.2,0.2,0.0,0.0,AUX,?,,,,proton,False,False,False,,
0,242,p0242,-0.5125,0.5125,0.0,1.0,0.0,0.0,AUX,?,,,,photon,False,False,False,,
0,243,p0243,-0.8125,0.8125,0.0,1.0,0.0,0.0,AUX,?,,,,neutron,False,False,False,,
0,244,p0244,0.1312,0.1312,1.0,0.0,0.0,0.0,AUX,?,,,,proton,False,False,False,,
0,245,p0245,-2.2625,2.2625,0.0,1.0,0.0,0.0,AUX,?,,,,photon,False,False,False,,
0,246,p0246,-2.05,2.05,0.0,1.0,0.0,0.0,AUX,?,,,,neutron,False,False,False,,
0,247,p0247,-2.4719,2.4719,0.0,1.0,0.0,0.0,AUX,?,,,,photon,False,False,False,,
0,248,p0248,-1.3188,1.3188,0.0,1.0,0.0,0.0,AUX,?,,,,photon,False,False,False,,
0,249,p0249,-1.8312,1.8312,0.0,1.0,0.0,0.0,AUX,?,,,,photon,False,False,False,,
0,250,p0250,-0.7562,0.7562,0.0,1.0,0.0,0.0,AUX,?,,,,photon,False,False,False,,
0,251,p0251,-1.0375,1.0375,0.0,1.0,0.0,0.0,AUX,?,,,,photon,False,False,False,,
0,252,p0252,-2.0688,2.0688,0.0,1.0,0.0,0.0,AUX,?,,,,neutron,False,False,False,,
0,253,p0253,-1.5625,1.5625,0.0,1.0,0.0,0.0,AUX,?,,,,photon,False,False,False,,
0,254,p0254,-0.725,0.725,0.0,1.0,0.0,0.0,AUX,?,,,,neutron,False,False,False,,
0,255,p0255,-1.0812,1.0812,0.0,1.0,0.0,0.0,AUX,?,,,,photon,False,False,False,,
0,256,p0256,-0.6812,0.6812,0.0,1.0,0.0,0.0,AUX,?,,,,photon,False,False,False,,
0,257,p0257,-1.25,1.25,0.0,1.0,0.0,0.0,AUX,?,,,,proton,False,False,False,,
0,258,p0258,-1.5625,1.5625,0.0,1.0,0.0,0.0,AUX,?,,,,neutron,False,False,False,,
0,259,p0259,-0.4062,0.4062,0.0,1.0,0.0,0.0,AUX,?,,,,electron,False,False,False,,
0,260,p0260,-1.0938,1.0938,0.0,1.0,0.0,0.0,AUX,?,,,,electron,False,False,False,,
0,261,p0261,-1.8188,1.8188,0.0,1.0,0.0,0.0,AUX,?,,,,photon,False,False,False,,
0,262,p0262,-0.725,0.725,0.0,1.0,0.0,0.0,AUX,?,,,,neutron,False,False,False,,
0,263,p0263,0.0312,0.0438,0.6,0.2,0.0,0.0,AUX,?,,,,electron,False,False,False,,
0,264,p0264,-4.25,4.25,0.0,1.0,1.0,0.2,AUX,?,,,,photon,False,False,False,,
0,265,p0265,-0.8125,0.8125,0.0,1.0,0.0,0.0,AUX,?,,,,proton,False,False,False,,
0,266,p0266,-0.1625,0.1625,0.0,1.0,0.0,0.0,AUX,?,,,,electron,False,False,False,,
0,267,p0267,-0.6188,0.6188,0.0,1.0,0.0,0.0,AUX,?,,,,proton,False,False,False,,
0,268,p0268,-0.4875,0.4875,0.0,1.0,0.0,0.0,AUX,?,,,,proton,False,False,False,,
0,269,p0269,-1.3375,1.3375,0.0,1.0,0.0,0.0,AUX,?,,,,photon,False,False,False,,
0,270,p0270,0.3875,0.3875,1.0,0.0,0.0,0.0,AUX,?,,,,neutron,False,False,False,,
0,271,p0271,-0.9062,0.9062,0.0,1.0,0.0,0.0,AUX,?,,,,electron,False,False,False,,
0,272,p0272,-0.4812,0.4812,0.0,1.0,0.0,0.0,AUX,?,,,,neutron,False,False,False,,
0,273,p0273,-0.8625,0.8625,0.0,1.0,0.0,0.0,AUX,?,,,,neutron,False,False,False,,
0,274,p0274,-1.3406,1.3406,0.0,1.0,0.0,0.0,AUX,?,,,,electron,False,False,False,,
0,275,p0275,-1.0875,1.0875,0.0,1.0,0.0,0.0,AUX,?,,,,neutron,False,False,False,,
0,276,p0276,-1.3062,1.3062,0.0,1.0,0.0,0.0,AUX,?,,,,proton,False,False,False,,
0,277,p0277,0.125,0.125,1.0,0.0,0.0,0.0,AUX,?,,,,neutron,False,False,False,,
0,278,p0278,-1.0688,1.0688,0.0,1.0,0.0,0.0,AUX,?,,,,photon,False,False,False,,
0,279,p0279,-0.2562,0.2562,0.0,1.0,0.0,0.0,AUX,?,,,,photon,False,False,False,,
0,280,p0280,-0.8438,0.8438,0.0,1.0,0.0,0.0,AUX,?,,,,photon,False,False,False,,
0,281,p0281,0.8156,0.8156,1.0,0.0,0.0,0.0,AUX,?,,,,proton,False,False,False,,
0,282,p0282,0.1062,0.1062,1.0,0.0,0.0,0.0,AUX,?,,,,electron,False,False,False,,
0,283,p0283,-0.25,0.25,0.0,1.0,0.0,0.0,AUX,?,,,,neutron,False,False,False,,
0,284,p0284,-0.4562,0.4562,0.0,1.0,0.0,0.0,AUX,?,,,,proton,False,False,False,,
0,285,p0285,-0.7,0.7,0.0,1.0,0.0,0.0,AUX,?,,,,neutron,False,False,False,,
0,286,p0286,-0.375,0.375,0.0,1.0,0.0,0.0,AUX,?,,,,photon,False,False,False,,
0,287,p0287,-0.775,0.775,0.0,1.0,0.0,0.0,AUX,?,,,,electron,False,False,False,,
0,288,p0288,-6.3125,6.3125,0.0,1.0,5.0,1.0,AUX,?,,,,photon,False,False,False,,
0,289,p0289,-1.6312,1.6312,0.0,1.0,0.0,0.0,AUX,?,,,,proton,False,False,False,,
0,290,p0290,-0.3625,0.3625,0.0,1.0,0.0,0.0,AUX,?,,,,neutron,False,False,False,,
0,291,p0291,-1.65,1.65,0.0,1.0,0.0,0.0,AUX,?,,,,photon,False,False,False,,
0,292,p0292,-6.8,6.8,0.0,1.0,5.0,1.0,AUX,?,,,,photon,False,False,False,,
0,293,p0293,-1.425,1.425,0.0,1.0,0.0,0.0,AUX,?,,,,photon,False,False,False,,
0,294,p0294,-0.6125,0.6125,0.0,1.0,0.0,0.0,AUX,?,,,,photon,False,False,False,,
0,295,p0295,-0.1312,0.1312,0.0,1.0,0.0,0.0,AUX,?,,,,photon,False,False,False,,
0,296,p0296,-1.7062,1.7062,0.0,1.0,0.0,0.0,AUX,?,,,,electron,False,False,False,,
0,297,p0297,-0.9,0.9,0.0,1.0,0.0,0.0,AUX,?,,,,electron,False,False,False,,
0,298,p0298,-0.4,0.4,0.0,1.0,0.0,0.0,AUX,?,,,,neutron,False,False,False,,
0,299,p0299,0.0688,0.0688,1.0,0.0,0.0,0.0,AUX,?,,,,proton,False,False,False,,
0,300,p0300,-0.625,0.625,0.0,1.0,0.0,0.0,AUX,?,,,,neutron,False,False,False,,
0,301,p0301,-2.7625,2.7625,0.0,1.0,0.0,0.0,AUX,?,,,,neutron,False,False,False,,
0,302,p0302,-1.775,1.775,0.0,1.0,0.0,0.0,AUX,?,,,,neutron,False,False,False,,
0,303,p0303,-2.7656,2.7656,0.0,1.0,0.0,0.0,AUX,?,,,,neutron,False,False,False,,
0,304,p0304,-0.45,0.45,0.0,1.0,0.0,0.0,AUX,?,,,,electron,False,False,False,,
0,305,p0305,-0.6,0.6,0.0,1.0,0.0,0.0,AUX,?,,,,photon,False,False,False,,
0,306,p0306,-1.5562,1.5562,0.0,1.0,0.0,0.0,AUX,?,,,,photon,False,False,False,,
0,307,p0307,-1.0312,1.0312,0.0,1.0,0.0,0.0,AUX,?,,,,photon,False,False,False,,
0,308,p0308,0.0625,0.0625,0.8,0.0,0.0,0.0,AUX,?,,,,electron,False,False,False,,
0,309,p0309,-2.05,2.05,0.0,1.0,0.0,0.0,AUX,?,,,,electron,False,False,False,,
0,310,p0310,-0.8125,0.8125,0.0,1.0,0.0,0.0,AUX,?,,,,electron,False,False,False,,
0,311,p0311,-0.7,0.7,0.0,1.0,0.0,0.0,AUX,?,,,,electron,False,False,False,,
0,312,p0312,-1.5062,1.5062,0.0,1.0,0.0,0.0,AUX,?,,,,neutron,False,False,False,,
0,313,p0313,-0.375,0.375,0.0,1.0,0.0,0.0,AUX,?,,,,neutron,False,False,False,,
0,314,p0314,0.3438,0.3438,1.0,0.0,0.0,0.0,AUX,?,,,,electron,False,False,False,,
0,315,p0315,-1.325,1.325,0.0,1.0,0.0,0.0,AUX,?,,,,photon,False,False,False,,
0,316,p0316,-2.6688,2.6688,0.0,1.0,0.0,0.0,AUX,?,,,,photon,False,False,False,,
0,317,p0317,-0.475,0.475,0.0,1.0,0.0,0.0,AUX,?,,,,neutron,False,False,False,,
0,318,p0318,-1.7438,1.7438,0.0,1.0,0.0,0.0,AUX,?,,,,photon,False,False,False,,
0,319,p0319,0.175,0.175,1.0,0.0,0.0,0.0,AUX,?,,,,neutron,False,False,False,,
0,320,p0320,-2.3188,2.3188,0.0,1.0,0.0,0.0,AUX,?,,,,photon,False,False,False,,
0,321,p0321,-0.3688,0.3688,0.0,1.0,0.0,0.0,AUX,?,,,,proton,False,False,False,,
0,322,p0322,-3.2875,3.2875,0.0,1.0,0.0,0.0,AUX,?,,,,neutron,False,False,False,,
0,323,p0323,-1.025,1.025,0.0,1.0,0.0,0.0,AUX,?,,,,photon,False,False,False,,
0,324,p0324,-0.875,0.875,0.0,1.0,0.0,0.0,AUX,?,,,,proton,False,False,False,,
0,325,p0325,-3.1438,3.1438,0.0,1.0,0.0,0.0,AUX,?,,,,photon,False,False,False,,
0,326,p0326,-2.8875,2.8875,0.0,1.0,0.0,0.0,AUX,?,,,,photon,False,False,False,,
0,327,p0327,-1.1562,1.1562,0.0,1.0,0.0,0.0,AUX,?,,,,electron,False,False,False,,
0,328,p0328,0.6219,0.6219,1.0,0.0,0.0,0.0,AUX,?,,,,neutron,False,False,False,,
0,329,p0329,-1.5938,1.5938,0.0,1.0,0.0,0.0,AUX,?,,,,photon,False,False,False,,
0,330,p0330,-1.0,1.0,0.0,1.0,0.0,0.0,AUX,?,,,,neutron,False,False,False,,
0,331,p0331,-0.4375,0.4375,0.0,1.0,0.0,0.0,AUX,?,,,,neutron,False,False,False,,
0,332,p0332,-2.35,2.35,0.0,1.0,0.0,0.0,AUX,?,,,,photon,False,False,False,,
0,333,p0333,-1.5,1.5,0.0,1.0,0.0,0.0,AUX,?,,,,photon,False,False,False,,
0,334,p0334,-1.6125,1.6125,0.0,1.0,0.0,0.0,AUX,?,,,,neutron,False,False,False,,
0,335,p0335,0.1,0.1,1.0,0.0,0.0,0.0,AUX,?,,,,proton,False,False,False,,
0,336,p0336,-0.5562,0.5562,0.0,1.0,0.0,0.0,AUX,?,,,,electron,False,False,False,,
0,337,p0337,0.1812,0.1812,1.0,0.0,0.0,0.0,AUX,?,,,,proton,False,False,False,,
0,338,p0338,-0.3938,0.3938,0.0,1.0,0.0,0.0,AUX,?,,,,neutron,False,False,False,,
0,339,p0339,-1.3688,1.3688,0.0,1.0,0.0,0.0,AUX,?,,,,neutron,False,False,False,,
0,340,p0340,-5.1438,5.1438,0.0,1.0,5.0,1.0,AUX,?,,,,photon,False,False,False,,
0,341,p0341,-0.7062,0.7062,0.0,1.0,0.0,0.0,AUX,?,,,,proton,False,False,False,,
0,342,p0342,-0.125,0.125,0.0,1.0,0.0,0.0,AUX,?,,,,electron,False,False,False,,
0,343,p0343,-1.5375,1.5375,0.0,1.0,0.0,0.0,AUX,?,,,,neutron,False,False,False,,
0,344,p0344,-0.5,0.5,0.0,1.0,0.0,0.0,AUX,?,,,,photon,False,False,False,,
0,345,p0345,-1.8938,1.8938,0.0,1.0,0.0,0.0,AUX,?,,,,neutron,False,False,False,,
0,346,p0346,-4.5125,4.5125,0.0,1.0,4.0,0.8,AUX,?,,,,photon,False,False,False,,
0,347,p0347,-0.65,0.65,0.0,1.0,0.0,0.0,AUX,?,,,,proton,False,False,False,,
0,348,p0348,-1.7625,1.7625,0.0,1.0,0.0,0.0,AUX,?,,,,photon,False,False,False,,
0,349,p0349,-2.7312,2.7312,0.0,1.0,0.0,0.0,AUX,?,,,,neutron,False,False,False,,
0,350,p0350,-1.7938,1.7938,0.0,1.0,0.0,0.0,AUX,?,,,,photon,False,False,False,,
0,351,p0351,-2.5062,2.5062,0.0,1.0,0.0,0.0,AUX,?,,,,photon,False,False,False,,
0,352,p0352,-1.3562,1.3562,0.0,1.0,0.0,0.0,AUX,?,,,,neutron,False,False,False,,
0,353,p0353,-1.2688,1.2688,0.0,1.0,0.0,0.0,AUX,?,,,,proton,False,False,False,,
0,354,p0354,0.125,0.125,1.0,0.0,0.0,0.0,AUX,?,,,,photon,False,False,False,,
0,355,p0355,-0.3125,0.3125,0.0,1.0,0.0,0.0,AUX,?,,,,photon,False,False,False,,
0,356,p0356,-0.6312,0.6312,0.0,1.0,0.0,0.0,AUX,?,,,,electron,False,False,False,,
0,357,p0357,-1.1312,1.1312,0.0,1.0,0.0,0.0,AUX,?,,,,photon,False,False,False,,
0,358,p0358,-1.5938,1.5938,0.0,1.0,0.0,0.0,AUX,?,,,,photon,False,False,False,,
0,359,p0359,0.6125,0.6125,1.0,0.0,0.0,0.0,AUX,?,,,,proton,False,False,False,,
0,360,p0360,-0.1438,0.1438,0.0,1.0,0.0,0.0,AUX,?,,,,photon,False,False,False,,
0,361,p0361,-0.225,0.225,0.0,1.0,0.0,0.0,AUX,?,,,,proton,False,False,False,,
0,362,p0362,-0.75,0.75,0.0,1.0,0.0,0.0,AUX,?,,,,neutron,False,False,False,,
0,363,p0363,-0.1875,0.1875,0.0,1.0,0.0,0.0,AUX,?,,,,neutron,False,False,False,,
0,364,p0364,-0.525,0.525,0.0,1.0,0.0,0.0,AUX,?,,,,proton,False,False,False,,
0,365,p0365,0.7,0.7,1.0,0.0,0.0,0.0,AUX,?,,,,neutron,False,False,False,,
0,366,p0366,-0.05,0.125,0.4,0.6,0.0,0.0,AUX,?,,,,photon,False,False,False,,
0,367,p0367,1.0625,1.0625,1.0,0.0,0.0,0.0,AUX,?,,,,neutron,False,False,False,,
0,368,p0368,-0.8,0.8,0.0,1.0,0.0,0.0,AUX,?,,,,photon,False,False,False,,
0,369,p0369,-1.3125,1.3125,0.0,1.0,0.0,0.0,AUX,?,,,,photon,False,False,False,,
0,370,p0370,0.625,0.625,1.0,0.0,0.0,0.0,AUX,?,,,,electron,False,False,False,,
0,371,p0371,-0.4312,0.4312,0.0,1.0,0.0,0.0,AUX,?,,,,photon,False,False,False,,
0,372,p0372,-3.2625,3.2625,0.0,1.0,0.0,0.0,AUX,?,,,,photon,False,False,False,,
0,373,p0373,-0.1312,0.1312,0.0,1.0,0.0,0.0,AUX,?,,,,proton,False,False,False,,
0,374,p0374,-0.475,0.475,0.0,1.0,0.0,0.0,AUX,?,,,,proton,False,False,False,,
0,375,p0375,-1.8,1.8,0.0,1.0,0.0,0.0,AUX,?,,,,photon,False,False,False,,
0,376,p0376,-0.3312,0.3312,0.0,1.0,0.0,0.0,AUX,?,,,,electron,False,False,False,,
0,377,p0377,-0.8,0.8,0.0,1.0,0.0,0.0,AUX,?,,,,electron,False,False,False,,
0,378,p0378,-3.225,3.225,0.0,1.0,0.0,0.0,AUX,?,,,,photon,False,False,False,,
0,379,p0379,1.4062,1.4062,1.0,0.0,0.0,0.0,AUX,?,,,,proton,False,False,False,,
0,380,p0380,-2.8062,2.8062,0.0,1.0,0.0,0.0,AUX,?,,,,photon,False,False,False,,
0,381,p0381,-1.6188,1.6188,0.0,1.0,0.0,0.0,AUX,?,,,,neutron,False,False,False,,
0,382,p0382,-0.6062,0.6062,0.0,1.0,0.0,0.0,AUX,?,,,,photon,False,False,False,,
0,383,p0383,-0.4812,0.4812,0.0,1.0,0.0,0.0,AUX,?,,,,photon,False,False,False,,
0,384,p0384,-1.75,1.75,0.0,1.0,0.0,0.0,AUX,?,,,,proton,False,False,False,,
0,385,p0385,-0.825,0.825,0.0,1.0,0.0,0.0,AUX,?,,,,neutron,False,False,False,,
0,386,p0386,-0.5875,0.5875,0.0,1.0,0.0,0.0,AUX,?,,,,electron,False,False,False,,
0,387,p0387,0.2,0.2,1.0,0.0,0.0,0.0,AUX,?,,,,neutron,False,False,False,,
0,388,p0388,0.4125,0.4125,1.0,0.0,0.0,0.0,AUX,?,,,,electron,False,False,False,,
0,389,p0389,-0.7625,0.7625,0.0,1.0,0.0,0.0,AUX,?,,,,neutron,False,False,False,,
0,390,p0390,-1.9375,1.9375,0.0,1.0,0.0,0.0,AUX,?,,,,neutron,False,False,False,,
0,391,p0391,-2.575,2.575,0.0,1.0,0.0,0.0,AUX,?,,,,photon,False,False,False,,
0,392,p0392,-0.4625,0.4625,0.0,1.0,0.0,0.0,AUX,?,,,,electron,False,False,False,,
0,393,p0393,-1.3125,1.3125,0.0,1.0,0.0,0.0,AUX,?,,,,proton,False,False,False,,
0,394,p0394,-0.4875,0.4875,0.0,1.0,0.0,0.0,AUX,?,,,,photon,False,False,False,,
0,395,p0395,0.725,0.725,1.0,0.0,0.0,0.0,AUX,?,,,,neutron,False,False,False,,
0,396,p0396,-1.125,1.125,0.0,1.0,0.0,0.0,AUX,?,,,,neutron,False,False,False,,
0,397,p0397,-1.7938,1.7938,0.0,1.0,0.0,0.0,AUX,?,,,,electron,False,False,False,,
0,398,p0398,-0.3125,0.3125,0.0,1.0,0.0,0.0,AUX,?,,,,neutron,False,False,False,,
0,399,p0399,-3.1625,3.1625,0.0,1.0,0.0,0.0,AUX,?,,,,photon,False,False,False,,
0,400,p0400,-2.2375,2.2375,0.0,1.0,0.0,0.0,AUX,?,,,,photon,False,False,False,,
0,401,p0401,0.0375,0.0375,0.6,0.0,0.0,0.0,AUX,?,,,,neutron,False,False,False,,
0,402,p0402,-1.1438,1.1438,0.0,1.0,0.0,0.0,AUX,?,,,,photon,False,False,False,,
0,403,p0403,-0.2688,0.2688,0.0,1.0,0.0,0.0,AUX,?,,,,proton,False,False,False,,
0,404,p0404,-0.5938,0.5938,0.0,1.0,0.0,0.0,AUX,?,,,,electron,False,False,False,,
0,405,p0405,-0.9,0.9,0.0,1.0,0.0,0.0,AUX,?,,,,photon,False,False,False,,
0,406,p0406,-0.9438,0.9438,0.0,1.0,0.0,0.0,AUX,?,,,,neutron,False,False,False,,
0,407,p0407,-3.25,3.25,0.0,1.0,0.0,0.0,AUX,?,,,,photon,False,False,False,,
0,408,p0408,-4.3938,4.3938,0.0,1.0,5.0,1.0,AUX,?,,,,photon,False,False,False,,
0,409,p0409,-0.825,0.825,0.0,1.0,0.0,0.0,AUX,?,,,,proton,False,False,False,,
0,410,p0410,-1.6188,1.6188,0.0,1.0,0.0,0.0,AUX,?,,,,photon,False,False,False,,
0,411,p0411,-0.3438,0.3438,0.0,1.0,0.0,0.0,AUX,?,,,,electron,False,False,False,,
0,412,p0412,-0.9938,0.9938,0.0,1.0,0.0,0.0,AUX,?,,,,proton,False,False,False,,
0,413,p0413,-2.8,2.8,0.0,1.0,0.0,0.0,AUX,?,,,,photon,False,False,False,,
0,414,p0414,-0.8,0.8,0.0,1.0,0.0,0.0,AUX,?,,,,neutron,False,False,False,,
0,415,p0415,-0.1375,0.1375,0.0,1.0,0.0,0.0,AUX,?,,,,proton,False,False,False,,
0,416,p0416,-0.8062,0.8062,0.0,1.0,0.0,0.0,AUX,?,,,,neutron,False,False,False,,
0,417,p0417,-1.1062,1.1062,0.0,1.0,0.0,0.0,AUX,?,,,,photon,False,False,False,,
0,418,p0418,-5.8125,5.8125,0.0,1.0,5.0,1.0,AUX,?,,,,photon,False,False,False,,
0,419,p0419,-1.5438,1.5438,0.0,1.0,0.0,0.0,AUX,?,,,,photon,False,False,False,,
0,420,p0420,-1.2625,1.2625,0.0,1.0,0.0,0.0,AUX,?,,,,photon,False,False,False,,
0,421,p0421,-0.9125,0.9125,0.0,1.0,0.0,0.0,AUX,?,,,,proton,False,False,False,,
0,422,p0422,1.05,1.05,1.0,0.0,0.0,0.0,AUX,?,,,,neutron,False,False,False,,
0,423,p0423,0.1625,0.1625,1.0,0.0,0.0,0.0,AUX,?,,,,electron,False,False,False,,
0,424,p0424,-1.3938,1.3938,0.0,1.0,0.0,0.0,AUX,?,,,,photon,False,False,False,,
0,425,p0425,-0.4,0.4,0.0,1.0,0.0,0.0,AUX,?,,,,neutron,False,False,False,,
0,426,p0426,-1.5,1.5,0.0,1.0,0.0,0.0,AUX,?,,,,proton,False,False,False,,
0,427,p0427,-0.2562,0.2562,0.0,1.0,0.0,0.0,AUX,?,,,,proton,False,False,False,,
0,428,p0428,-1.3188,1.3188,0.0,1.0,0.0,0.0,AUX,?,,,,electron,False,False,False,,
0,429,p0429,-0.525,0.525,0.0,1.0,0.0,0.0,AUX,?,,,,electron,False,False,False,,
0,430,p0430,-0.475,0.475,0.0,1.0,0.0,0.0,AUX,?,,,,electron,False,False,False,,
0,431,p0431,-1.1375,1.1375,0.0,1.0,0.0,0.0,AUX,?,,,,neutron,False,False,False,,
0,432,p0432,-3.575,3.575,0.0,1.0,0.0,0.0,AUX,?,,,,photon,False,False,False,,
0,433,p0433,-0.7812,0.7812,0.0,1.0,0.0,0.0,AUX,?,,,,electron,False,False,False,,
0,434,p0434,1.7625,1.7625,1.0,0.0,0.0,0.0,AUX,?,,,,neutron,False,False,False,,
0,435,p0435,-0.525,0.525,0.0,1.0,0.0,0.0,AUX,?,,,,photon,False,False,False,,
0,436,p0436,-1.3938,1.3938,0.0,1.0,0.0,0.0,AUX,?,,,,photon,False,False,False,,
0,437,p0437,-1.4875,1.4875,0.0,1.0,0.0,0.0,AUX,?,,,,electron,False,False,False,,
0,438,p0438,-1.625,1.625,0.0,1.0,0.0,0.0,AUX,?,,,,photon,False,False,False,,
0,439,p0439,-0.0312,0.0812,0.4,0.4,0.0,0.0,AUX,?,,,,electron,False,False,False,,
0,440,p0440,0.2625,0.2625,1.0,0.0,0.0,0.0,AUX,?,,,,proton,False,False,False,,
0,441,p0441,-0.7062,0.7062,0.0,1.0,0.0,0.0,AUX,?,,,,proton,False,False,False,,
0,442,p0442,-1.3375,1.3375,0.0,1.0,0.0,0.0,AUX,?,,,,proton,False,False,False,,
0,443,p0443,-1.9125,1.9125,0.0,1.0,0.0,0.0,AUX,?,,,,photon,False,False,False,,
0,444,p0444,-1.1312,1.1312,0.0,1.0,0.0,0.0,AUX,?,,,,electron,False,False,False,,
0,445,p0445,-0.25,0.25,0.0,1.0,0.0,0.0,AUX,?,,,,electron,False,False,False,,
0,446,p0446,-0.975,0.975,0.0,1.0,0.0,0.0,AUX,?,,,,photon,False,False,False,,
1,0,p0000,-2.0938,2.2031,0.25,0.75,0.0,0.0,AUX,?,,,,electron,False,False,False,,
1,1,p0001,-2.1836,2.207,0.25,0.75,0.0,0.0,AUX,?,,,,electron,False,False,False,,
1,2,p0002,-1.7344,1.7344,0.0,1.0,0.0,0.0,AUX,?,,,,neutron,False,False,False,,
1,3,p0003,-1.8242,1.8242,0.0,1.0,0.0,0.0,AUX,?,,,,neutron,False,False,False,,
1,4,p0004,-0.832,0.9102,0.25,0.75,0.0,0.0,AUX,?,,,,neutron,False,False,False,,
1,5,p0005,-1.5547,1.5547,0.0,1.0,0.0,0.0,AUX,?,,,,photon,False,False,False,,
1,6,p0006,-0.5234,0.6484,0.25,0.75,0.0,0.0,AUX,?,,,,neutron,False,False,False,,
1,7,p0007,-2.4102,2.4102,0.0,1.0,0.0,0.0,AUX,?,,,,electron,False,False,False,,
1,8,p0008,-1.4375,1.4375,0.0,1.0,0.0,0.0,AUX,?,,,,proton,False,False,False,,
1,9,p0009,-0.6172,0.9453,0.25,0.75,0.0,0.0,AUX,?,,,,proton,False,False,False,,
1,10,p0010,-1.4023,1.4883,0.25,0.75,0.0,0.0,AUX,?,,,,proton,False,False,False,,
1,11,p0011,-1.5156,1.5156,0.0,1.0,0.0,0.0,AUX,?,,,,photon,False,False,False,,
1,12,p0012,-1.9492,3.168,0.25,0.75,2.0,0.25,AUX,?,,,,neutron,False,False,False,,
1,13,p0013,-1.0625,1.0625,0.0,1.0,0.0,0.0,AUX,?,,,,neutron,False,False,False,,
1,14,p0014,-2.7188,3.25,0.25,0.75,0.0,0.0,AUX,?,,,,neutron,False,False,False,,
1,15,p0015,-2.1133,2.2695,0.25,0.75,0.0,0.0,AUX,?,,,,neutron,False,False,False,,
1,16,p0016,-1.9844,1.9844,0.0,1.0,2.0,0.25,AUX,?,,,,photon,False,False,False,,
1,17,p0017,-2.5312,2.5312,0.0,1.0,0.0,0.0,AUX,?,,,,photon,False,False,False,,
1,18,p0018,-1.625,1.9375,0.25,0.75,0.0,0.0,AUX,?,,,,neutron,False,False,False,,
1,19,p0019,-0.8633,0.8633,0.0,1.0,0.0,0.0,AUX,?,,,,proton,False,False,False,,
1,20,p0020,-1.6172,1.6172,0.0,1.0,0.0,0.0,AUX,?,,,,photon,False,False,False,,
1,21,p0021,-0.9141,1.0547,0.25,0.75,0.0,0.0,AUX,?,,,,electron,False,False,False,,
1,22,p0022,-0.3672,0.6328,0.25,0.75,0.0,0.0,AUX,?,,,,proton,False,False,False,,
1,23,p0023,1.4922,1.4922,1.0,0.0,0.0,0.0,AUX,?,,,,proton,False,False,False,,
1,24,p0024,-2.1035,2.1035,0.0,1.0,0.0,0.0,AUX,?,,,,electron,False,False,False,,
1,25,p0025,-2.4414,2.4414,0.0,1.0,0.0,0.0,AUX,?,,,,photon,False,False,False,,
1,26,p0026,-1.1914,1.3711,0.25,0.75,0.0,0.0,AUX,?,,,,proton,False,False,False,,
1,27,p0027,-0.9883,0.9883,0.0,1.0,0.0,0.0,AUX,?,,,,proton,False,False,False,,
1,28,p0028,-1.1523,1.1523,0.0,1.0,0.0,0.0,AUX,?,,,,photon,False,False,False,,
1,29,p0029,-1.3633,1.3633,0.0,1.0,0.0,0.0,AUX,?,,,,electron,False,False,False,,
1,30,p0030,-0.6562,0.6562,0.0,1.0,0.0,0.0,AUX,?,,,,proton,False,False,False,,
1,31,p0031,-1.0508,1.0508,0.0,1.0,0.0,0.0,AUX,?,,,,electron,False,False,False,,
1,32,p0032,-1.1133,1.1133,0.0,0.75,0.0,0.0,AUX,?,,,,electron,False,False,False,,
1,33,p0033,-1.5547,1.5625,0.125,0.875,0.0,0.0,AUX,?,,,,proton,False,False,False,,
1,34,p0034,-3.4551,3.4551,0.0,1.0,0.0,0.0,AUX,?,,,,photon,False,False,False,,
1,35,p0035,-1.5,1.625,0.25,0.75,0.0,0.0,AUX,?,,,,photon,False,False,False,,
1,36,p0036,-2.7031,3.1719,0.25,0.75,0.0,0.0,AUX,?,,,,neutron,False,False,False,,
1,37,p0037,-2.0156,2.0156,0.0,1.0,0.0,0.0,AUX,?,,,,neutron,False,False,False,,
1,38,p0038,0.4609,0.4609,1.0,0.0,0.0,0.0,AUX,?,,,,neutron,False,False,False,,
1,39,p0039,-1.7383,1.7383,0.0,1.0,0.0,0.0,AUX,?,,,,proton,False,False,False,,
1,40,p0040,-0.4258,1.2227,0.25,0.75,0.0,0.0,AUX,?,,,,proton,False,False,False,,
1,41,p0041,-1.6133,1.6133,0.0,1.0,0.0,0.0,AUX,?,,,,electron,False,False,False,,
1,42,p0042,-1.4531,1.4531,0.0,1.0,0.0,0.0,AUX,?,,,,electron,False,False,False,,
1,43,p0043,-0.0234,0.0391,0.125,0.25,0.0,0.0,AUX,?,,,,photon,False,False,False,,
1,44,p0044,-1.2031,1.2969,0.25,0.75,0.0,0.0,AUX,?,,,,neutron,False,False,False,,
1,45,p0045,-1.875,2.0938,0.25,0.75,0.0,0.0,AUX,?,,,,neutron,False,False,False,,
1,46,p0046,0.1562,0.2969,0.25,0.625,0.0,0.0,AUX,?,,,,neutron,False,False,False,,
1,47,p0047,-2.0352,2.5664,0.25,0.75,0.0,0.0,AUX,?,,,,photon,False,False,False,,
1,48,p0048,-1.3672,1.6328,0.25,0.75,0.0,0.0,AUX,?,,,,electron,False,False,False,,
1,49,p0049,-1.2617,1.6289,0.25,0.75,0.0,0.0,AUX,?,,,,photon,False,False,False,,
1,50,p0050,-4.6562,5.2031,0.25,0.75,6.0,0.75,AUX,?,,,,neutron,False,False,False,,
1,51,p0051,-1.7734,1.9141,0.25,0.75,0.0,0.0,AUX,?,,,,proton,False,False,False,,
1,52,p0052,-2.3828,2.4688,0.25,0.75,0.0,0.0,AUX,?,,,,neutron,False,False,False,,
1,53,p0053,-1.8164,1.8164,0.0,1.0,0.0,0.0,AUX,?,,,,photon,False,False,False,,
1,54,p0054,-1.6719,1.6719,0.0,1.0,0.0,0.0,AUX,?,,,,electron,False,False,False,,
1,55,p0055,-1.7305,1.7852,0.25,0.75,0.0,0.0,AUX,?,,,,electron,False,False,False,,
1,56,p0056,-2.0977,2.7539,0.25,0.75,0.0,0.0,AUX,?,,,,neutron,False,False,False,,
1,57,p0057,-1.5859,1.6172,0.125,0.75,0.0,0.0,AUX,?,,,,neutron,False,False,False,,
1,58,p0058,-2.3555,2.3555,0.0,1.0,0.0,0.0,AUX,?,,,,photon,False,False,False,,
1,59,p0059,-1.4883,1.4883,0.0,1.0,0.0,0.0,AUX,?,,,,photon,False,False,False,,
1,60,p0060,-0.9766,1.1953,0.25,0.75,0.0,0.0,AUX,?,,,,proton,False,False,False,,
1,61,p0061,-1.625,3.2031,0.25,0.75,2.0,0.25,AUX,?,,,,neutron,False,False,False,,
1,62,p0062,-1.8828,1.8828,0.0,1.0,0.0,0.0,AUX,?,,,,photon,False,False,False,,
1,63,p0063,-0.8438,1.125,0.25,0.75,0.0,0.0,AUX,?,,,,photon,False,False,False,,
1,64,p0064,-0.7734,1.4766,0.25,0.75,0.0,0.0,AUX,?,,,,proton,False,False,False,,
1,65,p0065,-1.4414,1.4414,0.0,1.0,0.0,0.0,AUX,?,,,,photon,False,False,False,,
1,66,p0066,-0.9375,0.9375,0.0,1.0,0.0,0.0,AUX,?,,,,proton,False,False,False,,
1,67,p0067,-0.8867,1.3633,0.25,0.75,0.0,0.0,AUX,?,,,,photon,False,False,False,,
1,68,p0068,-1.9766,2.1797,0.25,0.75,0.0,0.0,AUX,?,,,,neutron,False,False,False,,
1,69,p0069,-2.1797,2.1797,0.0,1.0,0.0,0.0,AUX,?,,,,photon,False,False,False,,
1,70,p0070,-0.4297,0.4297,0.0,1.0,0.0,0.0,AUX,?,,,,proton,False,False,False,,
1,71,p0071,-2.0742,2.0742,0.0,1.0,0.0,0.0,AUX,?,,,,proton,False,False,False,,
1,72,p0072,-1.6172,2.0391,0.25,0.75,0.0,0.0,AUX,?,,,,electron,False,False,False,,
1,73,p0073,-1.25,1.25,0.0,1.0,0.0,0.0,AUX,?,,,,neutron,False,False,False,,
1,74,p0074,-1.4453,1.4453,0.0,1.0,0.0,0.0,AUX,?,,,,proton,False,False,False,,
1,75,p0075,-1.5547,1.875,0.25,0.75,0.0,0.0,AUX,?,,,,photon,False,False,False,,
1,76,p0076,-3.0938,3.6094,0.25,0.75,1.0,0.125,AUX,?,,,,neutron,False,False,False,,
1,77,p0077,-0.1602,0.1602,0.0,1.0,0.0,0.0,AUX,?,,,,photon,False,False,False,,
1,78,p0078,-0.6875,0.6875,0.0,1.0,0.0,0.0,AUX,?,,,,photon,False,False,False,,
1,79,p0079,-1.1484,1.7891,0.25,0.75,0.0,0.0,AUX,?,,,,photon,False,False,False,,
1,80,p0080,-2.0352,3.0352,0.25,0.75,1.0,0.125,AUX,?,,,,neutron,False,False,False,,
1,81,p0081,-3.9609,4.5703,0.25,0.75,6.0,0.75,AUX,?,,,,neutron,False,False,False,,
1,82,p0082,-2.5469,2.5469,0.0,1.0,0.0,0.0,AUX,?,,,,photon,False,False,False,,
1,83,p0083,-2.2227,2.2227,0.0,1.0,0.0,0.0,AUX,?,,,,neutron,False,False,False,,
1,84,p0084,-0.3438,0.7812,0.25,0.75,0.0,0.0,AUX,?,,,,electron,False,False,False,,
1,85,p0085,-1.2305,1.5117,0.25,0.75,0.0,0.0,AUX,?,,,,proton,False,False,False,,
1,86,p0086,-2.875,2.875,0.0,1.0,0.0,0.0,AUX,?,,,,neutron,False,False,False,,
1,87,p0087,-1.3125,1.4531,0.25,0.75,0.0,0.0,AUX,?,,,,neutron,False,False,False,,
1,88,p0088,-1.2539,1.2539,0.0,1.0,0.0,0.0,AUX,?,,,,neutron,False,False,False,,
1,89,p0089,-0.3867,0.4805,0.25,0.75,0.0,0.0,AUX,?,,,,proton,False,False,False,,
1,90,p0090,-0.8086,0.8086,0.0,1.0,0.0,0.0,AUX,?,,,,neutron,False,False,False,,
1,91,p0091,-1.6953,1.7891,0.25,0.75,0.0,0.0,AUX,?,,,,photon,False,False,False,,
1,92,p0092,-1.0781,1.0781,0.0,1.0,0.0,0.0,AUX,?,,,,photon,False,False,False,,
1,93,p0093,-2.3047,2.8359,0.25,0.75,0.0,0.0,AUX,?,,,,neutron,False,False,False,,
1,94,p0094,-1.9258,2.0352,0.25,0.75,0.0,0.0,AUX,?,,,,electron,False,False,False,,
1,95,p0095,-1.5586,1.6055,0.25,0.75,0.0,0.0,AUX,?,,,,neutron,False,False,False,,
1,96,p0096,-1.9062,1.9141,0.125,0.875,0.0,0.0,AUX,?,,,,photon,False,False,False,,
1,97,p0097,-1.6523,1.6523,0.0,1.0,0.0,0.0,AUX,?,,,,neutron,False,False,False,,
1,98,p0098,-2.8594,2.8594,0.0,1.0,0.0,0.0,AUX,?,,,,electron,False,False,False,,
1,99,p0099,-2.6914,3.2539,0.25,0.75,0.0,0.0,AUX,?,,,,neutron,False,False,False,,
1,100,p0100,-0.9219,0.9219,0.0,1.0,0.0,0.0,AUX,?,,,,proton,False,False,False,,
1,101,p0101,-0.6406,0.6406,0.0,1.0,0.0,0.0,AUX,?,,,,proton,False,False,False,,
1,102,p0102,-1.4297,1.5547,0.25,0.75,0.0,0.0,AUX,?,,,,neutron,False,False,False,,
1,103,p0103,-1.9844,2.0938,0.25,0.75,0.0,0.0,AUX,?,,,,proton,False,False,False,,
1,104,p0104,-1.0898,1.168,0.25,0.75,0.0,0.0,AUX,?,,,,electron,False,False,False,,
1,105,p0105,-2.082,2.1523,0.25,0.75,0.0,0.0,AUX,?,,,,neutron,False,False,False,,
1,106,p0106,-1.7656,1.875,0.25,0.75,0.0,0.0,AUX,?,,,,neutron,False,False,False,,
1,107,p0107,-1.5156,1.5156,0.0,1.0,0.0,0.0,AUX,?,,,,electron,False,False,False,,
1,108,p0108,-3.7773,3.7773,0.0,1.0,6.0,0.75,AUX,?,,,,neutron,False,False,False,,
1,109,p0109,-1.1406,1.1406,0.0,1.0,0.0,0.0,AUX,?,,,,photon,False,False,False,,
1,110,p0110,-2.8555,2.8555,0.0,1.0,0.0,0.0,AUX,?,,,,neutron,False,False,False,,
1,111,p0111,-1.375,1.375,0.0,1.0,0.0,0.0,AUX,?,,,,electron,False,False,False,,
1,112,p0112,-2.1172,2.3672,0.25,0.75,0.0,0.0,AUX,?,,,,electron,False,False,False,,
1,113,p0113,-1.0156,1.5156,0.25,0.75,0.0,0.0,AUX,?,,,,neutron,False,False,False,,
1,114,p0114,-1.8203,2.0391,0.25,0.75,0.0,0.0,AUX,?,,,,neutron,False,False,False,,
1,115,p0115,-1.8047,1.9922,0.25,0.75,0.0,0.0,AUX,?,,,,photon,False,False,False,,
1,116,p0116,-1.1797,1.5391,0.25,0.75,0.0,0.0,AUX,?,,,,electron,False,False,False,,
1,117,p0117,-0.7207,0.7207,0.0,1.0,0.0,0.0,AUX,?,,,,electron,False,False,False,,
1,118,p0118,-1.8125,1.8125,0.0,1.0,0.0,0.0,AUX,?,,,,electron,False,False,False,,
1,119,p0119,-1.5234,1.5234,0.0,1.0,0.0,0.0,AUX,?,,,,neutron,False,False,False,,
1,120,p0120,-1.3438,1.6406,0.25,0.75,0.0,0.0,AUX,?,,,,neutron,False,False,False,,
1,121,p0121,-2.8516,3.4766,0.25,0.75,0.0,0.0,AUX,?,,,,neutron,False,False,False,,
1,122,p0122,-0.8867,0.8867,0.0,1.0,0.0,0.0,AUX,?,,,,photon,False,False,False,,
1,123,p0123,-1.6953,1.6953,0.0,0.875,0.0,0.0,AUX,?,,,,photon,False,False,False,,
1,124,p0124,-2.2148,2.3086,0.25,0.75,0.0,0.0,AUX,?,,,,neutron,False,False,False,,
1,125,p0125,-1.7266,1.7266,0.0,1.0,0.0,0.0,AUX,?,,,,neutron,False,False,False,,
1,126,p0126,-0.8711,1.1836,0.25,0.75,0.0,0.0,AUX,?,,,,electron,False,False,False,,
1,127,p0127,-3.2773,3.2773,0.0,1.0,0.0,0.0,AUX,?,,,,photon,False,False,False,,
1,128,p0128,-1.0234,1.0234,0.0,1.0,0.0,0.0,AUX,?,,,,photon,False,False,False,,
1,129,p0129,-0.8789,1.1914,0.25,0.75,0.0,0.0,AUX,?,,,,electron,False,False,False,,
1,130,p0130,-1.2109,1.2109,0.0,1.0,0.0,0.0,AUX,?,,,,photon,False,False,False,,
1,131,p0131,-1.6133,1.6133,0.0,1.0,0.0,0.0,AUX,?,,,,neutron,False,False,False,,
1,132,p0132,-1.1719,1.4531,0.25,0.75,0.0,0.0,AUX,?,,,,photon,False,False,False,,
1,133,p0133,-3.125,3.125,0.0,1.0,2.0,0.25,AUX,?,,,,neutron,False,False,False,,
1,134,p0134,-1.9922,2.7266,0.25,0.75,0.0,0.0,AUX,?,,,,neutron,False,False,False,,
1,135,p0135,0.1758,0.1758,0.875,0.0,0.0,0.0,AUX,?,,,,proton,False,False,False,,
1,136,p0136,0.2891,0.2891,1.0,0.0,0.0,0.0,AUX,?,,,,neutron,False,False,False,,
1,137,p0137,-0.7461,0.7461,0.0,1.0,0.0,0.0,AUX,?,,,,proton,False,False,False,,
1,138,p0138,-2.2812,2.2969,0.125,0.875,0.0,0.0,AUX,?,,,,neutron,False,False,False,,
1,139,p0139,-1.6484,1.8516,0.25,0.75,0.0,0.0,AUX,?,,,,electron,False,False,False,,
1,140,p0140,-1.5391,1.5391,0.0,1.0,0.0,0.0,AUX,?,,,,electron,False,False,False,,
1,141,p0141,-1.3672,1.5,0.25,0.75,0.0,0.0,AUX,?,,,,electron,False,False,False,,
1,142,p0142,-2.8438,4.1562,0.25,0.75,8.0,1.0,AUX,?,,,,neutron,False,False,False,,
1,143,p0143,-1.4766,1.5391,0.25,0.75,0.0,0.0,AUX,?,,,,electron,False,False,False,,
1,144,p0144,-0.9219,1.0391,0.25,0.75,0.0,0.0,AUX,?,,,,proton,False,False,False,,
1,145,p0145,-1.6016,1.7031,0.25,0.75,0.0,0.0,AUX,?,,,,photon,False,False,False,,
1,146,p0146,-1.2969,1.4297,0.25,0.75,0.0,0.0,AUX,?,,,,neutron,False,False,False,,
1,147,p0147,-0.832,1.4883,0.25,0.75,0.0,0.0,AUX,?,,,,photon,False,False,False,,
1,148,p0148,-1.9219,2.3438,0.25,0.75,0.0,0.0,AUX,?,,,,photon,False,False,False,,
1,149,p0149,-1.7656,1.7656,0.0,1.0,0.0,0.0,AUX,?,,,,electron,False,False,False,,
1,150,p0150,-1.8984,1.8984,0.0,1.0,0.0,0.0,AUX,?,,,,proton,False,False,False,,
1,151,p0151,-1.9453,2.2266,0.25,0.75,0.0,0.0,AUX,?,,,,photon,False,False,False,,
1,152,p0152,-1.3359,1.4844,0.25,0.75,0.0,0.0,AUX,?,,,,proton,False,False,False,,
1,153,p0153,-2.627,2.627,0.0,1.0,0.0,0.0,AUX,?,,,,neutron,False,False,False,,
1,154,p0154,-0.9609,1.2109,0.25,0.75,0.0,0.0,AUX,?,,,,neutron,False,False,False,,
1,155,p0155,-2.5703,3.2422,0.25,0.75,0.0,0.0,AUX,?,,,,neutron,False,False,False,,
1,156,p0156,-1.082,1.1914,0.25,0.75,0.0,0.0,AUX,?,,,,neutron,False,False,False,,
1,157,p0157,-1.8086,1.9336,0.25,0.75,0.0,0.0,AUX,?,,,,neutron,False,False,False,,
1,158,p0158,-0.2188,0.25,0.25,0.75,0.0,0.0,AUX,?,,,,neutron,False,False,False,,
1,159,p0159,-2.0664,2.0664,0.0,1.0,0.0,0.0,AUX,?,,,,photon,False,False,False,,
1,160,p0160,-2.9297,2.9297,0.0,1.0,0.0,0.0,AUX,?,,,,electron,False,False,False,,
1,161,p0161,-0.2969,0.4844,0.75,0.25,0.0,0.0,AUX,?,,,,photon,False,False,False,,
1,162,p0162,-1.375,1.6562,0.25,0.75,0.0,0.0,AUX,?,,,,photon,False,False,False,,
1,163,p0163,-2.207,2.207,0.0,1.0,0.0,0.0,AUX,?,,,,photon,False,False,False,,
1,164,p0164,-2.3438,2.3438,0.0,1.0,0.0,0.0,AUX,?,,,,neutron,False,False,False,,
1,165,p0165,-1.4844,2.0625,0.25,0.75,0.0,0.0,AUX,?,,,,photon,False,False,False,,
1,166,p0166,-3.2344,3.2344,0.0,1.0,0.0,0.0,AUX,?,,,,neutron,False,False,False,,
1,167,p0167,-1.0898,1.793,0.25,0.75,0.0,0.0,AUX,?,,,,photon,False,False,False,,
1,168,p0168,-1.1562,1.8906,0.25,0.75,0.0,0.0,AUX,?,,,,proton,False,False,False,,
1,169,p0169,-1.7031,2.1562,0.25,0.75,0.0,0.0,AUX,?,,,,electron,False,False,False,,
1,170,p0170,-3.043,4.1523,0.25,0.75,8.0,1.0,AUX,?,,,,neutron,False,False,False,,
1,171,p0171,-0.6289,0.7773,0.25,0.75,0.0,0.0,AUX,?,,,,proton,False,False,False,,
1,172,p0172,0.5312,0.5312,1.0,0.0,0.0,0.0,AUX,?,,,,neutron,False,False,False,,
1,173,p0173,-0.9531,0.9531,0.0,1.0,0.0,0.0,AUX,?,,,,photon,False,False,False,,
1,174,p0174,-1.0234,1.0312,0.125,0.875,0.0,0.0,AUX,?,,,,neutron,False,False,False,,
1,175,p0175,-2.4922,2.6484,0.25,0.75,0.0,0.0,AUX,?,,,,neutron,False,False,False,,
1,176,p0176,-2.2852,2.2852,0.0,1.0,0.0,0.0,AUX,?,,,,photon,False,False,False,,
1,177,p0177,-1.8828,1.8828,0.0,1.0,0.0,0.0,AUX,?,,,,photon,False,False,False,,
1,178,p0178,-2.9082,2.9082,0.0,1.0,0.0,0.0,AUX,?,,,,neutron,False,False,False,,
1,179,p0179,-1.4609,1.5781,0.25,0.75,0.0,0.0,AUX,?,,,,photon,False,False,False,,
1,180,p0180,-1.4062,1.4062,0.0,1.0,0.0,0.0,AUX,?,,,,photon,False,False,False,,
1,181,p0181,-2.8008,2.8477,0.25,0.75,0.0,0.0,AUX,?,,,,electron,False,False,False,,
1,182,p0182,-2.5,3.0469,0.25,0.75,0.0,0.0,AUX,?,,,,neutron,False,False,False,,
1,183,p0183,-0.3398,0.3398,0.0,1.0,0.0,0.0,AUX,?,,,,proton,False,False,False,,
1,184,p0184,-1.3828,1.6016,0.25,0.75,0.0,0.0,AUX,?,,,,neutron,False,False,False,,
1,185,p0185,-1.5547,1.6172,0.25,0.75,0.0,0.0,AUX,?,,,,electron,False,False,False,,
1,186,p0186,0.4453,0.6875,0.25,0.75,2.0,0.25,AUX,?,,,,photon,False,False,False,,
1,187,p0187,-3.1777,3.9277,0.25,0.75,6.0,0.75,AUX,?,,,,neutron,False,False,False,,
1,188,p0188,-1.0391,1.0859,0.25,0.75,0.0,0.0,AUX,?,,,,photon,False,False,False,,
1,189,p0189,-1.1055,1.1055,0.0,1.0,0.0,0.0,AUX,?,,,,photon,False,False,False,,
1,190,p0190,-1.9805,3.1367,0.25,0.75,2.0,0.25,AUX,?,,,,neutron,False,False,False,,
1,191,p0191,-2.1758,2.1758,0.0,1.0,0.0,0.0,AUX,?,,,,photon,False,False,False,,
1,192,p0192,-1.4453,1.4766,0.125,0.875,0.0,0.0,AUX,?,,,,proton,False,False,False,,
1,193,p0193,-1.5664,1.5664,0.0,1.0,0.0,0.0,AUX,?,,,,photon,False,False,False,,
1,194,p0194,-0.6602,0.6602,0.0,1.0,0.0,0.0,AUX,?,,,,proton,False,False,False,,
1,195,p0195,-0.7227,0.7227,0.0,1.0,0.0,0.0,AUX,?,,,,photon,False,False,False,,
1,196,p0196,-2.4414,2.9102,0.25,0.75,0.0,0.0,AUX,?,,,,neutron,False,False,False,,
1,197,p0197,-2.1719,2.1719,0.0,1.0,0.0,0.0,AUX,?,,,,neutron,False,False,False,,
1,198,p0198,-1.2734,1.2812,0.125,0.875,0.0,0.0,AUX,?,,,,photon,False,False,False,,
1,199,p0199,-1.043,1.043,0.0,1.0,0.0,0.0,AUX,?,,,,electron,False,False,False,,
1,200,p0200,-0.1523,0.2305,0.25,0.75,0.0,0.0,AUX,?,,,,proton,False,False,False,,
1,201,p0201,-1.3672,1.7109,0.25,0.75,0.0,0.0,AUX,?,,,,photon,False,False,False,,
1,202,p0202,-2.4512,2.4512,0.0,1.0,0.0,0.0,AUX,?,,,,neutron,False,False,False,,
1,203,p0203,-1.0977,1.1758,0.25,0.75,0.0,0.0,AUX,?,,,,electron,False,False,False,,
1,204,p0204,-0.6953,0.7422,0.25,0.75,0.0,0.0,AUX,?,,,,proton,False,False,False,,
1,205,p0205,-0.4297,0.4297,0.0,1.0,0.0,0.0,AUX,?,,,,proton,False,False,False,,
1,206,p0206,-2.1641,2.9062,0.25,0.75,0.0,0.0,AUX,?,,,,proton,False,False,False,,
1,207,p0207,-2.3633,2.3633,0.0,1.0,0.0,0.0,AUX,?,,,,neutron,False,False,False,,
1,208,p0208,-1.3789,1.3789,0.0,1.0,0.0,0.0,AUX,?,,,,photon,False,False,False,,
1,209,p0209,-1.3164,1.8398,0.25,0.75,0.0,0.0,AUX,?,,,,neutron,False,False,False,,
1,210,p0210,-1.2461,1.2461,0.0,0.875,0.0,0.0,AUX,?,,,,neutron,False,False,False,,
1,211,p0211,-0.6484,0.6484,0.0,1.0,0.0,0.0,AUX,?,,,,proton,False,False,False,,
1,212,p0212,-3.1055,3.1055,0.0,1.0,0.0,0.0,AUX,?,,,,photon,False,False,False,,
1,213,p0213,-1.8867,1.8867,0.0,1.0,0.0,0.0,AUX,?,,,,photon,False,False,False,,
1,214,p0214,-1.2031,1.2969,0.25,0.75,0.0,0.0,AUX,?,,,,electron,False,False,False,,
1,215,p0215,-0.7422,0.7422,0.0,1.0,0.0,0.0,AUX,?,,,,proton,False,False,False,,
1,216,p0216,-1.9551,1.9551,0.0,1.0,0.0,0.0,AUX,?,,,,neutron,False,False,False,,
1,217,p0217,-2.2031,2.2031,0.0,1.0,0.0,0.0,AUX,?,,,,neutron,False,False,False,,
1,218,p0218,-2.6719,2.6719,0.0,1.0,0.0,0.0,AUX,?,,,,electron,False,False,False,,
1,219,p0219,-1.125,1.2031,0.25,0.75,0.0,0.0,AUX,?,,,,electron,False,False,False,,
1,220,p0220,-0.6719,0.8594,0.25,0.75,0.0,0.0,AUX,?,,,,neutron,False,False,False,,
1,221,p0221,-1.75,1.75,0.0,1.0,0.0,0.0,AUX,?,,,,photon,False,False,False,,
1,222,p0222,-1.6562,1.6562,0.0,1.0,0.0,0.0,AUX,?,,,,photon,False,False,False,,
1,223,p0223,-2.4258,2.4258,0.0,1.0,0.0,0.0,AUX,?,,,,photon,False,False,False,,
1,224,p0224,-1.3945,1.5352,0.25,0.75,0.0,0.0,AUX,?,,,,electron,False,False,False,,
1,225,p0225,-2.1797,2.1797,0.0,1.0,1.0,0.125,AUX,?,,,,photon,False,False,False,,
1,226,p0226,-0.6289,0.6289,0.0,1.0,0.0,0.0,AUX,?,,,,photon,False,False,False,,
1,227,p0227,-0.1211,0.1211,0.0,0.375,0.0,0.0,AUX,?,,,,photon,False,False,False,,
1,228,p0228,-2.6719,2.6719,0.0,1.0,0.0,0.0,AUX,?,,,,photon,False,False,False,,
1,229,p0229,-1.5234,1.5234,0.0,1.0,0.0,0.0,AUX,?,,,,proton,False,False,False,,
1,230,p0230,-2.8906,2.9531,0.25,0.75,0.0,0.0,AUX,?,,,,neutron,False,False,False,,
1,231,p0231,-2.5547,2.5547,0.0,1.0,0.0,0.0,AUX,?,,,,photon,False,False,False,,
1,232,p0232,0.082,0.3945,0.25,0.75,0.0,0.0,AUX,?,,,,proton,False,False,False,,
1,233,p0233,-2.2578,2.2578,0.0,1.0,0.0,0.0,AUX,?,,,,photon,False,False,False,,
1,234,p0234,-1.4062,1.4062,0.0,1.0,0.0,0.0,AUX,?,,,,photon,False,False,False,,
1,235,p0235,-1.9141,1.9141,0.0,1.0,0.0,0.0,AUX,?,,,,photon,False,False,False,,
1,236,p0236,-1.3672,1.4609,0.25,0.75,0.0,0.0,AUX,?,,,,electron,False,False,False,,
1,237,p0237,-1.4922,1.7109,0.25,0.75,0.0,0.0,AUX,?,,,,proton,False,False,False,,
1,238,p0238,-0.1367,0.1992,0.25,0.75,0.0,0.0,AUX,?,,,,proton,False,False,False,,
1,239,p0239,-1.7031,1.7031,0.0,1.0,0.0,0.0,AUX,?,,,,neutron,False,False,False,,
1,240,p0240,-1.7969,1.9062,0.25,0.75,0.0,0.0,AUX,?,,,,photon,False,False,False,,
1,241,p0241,-1.0781,1.2656,0.25,0.75,0.0,0.0,AUX,?,,,,proton,False,False,False,,
1,242,p0242,-1.6094,1.6094,0.0,1.0,0.0,0.0,AUX,?,,,,photon,False,False,False,,
1,243,p0243,-1.1523,1.8789,0.25,0.75,0.0,0.0,AUX,?,,,,neutron,False,False,False,,
1,244,p0244,-0.4336,0.4336,0.0,1.0,0.0,0.0,AUX,?,,,,proton,False,False,False,,
1,245,p0245,-1.5781,1.5938,0.25,0.75,0.0,0.0,AUX,?,,,,photon,False,False,False,,
1,246,p0246,-2.7207,3.4082,0.25,0.75,0.0,0.0,AUX,?,,,,neutron,False,False,False,,
1,247,p0247,-1.6133,1.6133,0.0,1.0,0.0,0.0,AUX,?,,,,photon,False,False,False,,
1,248,p0248,-1.4102,1.4102,0.0,1.0,0.0,0.0,AUX,?,,,,photon,False,False,False,,
1,249,p0249,-0.9648,1.3789,0.25,0.75,0.0,0.0,AUX,?,,,,photon,False,False,False,,
1,250,p0250,-1.125,1.5625,0.25,0.75,0.0,0.0,AUX,?,,,,photon,False,False,False,,
1,251,p0251,-1.4805,1.4805,0.0,1.0,0.0,0.0,AUX,?,,,,photon,False,False,False,,
1,252,p0252,-2.1641,2.1641,0.0,1.0,0.0,0.0,AUX,?,,,,neutron,False,False,False,,
1,253,p0253,-1.8242,1.8242,0.0,1.0,0.0,0.0,AUX,?,,,,photon,False,False,False,,
1,254,p0254,-2.8359,3.2422,0.25,0.75,0.0,0.0,AUX,?,,,,neutron,False,False,False,,
1,255,p0255,-1.3789,1.4648,0.25,0.75,0.0,0.0,AUX,?,,,,photon,False,False,False,,
1,256,p0256,-1.6914,1.957,0.25,0.75,0.0,0.0,AUX,?,,,,photon,False,False,False,,
1,257,p0257,-0.4766,0.6484,0.25,0.75,0.0,0.0,AUX,?,,,,proton,False,False,False,,
1,258,p0258,-1.6172,2.3359,0.25,0.75,0.0,0.0,AUX,?,,,,neutron,False,False,False,,
1,259,p0259,-0.8047,0.8828,0.25,0.75,0.0,0.0,AUX,?,,,,electron,False,False,False,,
1,260,p0260,-1.8828,1.8828,0.0,1.0,0.0,0.0,AUX,?,,,,electron,False,False,False,,
1,261,p0261,-2.3555,2.5508,0.25,0.75,0.0,0.0,AUX,?,,,,photon,False,False,False,,
1,262,p0262,-1.8984,1.8984,0.0,1.0,0.0,0.0,AUX,?,,,,neutron,False,False,False,,
1,263,p0263,-1.8789,1.8789,0.0,1.0,0.0,0.0,AUX,?,,,,electron,False,False,False,,
1,264,p0264,-1.9453,1.9453,0.0,1.0,0.0,0.0,AUX,?,,,,photon,False,False,False,,
1,265,p0265,-1.2422,1.2422,0.0,1.0,0.0,0.0,AUX,?,,,,proton,False,False,False,,
1,266,p0266,-0.7812,1.0,0.25,0.75,0.0,0.0,AUX,?,,,,electron,False,False,False,,
1,267,p0267,-2.2383,2.2383,0.0,1.0,0.0,0.0,AUX,?,,,,proton,False,False,False,,
1,268,p0268,-0.5234,0.5234,0.0,1.0,0.0,0.0,AUX,?,,,,proton,False,False,False,,
1,269,p0269,-1.5586,1.5586,0.0,1.0,0.0,0.0,AUX,?,,,,photon,False,False,False,,
1,270,p0270,-2.875,2.875,0.0,1.0,0.0,0.0,AUX,?,,,,neutron,False,False,False,,
1,271,p0271,-1.1992,1.418,0.25,0.75,0.0,0.0,AUX,?,,,,electron,False,False,False,,
1,272,p0272,-1.9414,2.0039,0.25,0.75,0.0,0.0,AUX,?,,,,neutron,False,False,False,,
1,273,p0273,-2.8945,2.8945,0.0,0.875,0.0,0.0,AUX,?,,,,neutron,False,False,False,,
1,274,p0274,-1.793,1.793,0.0,1.0,0.0,0.0,AUX,?,,,,electron,False,False,False,,
1,275,p0275,-1.9141,2.1328,0.25,0.75,0.0,0.0,AUX,?,,,,neutron,False,False,False,,
1,276,p0276,-1.4922,1.7344,0.25,0.75,0.0,0.0,AUX,?,,,,proton,False,False,False,,
1,277,p0277,-0.3438,0.4688,0.25,0.75,0.0,0.0,AUX,?,,,,neutron,False,False,False,,
1,278,p0278,-1.1289,1.1289,0.0,1.0,0.0,0.0,AUX,?,,,,photon,False,False,False,,
1,279,p0279,-0.5938,0.5938,0.0,1.0,0.0,0.0,AUX,?,,,,photon,False,False,False,,
1,280,p0280,-2.7383,2.7383,0.0,1.0,0.0,0.0,AUX,?,,,,photon,False,False,False,,
1,281,p0281,-0.3945,0.3984,0.125,0.875,0.0,0.0,AUX,?,,,,proton,False,False,False,,
1,282,p0282,-1.9141,2.0391,0.25,0.75,0.0,0.0,AUX,?,,,,electron,False,False,False,,
1,283,p0283,-2.0547,2.0547,0.0,1.0,0.0,0.0,AUX,?,,,,neutron,False,False,False,,
1,284,p0284,-0.668,1.2461,0.25,0.75,0.0,0.0,AUX,?,,,,proton,False,False,False,,
1,285,p0285,-1.0977,1.0977,0.0,1.0,0.0,0.0,AUX,?,,,,neutron,False,False,False,,
1,286,p0286,-1.5469,1.7344,0.25,0.75,0.0,0.0,AUX,?,,,,photon,False,False,False,,
1,287,p0287,-2.5703,2.6484,0.25,0.75,0.0,0.0,AUX,?,,,,electron,False,False,False,,
1,288,p0288,-1.8672,2.2266,0.25,0.75,0.0,0.0,AUX,?,,,,photon,False,False,False,,
1,289,p0289,-1.457,1.5273,0.25,0.75,0.0,0.0,AUX,?,,,,proton,False,False,False,,
1,290,p0290,-1.8359,1.8359,0.0,1.0,0.0,0.0,AUX,?,,,,neutron,False,False,False,,
1,291,p0291,-0.6367,0.7773,0.25,0.75,0.0,0.0,AUX,?,,,,photon,False,False,False,,
1,292,p0292,-1.2422,1.6953,0.25,0.75,0.0,0.0,AUX,?,,,,photon,False,False,False,,
1,293,p0293,-1.3047,1.3047,0.0,1.0,0.0,0.0,AUX,?,,,,photon,False,False,False,,
1,294,p0294,-0.8438,0.8906,0.25,0.75,0.0,0.0,AUX,?,,,,photon,False,False,False,,
1,295,p0295,-1.0078,1.1953,0.25,0.75,0.0,0.0,AUX,?,,,,photon,False,False,False,,
1,296,p0296,-2.6406,2.8438,0.25,0.75,0.0,0.0,AUX,?,,,,electron,False,False,False,,
1,297,p0297,-2.1172,2.25,0.25,0.75,0.0,0.0,AUX,?,,,,electron,False,False,False,,
1,298,p0298,-1.9297,2.0078,0.25,0.75,0.0,0.0,AUX,?,,,,neutron,False,False,False,,
1,299,p0299,-0.2031,0.5312,0.25,0.75,0.0,0.0,AUX,?,,,,proton,False,False,False,,
1,300,p0300,-2.5938,3.0312,0.25,0.75,0.0,0.0,AUX,?,,,,neutron,False,False,False,,
1,301,p0301,-3.2031,3.8125,0.25,0.75,4.0,0.5,AUX,?,,,,neutron,False,False,False,,
1,302,p0302,-1.8203,1.8203,0.0,1.0,0.0,0.0,AUX,?,,,,neutron,False,False,False,,
1,303,p0303,-2.3398,2.3398,0.0,1.0,0.0,0.0,AUX,?,,,,neutron,False,False,False,,
1,304,p0304,-1.75,1.75,0.0,1.0,0.0,0.0,AUX,?,,,,electron,False,False,False,,
1,305,p0305,-3.5508,3.5508,0.0,1.0,0.0,0.0,AUX,?,,,,photon,False,False,False,,
1,306,p0306,-2.9062,2.9062,0.0,1.0,0.0,0.0,AUX,?,,,,photon,False,False,False,,
1,307,p0307,-0.9297,0.9297,0.0,1.0,0.0,0.0,AUX,?,,,,photon,False,False,False,,
1,308,p0308,-1.7969,1.9531,0.25,0.75,0.0,0.0,AUX,?,,,,electron,False,False,False,,
1,309,p0309,-1.3594,1.3594,0.0,1.0,0.0,0.0,AUX,?,,,,electron,False,False,False,,
1,310,p0310,-2.207,2.3633,0.25,0.75,0.0,0.0,AUX,?,,,,electron,False,False,False,,
1,311,p0311,-2.418,2.418,0.0,1.0,0.0,0.0,AUX,?,,,,electron,False,False,False,,
1,312,p0312,-3.1641,3.1641,0.0,1.0,0.0,0.0,AUX,?,,,,neutron,False,False,False,,
1,313,p0313,-3.3906,3.3906,0.0,1.0,0.0,0.0,AUX,?,,,,neutron,False,False,False,,
1,314,p0314,-1.7422,2.2578,0.25,0.75,0.0,0.0,AUX,?,,,,electron,False,False,False,,
1,315,p0315,-0.9297,0.9297,0.0,1.0,0.0,0.0,AUX,?,,,,photon,False,False,False,,
1,316,p0316,-2.0469,2.0469,0.0,1.0,0.0,0.0,AUX,?,,,,photon,False,False,False,,
1,317,p0317,-1.3594,1.4219,0.25,0.75,0.0,0.0,AUX,?,,,,neutron,False,False,False,,
1,318,p0318,-2.1758,2.1758,0.0,1.0,0.0,0.0,AUX,?,,,,photon,False,False,False,,
1,319,p0319,-1.582,1.582,0.0,1.0,0.0,0.0,AUX,?,,,,neutron,False,False,False,,
1,320,p0320,-1.2461,1.2461,0.0,1.0,0.0,0.0,AUX,?,,,,photon,False,False,False,,
1,321,p0321,-0.2031,0.2031,0.0,1.0,0.0,0.0,AUX,?,,,,proton,False,False,False,,
1,322,p0322,-2.2461,2.2461,0.0,1.0,0.0,0.0,AUX,?,,,,neutron,False,False,False,,
1,323,p0323,-1.5312,1.5312,0.0,1.0,0.0,0.0,AUX,?,,,,photon,False,False,False,,
1,324,p0324,-1.8984,1.8984,0.0,1.0,0.0,0.0,AUX,?,,,,proton,False,False,False,,
1,325,p0325,-2.9336,2.9336,0.0,1.0,0.0,0.0,AUX,?,,,,photon,False,False,False,,
1,326,p0326,-2.9805,2.9805,0.0,1.0,0.0,0.0,AUX,?,,,,photon,False,False,False,,
1,327,p0327,-1.875,1.875,0.0,1.0,0.0,0.0,AUX,?,,,,electron,False,False,False,,
1,328,p0328,-0.8438,1.4141,0.25,0.75,0.0,0.0,AUX,?,,,,neutron,False,False,False,,
1,329,p0329,-1.9805,1.9805,0.0,1.0,0.0,0.0,AUX,?,,,,photon,False,False,False,,
1,330,p0330,-1.9688,1.9688,0.0,1.0,0.0,0.0,AUX,?,,,,neutron,False,False,False,,
1,331,p0331,-2.2344,2.2344,0.0,1.0,0.0,0.0,AUX,?,,,,neutron,False,False,False,,
1,332,p0332,-1.4844,1.4844,0.0,1.0,0.0,0.0,AUX,?,,,,photon,False,False,False,,
1,333,p0333,-1.3359,1.3359,0.0,1.0,0.0,0.0,AUX,?,,,,photon,False,False,False,,
1,334,p0334,-1.6953,1.6953,0.0,1.0,0.0,0.0,AUX,?,,,,neutron,False,False,False,,
1,335,p0335,0.2578,0.4922,0.75,0.25,0.0,0.0,AUX,?,,,,proton,False,False,False,,
1,336,p0336,-0.7461,0.7461,0.0,1.0,0.0,0.0,AUX,?,,,,electron,False,False,False,,
1,337,p0337,-1.0508,1.0508,0.0,1.0,0.0,0.0,AUX,?,,,,proton,False,False,False,,
1,338,p0338,-1.5117,1.6602,0.25,0.75,0.0,0.0,AUX,?,,,,neutron,False,False,False,,
1,339,p0339,-2.625,2.625,0.0,1.0,0.0,0.0,AUX,?,,,,neutron,False,False,False,,
1,340,p0340,-0.4844,0.8438,0.25,0.75,0.0,0.0,AUX,?,,,,photon,False,False,False,,
1,341,p0341,-0.7148,0.7148,0.0,1.0,0.0,0.0,AUX,?,,,,proton,False,False,False,,
1,342,p0342,-1.3203,1.3516,0.125,0.75,0.0,0.0,AUX,?,,,,electron,False,False,False,,
1,343,p0343,-2.4922,2.8359,0.25,0.75,0.0,0.0,AUX,?,,,,neutron,False,False,False,,
1,344,p0344,-1.4531,1.4531,0.0,1.0,0.0,0.0,AUX,?,,,,photon,False,False,False,,
1,345,p0345,-1.4766,1.6562,0.25,0.75,0.0,0.0,AUX,?,,,,neutron,False,False,False,,
1,346,p0346,-1.4102,1.4102,0.0,1.0,0.0,0.0,AUX,?,,,,photon,False,False,False,,
1,347,p0347,-0.2422,0.2422,0.0,1.0,0.0,0.0,AUX,?,,,,proton,False,False,False,,
1,348,p0348,-2.2812,2.2812,0.0,1.0,0.0,0.0,AUX,?,,,,photon,False,False,False,,
1,349,p0349,-2.5508,3.4648,0.25,0.75,0.0,0.0,AUX,?,,,,neutron,False,False,False,,
1,350,p0350,-2.5664,2.5664,0.0,1.0,0.0,0.0,AUX,?,,,,photon,False,False,False,,
1,351,p0351,-2.332,2.7227,0.25,0.75,0.0,0.0,AUX,?,,,,photon,False,False,False,,
1,352,p0352,-1.5938,1.625,0.25,0.75,0.0,0.0,AUX,?,,,,neutron,False,False,False,,
1,353,p0353,-1.5391,1.8203,0.25,0.75,0.0,0.0,AUX,?,,,,proton,False,False,False,,
1,354,p0354,-1.5312,1.5312,0.0,1.0,0.0,0.0,AUX,?,,,,photon,False,False,False,,
1,355,p0355,-2.6445,2.8086,0.25,0.75,0.0,0.0,AUX,?,,,,photon,False,False,False,,
1,356,p0356,-2.4961,2.6211,0.25,0.75,0.0,0.0,AUX,?,,,,electron,False,False,False,,
1,357,p0357,-0.7266,0.7266,0.0,1.0,0.0,0.0,AUX,?,,,,photon,False,False,False,,
1,358,p0358,-1.7578,1.7578,0.0,1.0,0.0,0.0,AUX,?,,,,photon,False,False,False,,
1,359,p0359,0.2891,0.3359,0.75,0.25,0.0,0.0,AUX,?,,,,proton,False,False,False,,
1,360,p0360,-1.4297,1.4297,0.0,1.0,0.0,0.0,AUX,?,,,,photon,False,False,False,,
1,361,p0361,-0.3711,0.3711,0.0,1.0,0.0,0.0,AUX,?,,,,proton,False,False,False,,
1,362,p0362,-1.3711,1.3711,0.0,1.0,0.0,0.0,AUX,?,,,,neutron,False,False,False,,
1,363,p0363,-2.1328,2.7109,0.25,0.75,0.0,0.0,AUX,?,,,,neutron,False,False,False,,
1,364,p0364,-1.4688,1.6562,0.25,0.75,0.0,0.0,AUX,?,,,,proton,False,False,False,,
1,365,p0365,-1.7383,2.4883,0.25,0.75,0.0,0.0,AUX,?,,,,neutron,False,False,False,,
1,366,p0366,-2.6562,3.1719,0.25,0.75,0.0,0.0,AUX,?,,,,photon,False,False,False,,
1,367,p0367,-3.3008,3.6602,0.25,0.75,5.0,0.625,AUX,?,,,,neutron,False,False,False,,
1,368,p0368,-0.6406,0.6406,0.0,1.0,0.0,0.0,AUX,?,,,,photon,False,False,False,,
1,369,p0369,-1.1953,1.1953,0.0,1.0,0.0,0.0,AUX,?,,,,photon,False,False,False,,
1,370,p0370,-1.6094,2.1719,0.25,0.75,0.0,0.0,AUX,?,,,,electron,False,False,False,,
1,371,p0371,-1.0703,1.0703,0.0,1.0,0.0,0.0,AUX,?,,,,photon,False,False,False,,
1,372,p0372,-2.2266,2.2266,0.0,1.0,0.0,0.0,AUX,?,,,,photon,False,False,False,,
1,373,p0373,-0.6797,1.0469,0.25,0.75,0.0,0.0,AUX,?,,,,proton,False,False,False,,
1,374,p0374,-0.5742,0.5742,0.0,1.0,0.0,0.0,AUX,?,,,,proton,False,False,False,,
1,375,p0375,-3.2109,3.2109,0.0,1.0,0.0,0.0,AUX,?,,,,photon,False,False,False,,
1,376,p0376,-1.9121,1.9121,0.0,1.0,0.0,0.0,AUX,?,,,,electron,False,False,False,,
1,377,p0377,-2.7617,2.9023,0.25,0.75,0.0,0.0,AUX,?,,,,electron,False,False,False,,
1,378,p0378,-2.1016,2.1016,0.0,1.0,0.0,0.0,AUX,?,,,,photon,False,False,False,,
1,379,p0379,-0.4844,0.4844,0.0,1.0,0.0,0.0,AUX,?,,,,proton,False,False,False,,
1,380,p0380,-1.1836,1.1836,0.0,1.0,0.0,0.0,AUX,?,,,,photon,False,False,False,,
1,381,p0381,-2.0664,2.1055,0.125,0.75,0.0,0.0,AUX,?,,,,neutron,False,False,False,,
1,382,p0382,-2.6641,2.6641,0.0,1.0,0.0,0.0,AUX,?,,,,photon,False,False,False,,
1,383,p0383,-0.8125,1.0312,0.25,0.75,0.0,0.0,AUX,?,,,,photon,False,False,False,,
1,384,p0384,-0.6719,0.6719,0.0,1.0,0.0,0.0,AUX,?,,,,proton,False,False,False,,
1,385,p0385,-2.082,2.2695,0.25,0.75,0.0,0.0,AUX,?,,,,neutron,False,False,False,,
1,386,p0386,-1.2344,1.2344,0.0,1.0,0.0,0.0,AUX,?,,,,electron,False,False,False,,
1,387,p0387,-0.5469,0.5469,0.0,1.0,0.0,0.0,AUX,?,,,,neutron,False,False,False,,
1,388,p0388,-2.8164,3.1055,0.25,0.75,0.0,0.0,AUX,?,,,,electron,False,False,False,,
1,389,p0389,-1.0781,1.0781,0.0,1.0,0.0,0.0,AUX,?,,,,neutron,False,False,False,,
1,390,p0390,-2.2188,2.5156,0.25,0.75,0.0,0.0,AUX,?,,,,neutron,False,False,False,,
1,391,p0391,-1.2656,1.2656,0.0,1.0,0.0,0.0,AUX,?,,,,photon,False,False,False,,
1,392,p0392,-1.8438,2.3906,0.25,0.75,0.0,0.0,AUX,?,,,,electron,False,False,False,,
1,393,p0393,-1.7891,1.7891,0.0,1.0,0.0,0.0,AUX,?,,,,proton,False,False,False,,
1,394,p0394,-2.5547,2.6328,0.25,0.75,0.0,0.0,AUX,?,,,,photon,False,False,False,,
1,395,p0395,-2.4648,2.4648,0.0,1.0,0.0,0.0,AUX,?,,,,neutron,False,False,False,,
1,396,p0396,-1.9453,2.4766,0.25,0.75,0.0,0.0,AUX,?,,,,neutron,False,False,False,,
1,397,p0397,-2.2969,2.2969,0.0,1.0,0.0,0.0,AUX,?,,,,electron,False,False,False,,
1,398,p0398,-3.125,3.7188,0.25,0.75,2.0,0.25,AUX,?,,,,neutron,False,False,False,,
1,399,p0399,-1.082,1.082,0.0,1.0,0.0,0.0,AUX,?,,,,photon,False,False,False,,
1,400,p0400,-1.1211,1.1211,0.0,1.0,0.0,0.0,AUX,?,,,,photon,False,False,False,,
1,401,p0401,-1.8789,2.1758,0.25,0.75,0.0,0.0,AUX,?,,,,neutron,False,False,False,,
1,402,p0402,-1.2656,1.2656,0.0,1.0,0.0,0.0,AUX,?,,,,photon,False,False,False,,
1,403,p0403,-0.3203,0.3906,0.25,0.75,0.0,0.0,AUX,?,,,,proton,False,False,False,,
1,404,p0404,-1.0664,1.5742,0.25,0.75,0.0,0.0,AUX,?,,,,electron,False,False,False,,
1,405,p0405,-0.2109,0.2109,0.0,1.0,0.0,0.0,AUX,?,,,,photon,False,False,False,,
1,406,p0406,-3.168,4.0898,0.25,0.75,6.0,0.75,AUX,?,,,,neutron,False,False,False,,
1,407,p0407,-0.7578,0.9688,0.25,0.75,0.0,0.0,AUX,?,,,,photon,False,False,False,,
1,408,p0408,-1.1484,1.1484,0.0,1.0,0.0,0.0,AUX,?,,,,photon,False,False,False,,
1,409,p0409,-0.6914,0.9492,0.25,0.75,0.0,0.0,AUX,?,,,,proton,False,False,False,,
1,410,p0410,-1.3125,1.3125,0.0,1.0,0.0,0.0,AUX,?,,,,photon,False,False,False,,
1,411,p0411,-1.8867,1.918,0.125,0.875,0.0,0.0,AUX,?,,,,electron,False,False,False,,
1,412,p0412,-1.4453,1.4766,0.25,0.75,0.0,0.0,AUX,?,,,,proton,False,False,False,,
1,413,p0413,-5.1953,5.1953,0.0,1.0,8.0,1.0,AUX,?,,,,photon,False,False,False,,
1,414,p0414,-1.5391,1.9453,0.25,0.75,0.0,0.0,AUX,?,,,,neutron,False,False,False,,
1,415,p0415,0.043,0.2227,0.75,0.25,0.0,0.0,AUX,?,,,,proton,False,False,False,,
1,416,p0416,-1.3789,1.3789,0.0,1.0,0.0,0.0,AUX,?,,,,neutron,False,False,False,,
1,417,p0417,-0.2266,0.9609,0.25,0.75,0.0,0.0,AUX,?,,,,photon,False,False,False,,
1,418,p0418,-1.457,1.5195,0.25,0.75,0.0,0.0,AUX,?,,,,photon,False,False,False,,
1,419,p0419,-2.4727,2.4727,0.0,1.0,0.0,0.0,AUX,?,,,,photon,False,False,False,,
1,420,p0420,-0.3984,0.3984,0.0,1.0,0.0,0.0,AUX,?,,,,photon,False,False,False,,
1,421,p0421,-1.2383,1.2383,0.0,1.0,0.0,0.0,AUX,?,,,,proton,False,False,False,,
1,422,p0422,-0.5234,0.7422,0.25,0.75,0.0,0.0,AUX,?,,,,neutron,False,False,False,,
1,423,p0423,-1.875,1.875,0.0,1.0,0.0,0.0,AUX,?,,,,electron,False,False,False,,
1,424,p0424,-1.0078,1.3359,0.25,0.75,0.0,0.0,AUX,?,,,,photon,False,False,False,,
1,425,p0425,-1.2969,1.2969,0.0,1.0,0.0,0.0,AUX,?,,,,neutron,False,False,False,,
1,426,p0426,-0.2344,0.2344,0.0,1.0,0.0,0.0,AUX,?,,,,proton,False,False,False,,
1,427,p0427,-1.3203,1.4141,0.25,0.75,0.0,0.0,AUX,?,,,,proton,False,False,False,,
1,428,p0428,-2.6016,2.6016,0.0,1.0,0.0,0.0,AUX,?,,,,electron,False,False,False,,
1,429,p0429,-3.0234,3.6641,0.25,0.75,0.0,0.0,AUX,?,,,,electron,False,False,False,,
1,430,p0430,-0.8594,0.9844,0.25,0.75,0.0,0.0,AUX,?,,,,electron,False,False,False,,
1,431,p0431,-1.0391,1.0391,0.0,1.0,0.0,0.0,AUX,?,,,,neutron,False,False,False,,
1,432,p0432,-2.6953,2.6953,0.0,1.0,0.0,0.0,AUX,?,,,,photon,False,False,False,,
1,433,p0433,-1.043,1.0508,0.125,0.875,0.0,0.0,AUX,?,,,,electron,False,False,False,,
1,434,p0434,-1.9141,2.0859,0.25,0.75,0.0,0.0,AUX,?,,,,neutron,False,False,False,,
1,435,p0435,0.1484,0.1484,1.0,0.0,0.0,0.0,AUX,?,,,,photon,False,False,False,,
1,436,p0436,-1.8867,1.8867,0.0,1.0,0.0,0.0,AUX,?,,,,photon,False,False,False,,
1,437,p0437,-1.8672,1.8672,0.0,1.0,0.0,0.0,AUX,?,,,,electron,False,False,False,,
1,438,p0438,-0.6055,0.6289,0.25,0.75,0.0,0.0,AUX,?,,,,photon,False,False,False,,
1,439,p0439,-1.9453,1.9453,0.0,1.0,0.0,0.0,AUX,?,,,,electron,False,False,False,,
1,440,p0440,-0.6016,0.6016,0.0,1.0,0.0,0.0,AUX,?,,,,proton,False,False,False,,
1,441,p0441,-0.3203,0.4609,0.25,0.75,0.0,0.0,AUX,?,,,,proton,False,False,False,,
1,442,p0442,-2.0039,2.1602,0.25,0.75,0.0,0.0,AUX,?,,,,proton,False,False,False,,
1,443,p0443,-0.4219,0.4297,0.125,0.875,0.0,0.0,AUX,?,,,,photon,False,False,False,,
1,444,p0444,-1.4805,2.293,0.25,0.75,0.0,0.0,AUX,?,,,,electron,False,False,False,,
1,445,p0445,-2.2188,2.2188,0.0,1.0,0.0,0.0,AUX,?,,,,electron,False,False,False,,
1,446,p0446,-0.6641,0.6797,0.125,0.875,0.0,0.0,AUX,?,,,,photon,False,False,False,,
2,0,p0000,-2.7062,2.7062,0.0,1.0,0.0,0.0,AUX,?,,,,electron,False,False,False,,
2,1,p0001,-2.8938,2.8938,0.0,1.0,0.0,0.0,AUX,?,,,,electron,False,False,False,,
2,2,p0002,-0.1625,0.1625,0.0,1.0,0.0,0.0,AUX,?,,,,neutron,False,False,False,,
2,3,p0003,-0.65,0.65,0.0,1.0,0.0,0.0,AUX,?,,,,neutron,False,False,False,,
2,4,p0004,-1.675,1.675,0.0,1.0,0.0,0.0,AUX,?,,,,neutron,False,False,False,,
2,5,p0005,-0.3062,0.3062,0.0,1.0,0.0,0.0,AUX,?,,,,photon,False,False,False,,
2,6,p0006,-1.1,1.1,0.0,1.0,0.0,0.0,AUX,?,,,,neutron,False,False,False,,
2,7,p0007,-1.9625,1.9625,0.0,1.0,0.0,0.0,AUX,?,,,,electron,False,False,False,,
2,8,p0008,-1.3125,1.3125,0.0,1.0,0.0,0.0,AUX,?,,,,proton,False,False,False,,
2,9,p0009,-2.15,2.15,0.0,1.0,0.0,0.0,AUX,?,,,,proton,False,False,False,,
2,10,p0010,-1.8625,1.8625,0.0,1.0,0.0,0.0,AUX,?,,,,proton,False,False,False,,
2,11,p0011,-0.7188,0.7188,0.0,1.0,0.0,0.0,AUX,?,,,,photon,False,False,False,,
2,12,p0012,-3.825,3.825,0.0,1.0,0.0,0.0,AUX,?,,,,neutron,False,False,False,,
2,13,p0013,-0.475,0.475,0.0,1.0,0.0,0.0,AUX,?,,,,neutron,False,False,False,,
2,14,p0014,-4.9125,4.9125,0.0,1.0,5.0,1.0,AUX,?,,,,neutron,False,False,False,,
2,15,p0015,-1.775,1.775,0.0,1.0,0.0,0.0,AUX,?,,,,neutron,False,False,False,,
2,16,p0016,-1.5875,1.5875,0.0,1.0,0.0,0.0,AUX,?,,,,photon,False,False,False,,
2,17,p0017,-3.375,3.375,0.0,1.0,0.0,0.0,AUX,?,,,,photon,False,False,False,,
2,18,p0018,-2.3062,2.3062,0.0,1.0,0.0,0.0,AUX,?,,,,neutron,False,False,False,,
2,19,p0019,-0.1688,0.1688,0.0,1.0,0.0,0.0,AUX,?,,,,proton,False,False,False,,
2,20,p0020,-0.7375,0.7375,0.0,1.0,0.0,0.0,AUX,?,,,,photon,False,False,False,,
2,21,p0021,-0.3625,0.3625,0.0,1.0,0.0,0.0,AUX,?,,,,electron,False,False,False,,
2,22,p0022,-0.95,0.95,0.0,1.0,0.0,0.0,AUX,?,,,,proton,False,False,False,,
2,23,p0023,0.8156,0.8156,1.0,0.0,0.0,0.0,AUX,?,,,,proton,False,False,False,,
2,24,p0024,-1.35,1.35,0.0,1.0,0.0,0.0,AUX,?,,,,electron,False,False,False,,
2,25,p0025,-2.1938,2.1938,0.0,1.0,0.0,0.0,AUX,?,,,,photon,False,False,False,,
2,26,p0026,-2.1,2.1,0.0,1.0,0.0,0.0,AUX,?,,,,proton,False,False,False,,
2,27,p0027,-1.2844,1.2844,0.0,1.0,0.0,0.0,AUX,?,,,,proton,False,False,False,,
2,28,p0028,-1.0438,1.0438,0.0,1.0,0.0,0.0,AUX,?,,,,photon,False,False,False,,
2,29,p0029,-0.7625,0.7625,0.0,1.0,0.0,0.0,AUX,?,,,,electron,False,False,False,,
2,30,p0030,-0.8375,0.8375,0.0,1.0,0.0,0.0,AUX,?,,,,proton,False,False,False,,
2,31,p0031,-0.2688,0.2812,0.2,0.6,0.0,0.0,AUX,?,,,,electron,False,False,False,,
2,32,p0032,-1.7125,1.7125,0.0,1.0,0.0,0.0,AUX,?,,,,electron,False,False,False,,
2,33,p0033,-1.5312,1.5312,0.0,1.0,0.0,0.0,AUX,?,,,,proton,False,False,False,,
2,34,p0034,-0.5188,0.5188,0.0,1.0,0.0,0.0,AUX,?,,,,photon,False,False,False,,
2,35,p0035,-0.8688,0.8688,0.0,1.0,0.0,0.0,AUX,?,,,,photon,False,False,False,,
2,36,p0036,-1.425,1.425,0.0,1.0,0.0,0.0,AUX,?,,,,neutron,False,False,False,,
2,37,p0037,-1.4875,1.4875,0.0,1.0,0.0,0.0,AUX,?,,,,neutron,False,False,False,,
2,38,p0038,0.9,0.9,1.0,0.0,0.0,0.0,AUX,?,,,,neutron,False,False,False,,
2,39,p0039,-2.45,2.45,0.0,1.0,0.0,0.0,AUX,?,,,,proton,False,False,False,,
2,40,p0040,-1.0844,1.0844,0.0,1.0,0.0,0.0,AUX,?,,,,proton,False,False,False,,
2,41,p0041,0.075,0.35,0.6,0.4,0.0,0.0,AUX,?,,,,electron,False,False,False,,
2,42,p0042,-0.975,0.975,0.0,1.0,0.0,0.0,AUX,?,,,,electron,False,False,False,,
2,43,p0043,0.0875,0.0875,0.6,0.0,0.0,0.0,AUX,?,,,,photon,False,False,False,,
2,44,p0044,-1.5,1.5,0.0,1.0,0.0,0.0,AUX,?,,,,neutron,False,False,False,,
2,45,p0045,-3.5312,3.5312,0.0,1.0,0.0,0.0,AUX,?,,,,neutron,False,False,False,,
2,46,p0046,0.0,0.075,0.6,0.2,0.0,0.0,AUX,?,,,,neutron,False,False,False,,
2,47,p0047,-1.8938,1.8938,0.0,1.0,0.0,0.0,AUX,?,,,,photon,False,False,False,,
2,48,p0048,-1.6062,1.6062,0.0,1.0,0.0,0.0,AUX,?,,,,electron,False,False,False,,
2,49,p0049,-3.875,3.875,0.0,1.0,0.0,0.0,AUX,?,,,,photon,False,False,False,,
2,50,p0050,-7.85,7.85,0.0,1.0,5.0,1.0,AUX,?,,,,neutron,False,False,False,,
2,51,p0051,-1.4375,1.4375,0.0,1.0,0.0,0.0,AUX,?,,,,proton,False,False,False,,
2,52,p0052,-1.5438,1.5438,0.0,1.0,0.0,0.0,AUX,?,,,,neutron,False,False,False,,
2,53,p0053,-1.9438,1.9438,0.0,1.0,0.0,0.0,AUX,?,,,,photon,False,False,False,,
2,54,p0054,-2.8,2.8,0.0,1.0,0.0,0.0,AUX,?,,,,electron,False,False,False,,
2,55,p0055,-1.5562,1.5562,0.0,1.0,0.0,0.0,AUX,?,,,,electron,False,False,False,,
2,56,p0056,-2.425,2.425,0.0,1.0,0.0,0.0,AUX,?,,,,neutron,False,False,False,,
2,57,p0057,-1.6688,1.6688,0.0,1.0,0.0,0.0,AUX,?,,,,neutron,False,False,False,,
2,58,p0058,-2.65,2.65,0.0,1.0,0.0,0.0,AUX,?,,,,photon,False,False,False,,
2,59,p0059,-1.4312,1.4312,0.0,1.0,0.0,0.0,AUX,?,,,,photon,False,False,False,,
2,60,p0060,-1.5812,1.5812,0.0,1.0,0.0,0.0,AUX,?,,,,proton,False,False,False,,
2,61,p0061,-3.5938,3.5938,0.0,1.0,0.0,0.0,AUX,?,,,,neutron,False,False,False,,
2,62,p0062,-3.5688,3.5688,0.0,1.0,0.0,0.0,AUX,?,,,,photon,False,False,False,,
2,63,p0063,-2.5,2.5,0.0,1.0,0.0,0.0,AUX,?,,,,photon,False,False,False,,
2,64,p0064,-1.9125,1.9125,0.0,1.0,0.0,0.0,AUX,?,,,,proton,False,False,False,,
2,65,p0065,-2.0562,2.0562,0.0,1.0,0.0,0.0,AUX,?,,,,photon,False,False,False,,
2,66,p0066,-1.1938,1.1938,0.0,1.0,0.0,0.0,AUX,?,,,,proton,False,False,False,,
2,67,p0067,-1.325,1.325,0.0,1.0,0.0,0.0,AUX,?,,,,photon,False,False,False,,
2,68,p0068,-0.825,0.825,0.0,1.0,0.0,0.0,AUX,?,,,,neutron,False,False,False,,
2,69,p0069,-0.7625,0.7625,0.0,1.0,0.0,0.0,AUX,?,,,,photon,False,False,False,,
2,70,p0070,-0.9219,0.9219,0.0,1.0,0.0,0.0,AUX,?,,,,proton,False,False,False,,
2,71,p0071,-1.8,1.8,0.0,1.0,0.0,0.0,AUX,?,,,,proton,False,False,False,,
2,72,p0072,-3.5375,3.5375,0.0,1.0,0.0,0.0,AUX,?,,,,electron,False,False,False,,
2,73,p0073,-1.2188,1.2188,0.0,1.0,0.0,0.0,AUX,?,,,,neutron,False,False,False,,
2,74,p0074,-1.8,1.8,0.0,1.0,0.0,0.0,AUX,?,,,,proton,False,False,False,,
2,75,p0075,-1.7625,1.7625,0.0,1.0,0.0,0.0,AUX,?,,,,photon,False,False,False,,
2,76,p0076,-2.6312,2.6312,0.0,1.0,0.0,0.0,AUX,?,,,,neutron,False,False,False,,
2,77,p0077,-0.2188,0.2188,0.0,1.0,0.0,0.0,AUX,?,,,,photon,False,False,False,,
2,78,p0078,0.1,0.1,1.0,0.0,0.0,0.0,AUX,?,,,,photon,False,False,False,,
2,79,p0079,-0.8875,0.8875,0.0,1.0,0.0,0.0,AUX,?,,,,photon,False,False,False,,
2,80,p0080,-4.9688,4.9688,0.0,1.0,5.0,1.0,AUX,?,,,,neutron,False,False,False,,
2,81,p0081,-5.2625,5.2625,0.0,1.0,5.0,1.0,AUX,?,,,,neutron,False,False,False,,
2,82,p0082,-1.925,1.925,0.0,1.0,0.0,0.0,AUX,?,,,,photon,False,False,False,,
2,83,p0083,-0.8375,0.8375,0.0,1.0,0.0,0.0,AUX,?,,,,neutron,False,False,False,,
2,84,p0084,-0.9875,0.9875,0.0,1.0,0.0,0.0,AUX,?,,,,electron,False,False,False,,
2,85,p0085,-0.75,0.75,0.0,1.0,0.0,0.0,AUX,?,,,,proton,False,False,False,,
2,86,p0086,-3.2125,3.2125,0.0,1.0,0.0,0.0,AUX,?,,,,neutron,False,False,False,,
2,87,p0087,-1.4625,1.4625,0.0,1.0,0.0,0.0,AUX,?,,,,neutron,False,False,False,,
2,88,p0088,0.25,0.25,1.0,0.0,0.0,0.0,AUX,?,,,,neutron,False,False,False,,
2,89,p0089,-1.125,1.125,0.0,1.0,0.0,0.0,AUX,?,,,,proton,False,False,False,,
2,90,p0090,-2.525,2.525,0.0,1.0,0.0,0.0,AUX,?,,,,neutron,False,False,False,,
2,91,p0091,0.05,0.1,0.4,0.4,0.0,0.0,AUX,?,,,,photon,False,False,False,,
2,92,p0092,-0.5062,0.5062,0.0,1.0,0.0,0.0,AUX,?,,,,photon,False,False,False,,
2,93,p0093,-5.1125,5.1125,0.0,1.0,5.0,1.0,AUX,?,,,,neutron,False,False,False,,
2,94,p0094,-1.8875,1.8875,0.0,1.0,0.0,0.0,AUX,?,,,,electron,False,False,False,,
2,95,p0095,-1.6688,1.6688,0.0,1.0,0.0,0.0,AUX,?,,,,neutron,False,False,False,,
2,96,p0096,-1.6688,1.6688,0.0,1.0,0.0,0.0,AUX,?,,,,photon,False,False,False,,
2,97,p0097,-0.9625,0.9625,0.0,1.0,0.0,0.0,AUX,?,,,,neutron,False,False,False,,
2,98,p0098,-2.5562,2.5562,0.0,1.0,0.0,0.0,AUX,?,,,,electron,False,False,False,,
2,99,p0099,-2.55,2.55,0.0,1.0,0.0,0.0,AUX,?,,,,neutron,False,False,False,,
2,100,p0100,-1.175,1.175,0.0,1.0,0.0,0.0,AUX,?,,,,proton,False,False,False,,
2,101,p0101,-0.1812,0.1812,0.0,1.0,0.0,0.0,AUX,?,,,,proton,False,False,False,,
2,102,p0102,-1.1125,1.1125,0.0,1.0,0.0,0.0,AUX,?,,,,neutron,False,False,False,,
2,103,p0103,-2.4812,2.4812,0.0,1.0,0.0,0.0,AUX,?,,,,proton,False,False,False,,
2,104,p0104,-1.0625,1.0625,0.0,1.0,0.0,0.0,AUX,?,,,,electron,False,False,False,,
2,105,p0105,-1.7188,1.7188,0.0,1.0,0.0,0.0,AUX,?,,,,neutron,False,False,False,,
2,106,p0106,-1.9,1.9,0.0,1.0,0.0,0.0,AUX,?,,,,neutron,False,False,False,,
2,107,p0107,-1.9688,1.9688,0.0,1.0,0.0,0.0,AUX,?,,,,electron,False,False,False,,
2,108,p0108,-3.35,3.35,0.0,1.0,0.0,0.0,AUX,?,,,,neutron,False,False,False,,
2,109,p0109,-1.65,1.65,0.0,1.0,0.0,0.0,AUX,?,,,,photon,False,False,False,,
2,110,p0110,-3.6,3.6,0.0,1.0,0.0,0.0,AUX,?,,,,neutron,False,False,False,,
2,111,p0111,-1.0625,1.0625,0.0,1.0,0.0,0.0,AUX,?,,,,electron,False,False,False,,
2,112,p0112,-1.5375,1.5375,0.0,1.0,0.0,0.0,AUX,?,,,,electron,False,False,False,,
2,113,p0113,-0.4625,0.4625,0.0,1.0,0.0,0.0,AUX,?,,,,neutron,False,False,False,,
2,114,p0114,-3.1562,3.1562,0.0,1.0,0.0,0.0,AUX,?,,,,neutron,False,False,False,,
2,115,p0115,-1.025,1.025,0.0,1.0,0.0,0.0,AUX,?,,,,photon,False,False,False,,
2,116,p0116,-0.8,0.8,0.0,1.0,0.0,0.0,AUX,?,,,,electron,False,False,False,,
2,117,p0117,0.1031,0.1031,1.0,0.0,0.0,0.0,AUX,?,,,,electron,False,False,False,,
2,118,p0118,-2.8375,2.8375,0.0,1.0,0.0,0.0,AUX,?,,,,electron,False,False,False,,
2,119,p0119,-1.6625,1.6625,0.0,1.0,0.0,0.0,AUX,?,,,,neutron,False,False,False,,
2,120,p0120,0.0,0.1,0.4,0.4,0.0,0.0,AUX,?,,,,neutron,False,False,False,,
2,121,p0121,-3.5812,3.5812,0.0,1.0,0.0,0.0,AUX,?,,,,neutron,False,False,False,,
2,122,p0122,-2.1125,2.1125,0.0,1.0,0.0,0.0,AUX,?,,,,photon,False,False,False,,
2,123,p0123,-1.1625,1.1625,0.0,1.0,0.0,0.0,AUX,?,,,,photon,False,False,False,,
2,124,p0124,-0.375,0.375,0.0,1.0,0.0,0.0,AUX,?,,,,neutron,False,False,False,,
2,125,p0125,-1.575,1.575,0.0,1.0,0.0,0.0,AUX,?,,,,neutron,False,False,False,,
2,126,p0126,-1.2375,1.2375,0.0,1.0,0.0,0.0,AUX,?,,,,electron,False,False,False,,
2,127,p0127,-0.425,0.425,0.0,1.0,0.0,0.0,AUX,?,,,,photon,False,False,False,,
2,128,p0128,-0.125,0.125,0.0,1.0,0.0,0.0,AUX,?,,,,photon,False,False,False,,
2,129,p0129,-2.9375,2.9375,0.0,1.0,0.0,0.0,AUX,?,,,,electron,False,False,False,,
2,130,p0130,-1.475,1.475,0.0,1.0,0.0,0.0,AUX,?,,,,photon,False,False,False,,
2,131,p0131,-1.2188,1.2188,0.0,1.0,0.0,0.0,AUX,?,,,,neutron,False,False,False,,
2,132,p0132,-2.275,2.275,0.0,1.0,0.0,0.0,AUX,?,,,,photon,False,False,False,,
2,133,p0133,-1.4875,1.4875,0.0,1.0,0.0,0.0,AUX,?,,,,neutron,False,False,False,,
2,134,p0134,-3.9875,3.9875,0.0,1.0,0.0,0.0,AUX,?,,,,neutron,False,False,False,,
2,135,p0135,0.0812,0.0938,0.8,0.2,0.0,0.0,AUX,?,,,,proton,False,False,False,,
2,136,p0136,0.375,0.375,1.0,0.0,0.0,0.0,AUX,?,,,,neutron,False,False,False,,
2,137,p0137,-0.0438,0.0812,0.6,0.4,0.0,0.0,AUX,?,,,,proton,False,False,False,,
2,138,p0138,-0.875,0.875,0.0,1.0,0.0,0.0,AUX,?,,,,neutron,False,False,False,,
2,139,p0139,-1.8,1.8,0.0,1.0,0.0,0.0,AUX,?,,,,electron,False,False,False,,
2,140,p0140,-1.0625,1.0625,0.0,1.0,0.0,0.0,AUX,?,,,,electron,False,False,False,,
2,141,p0141,-0.3469,0.3469,0.0,1.0,0.0,0.0,AUX,?,,,,electron,False,False,False,,
2,142,p0142,-4.9875,4.9875,0.0,1.0,5.0,1.0,AUX,?,,,,neutron,False,False,False,,
2,143,p0143,-1.725,1.725,0.0,1.0,0.0,0.0,AUX,?,,,,electron,False,False,False,,
2,144,p0144,-0.775,0.775,0.0,1.0,0.0,0.0,AUX,?,,,,proton,False,False,False,,
2,145,p0145,-2.6312,2.6312,0.0,1.0,0.0,0.0,AUX,?,,,,photon,False,False,False,,
2,146,p0146,-1.4469,1.4469,0.0,1.0,0.0,0.0,AUX,?,,,,neutron,False,False,False,,
2,147,p0147,-0.9688,0.9688,0.0,1.0,0.0,0.0,AUX,?,,,,photon,False,False,False,,
2,148,p0148,-4.3625,4.3625,0.0,1.0,1.0,0.2,AUX,?,,,,photon,False,False,False,,
2,149,p0149,-3.025,3.025,0.0,1.0,0.0,0.0,AUX,?,,,,electron,False,False,False,,
2,150,p0150,-1.35,1.35,0.0,1.0,0.0,0.0,AUX,?,,,,proton,False,False,False,,
2,151,p0151,-2.4312,2.4312,0.0,1.0,0.0,0.0,AUX,?,,,,photon,False,False,False,,
2,152,p0152,-1.65,1.65,0.0,1.0,0.0,0.0,AUX,?,,,,proton,False,False,False,,
2,153,p0153,-1.8219,1.8219,0.0,1.0,0.0,0.0,AUX,?,,,,neutron,False,False,False,,
2,154,p0154,-1.9688,1.9688,0.0,1.0,0.0,0.0,AUX,?,,,,neutron,False,False,False,,
2,155,p0155,-4.4375,4.4375,0.0,1.0,4.0,0.8,AUX,?,,,,neutron,False,False,False,,
2,156,p0156,-0.7688,0.7688,0.0,1.0,0.0,0.0,AUX,?,,,,neutron,False,False,False,,
2,157,p0157,-1.3312,1.3312,0.0,1.0,0.0,0.0,AUX,?,,,,neutron,False,False,False,,
2,158,p0158,-0.0375,0.0375,0.0,0.6,0.0,0.0,AUX,?,,,,neutron,False,False,False,,
2,159,p0159,-0.7125,0.7125,0.0,1.0,0.0,0.0,AUX,?,,,,photon,False,False,False,,
2,160,p0160,-4.5375,4.5375,0.0,1.0,5.0,1.0,AUX,?,,,,electron,False,False,False,,
2,161,p0161,-0.8875,0.8875,0.0,1.0,0.0,0.0,AUX,?,,,,photon,False,False,False,,
2,162,p0162,-2.6375,2.6375,0.0,1.0,0.0,0.0,AUX,?,,,,photon,False,False,False,,
2,163,p0163,-1.0438,1.0438,0.0,1.0,0.0,0.0,AUX,?,,,,photon,False,False,False,,
2,164,p0164,-0.775,0.775,0.0,1.0,0.0,0.0,AUX,?,,,,neutron,False,False,False,,
2,165,p0165,-1.8312,1.8312,0.0,1.0,0.0,0.0,AUX,?,,,,photon,False,False,False,,
2,166,p0166,-2.8562,2.8562,0.0,1.0,0.0,0.0,AUX,?,,,,neutron,False,False,False,,
2,167,p0167,-0.8312,0.8312,0.0,1.0,0.0,0.0,AUX,?,,,,photon,False,False,False,,
2,168,p0168,-2.1688,2.1688,0.0,1.0,0.0,0.0,AUX,?,,,,proton,False,False,False,,
2,169,p0169,-2.4,2.4,0.0,1.0,0.0,0.0,AUX,?,,,,electron,False,False,False,,
2,170,p0170,-4.0438,4.0438,0.0,1.0,0.0,0.0,AUX,?,,,,neutron,False,False,False,,
2,171,p0171,-1.25,1.25,0.0,1.0,0.0,0.0,AUX,?,,,,proton,False,False,False,,
2,172,p0172,-0.0375,0.0875,0.2,0.6,0.0,0.0,AUX,?,,,,neutron,False,False,False,,
2,173,p0173,-0.2688,0.2688,0.0,1.0,0.0,0.0,AUX,?,,,,photon,False,False,False,,
2,174,p0174,-1.15,1.15,0.0,1.0,0.0,0.0,AUX,?,,,,neutron,False,False,False,,
2,175,p0175,-2.7312,2.7312,0.0,1.0,0.0,0.0,AUX,?,,,,neutron,False,False,False,,
2,176,p0176,-1.7438,1.7438,0.0,1.0,0.0,0.0,AUX,?,,,,photon,False,False,False,,
2,177,p0177,0.3938,0.3938,1.0,0.0,0.0,0.0,AUX,?,,,,photon,False,False,False,,
2,178,p0178,-2.4938,2.4938,0.0,1.0,0.0,0.0,AUX,?,,,,neutron,False,False,False,,
2,179,p0179,-0.5938,0.5938,0.0,1.0,0.0,0.0,AUX,?,,,,photon,False,False,False,,
2,180,p0180,-1.225,1.225,0.0,1.0,0.0,0.0,AUX,?,,,,photon,False,False,False,,
2,181,p0181,-0.975,0.975,0.0,1.0,0.0,0.0,AUX,?,,,,electron,False,False,False,,
2,182,p0182,-0.95,0.95,0.0,1.0,0.0,0.0,AUX,?,,,,neutron,False,False,False,,
2,183,p0183,-0.9812,0.9812,0.0,1.0,0.0,0.0,AUX,?,,,,proton,False,False,False,,
2,184,p0184,-2.55,2.55,0.0,1.0,0.0,0.0,AUX,?,,,,neutron,False,False,False,,
2,185,p0185,-1.275,1.275,0.0,1.0,0.0,0.0,AUX,?,,,,electron,False,False,False,,
2,186,p0186,-1.5,1.5,0.0,1.0,0.0,0.0,AUX,?,,,,photon,False,False,False,,
2,187,p0187,-2.4062,2.4062,0.0,1.0,0.0,0.0,AUX,?,,,,neutron,False,False,False,,
2,188,p0188,-1.2812,1.2812,0.0,1.0,0.0,0.0,AUX,?,,,,photon,False,False,False,,
2,189,p0189,-0.9938,0.9938,0.0,1.0,0.0,0.0,AUX,?,,,,photon,False,False,False,,
2,190,p0190,-3.175,3.175,0.0,1.0,0.0,0.0,AUX,?,,,,neutron,False,False,False,,
2,191,p0191,-3.1875,3.1875,0.0,1.0,0.0,0.0,AUX,?,,,,photon,False,False,False,,
2,192,p0192,-2.2062,2.2062,0.0,1.0,0.0,0.0,AUX,?,,,,proton,False,False,False,,
2,193,p0193,-0.775,0.775,0.0,1.0,0.0,0.0,AUX,?,,,,photon,False,False,False,,
2,194,p0194,-0.6375,0.6375,0.0,1.0,0.0,0.0,AUX,?,,,,proton,False,False,False,,
2,195,p0195,-0.6625,0.6625,0.0,1.0,0.0,0.0,AUX,?,,,,photon,False,False,False,,
2,196,p0196,-1.9375,1.9375,0.0,1.0,0.0,0.0,AUX,?,,,,neutron,False,False,False,,
2,197,p0197,-1.15,1.15,0.0,1.0,0.0,0.0,AUX,?,,,,neutron,False,False,False,,
2,198,p0198,-1.65,1.65,0.0,1.0,0.0,0.0,AUX,?,,,,photon,False,False,False,,
2,199,p0199,-1.9188,1.9188,0.0,1.0,0.0,0.0,AUX,?,,,,electron,False,False,False,,
2,200,p0200,-0.7,0.7,0.0,1.0,0.0,0.0,AUX,?,,,,proton,False,False,False,,
2,201,p0201,-0.4375,0.4375,0.0,1.0,0.0,0.0,AUX,?,,,,photon,False,False,False,,
2,202,p0202,-2.475,2.475,0.0,1.0,0.0,0.0,AUX,?,,,,neutron,False,False,False,,
2,203,p0203,-2.8312,2.8312,0.0,1.0,0.0,0.0,AUX,?,,,,electron,False,False,False,,
2,204,p0204,0.0875,0.0875,0.8,0.0,0.0,0.0,AUX,?,,,,proton,False,False,False,,
2,205,p0205,-0.9688,0.9688,0.0,1.0,0.0,0.0,AUX,?,,,,proton,False,False,False,,
2,206,p0206,-2.575,2.575,0.0,1.0,0.0,0.0,AUX,?,,,,proton,False,False,False,,
2,207,p0207,-0.9,0.9,0.0,1.0,0.0,0.0,AUX,?,,,,neutron,False,False,False,,
2,208,p0208,-0.4938,0.4938,0.0,1.0,0.0,0.0,AUX,?,,,,photon,False,False,False,,
2,209,p0209,-1.0,1.0,0.0,1.0,0.0,0.0,AUX,?,,,,neutron,False,False,False,,
2,210,p0210,-0.3312,0.3312,0.0,1.0,0.0,0.0,AUX,?,,,,neutron,False,False,False,,
2,211,p0211,-1.1438,1.1438,0.0,1.0,0.0,0.0,AUX,?,,,,proton,False,False,False,,
2,212,p0212,-1.1562,1.1562,0.0,1.0,0.0,0.0,AUX,?,,,,photon,False,False,False,,
2,213,p0213,-1.4062,1.4062,0.0,1.0,0.0,0.0,AUX,?,,,,photon,False,False,False,,
2,214,p0214,-1.6875,1.6875,0.0,1.0,0.0,0.0,AUX,?,,,,electron,False,False,False,,
2,215,p0215,-0.1125,0.1125,0.0,1.0,0.0,0.0,AUX,?,,,,proton,False,False,False,,
2,216,p0216,-1.3625,1.3625,0.0,1.0,0.0,0.0,AUX,?,,,,neutron,False,False,False,,
2,217,p0217,-0.8125,0.8125,0.0,1.0,0.0,0.0,AUX,?,,,,neutron,False,False,False,,
2,218,p0218,-0.6625,0.6625,0.0,1.0,0.0,0.0,AUX,?,,,,electron,False,False,False,,
2,219,p0219,-1.65,1.65,0.0,1.0,0.0,0.0,AUX,?,,,,electron,False,False,False,,
2,220,p0220,-0.8625,0.8625,0.0,1.0,0.0,0.0,AUX,?,,,,neutron,False,False,False,,
2,221,p0221,-1.9312,1.9312,0.0,1.0,0.0,0.0,AUX,?,,,,photon,False,False,False,,
2,222,p0222,-1.3812,1.3812,0.0,1.0,0.0,0.0,AUX,?,,,,photon,False,False,False,,
2,223,p0223,-1.7375,1.7375,0.0,1.0,0.0,0.0,AUX,?,,,,photon,False,False,False,,
2,224,p0224,-1.425,1.425,0.0,1.0,0.0,0.0,AUX,?,,,,electron,False,False,False,,
2,225,p0225,-3.4062,3.4062,0.0,1.0,0.0,0.0,AUX,?,,,,photon,False,False,False,,
2,226,p0226,-0.775,0.775,0.0,1.0,0.0,0.0,AUX,?,,,,photon,False,False,False,,
2,227,p0227,-0.0812,0.0812,0.0,1.0,0.0,0.0,AUX,?,,,,photon,False,False,False,,
2,228,p0228,-2.8188,2.8188,0.0,1.0,0.0,0.0,AUX,?,,,,photon,False,False,False,,
2,229,p0229,-1.9062,1.9062,0.0,1.0,0.0,0.0,AUX,?,,,,proton,False,False,False,,
2,230,p0230,-3.0125,3.0125,0.0,1.0,0.0,0.0,AUX,?,,,,neutron,False,False,False,,
2,231,p0231,-0.1875,0.2375,0.2,0.8,0.0,0.0,AUX,?,,,,photon,False,False,False,,
2,232,p0232,-1.6938,1.6938,0.0,1.0,0.0,0.0,AUX,?,,,,proton,False,False,False,,
2,233,p0233,-0.6938,0.6938,0.0,1.0,0.0,0.0,AUX,?,,,,photon,False,False,False,,
2,234,p0234,-0.8875,0.8875,0.0,1.0,0.0,0.0,AUX,?,,,,photon,False,False,False,,
2,235,p0235,-0.725,0.725,0.0,1.0,0.0,0.0,AUX,?,,,,photon,False,False,False,,
2,236,p0236,-1.3875,1.3875,0.0,1.0,0.0,0.0,AUX,?,,,,electron,False,False,False,,
2,237,p0237,-1.4,1.4,0.0,1.0,0.0,0.0,AUX,?,,,,proton,False,False,False,,
2,238,p0238,-0.4312,0.4312,0.0,1.0,0.0,0.0,AUX,?,,,,proton,False,False,False,,
2,239,p0239,-1.7562,1.7562,0.0,1.0,0.0,0.0,AUX,?,,,,neutron,False,False,False,,
2,240,p0240,-1.7188,1.7188,0.0,1.0,0.0,0.0,AUX,?,,,,photon,False,False,False,,
2,241,p0241,-0.825,0.825,0.0,1.0,0.0,0.0,AUX,?,,,,proton,False,False,False,,
2,242,p0242,-2.0375,2.0375,0.0,1.0,0.0,0.0,AUX,?,,,,photon,False,False,False,,
2,243,p0243,-1.2438,1.2438,0.0,1.0,0.0,0.0,AUX,?,,,,neutron,False,False,False,,
2,244,p0244,-1.4312,1.4312,0.0,1.0,0.0,0.0,AUX,?,,,,proton,False,False,False,,
2,245,p0245,-1.9688,1.9688,0.0,1.0,0.0,0.0,AUX,?,,,,photon,False,False,False,,
2,246,p0246,-3.0875,3.0875,0.0,1.0,0.0,0.0,AUX,?,,,,neutron,False,False,False,,
2,247,p0247,-3.2938,3.2938,0.0,1.0,0.0,0.0,AUX,?,,,,photon,False,False,False,,
2,248,p0248,-0.35,0.35,0.0,1.0,0.0,0.0,AUX,?,,,,photon,False,False,False,,
2,249,p0249,-1.4188,1.4188,0.0,1.0,0.0,0.0,AUX,?,,,,photon,False,False,False,,
2,250,p0250,-2.525,2.525,0.0,1.0,0.0,0.0,AUX,?,,,,photon,False,False,False,,
2,251,p0251,-0.3875,0.3875,0.0,1.0,0.0,0.0,AUX,?,,,,photon,False,False,False,,
2,252,p0252,-2.9375,2.9375,0.0,1.0,0.0,0.0,AUX,?,,,,neutron,False,False,False,,
2,253,p0253,-2.1062,2.1062,0.0,1.0,0.0,0.0,AUX,?,,,,photon,False,False,False,,
2,254,p0254,-0.775,0.775,0.0,1.0,0.0,0.0,AUX,?,,,,neutron,False,False,False,,
2,255,p0255,-2.325,2.325,0.0,1.0,0.0,0.0,AUX,?,,,,photon,False,False,False,,
2,256,p0256,-0.8625,0.8625,0.0,1.0,0.0,0.0,AUX,?,,,,photon,False,False,False,,
2,257,p0257,-1.3188,1.3188,0.0,1.0,0.0,0.0,AUX,?,,,,proton,False,False,False,,
2,258,p0258,-1.2125,1.2125,0.0,1.0,0.0,0.0,AUX,?,,,,neutron,False,False,False,,
2,259,p0259,-2.4062,2.4062,0.0,1.0,0.0,0.0,AUX,?,,,,electron,False,False,False,,
2,260,p0260,-1.25,1.25,0.0,1.0,0.0,0.0,AUX,?,,,,electron,False,False,False,,
2,261,p0261,-2.2438,2.2438,0.0,1.0,0.0,0.0,AUX,?,,,,photon,False,False,False,,
2,262,p0262,-0.7375,0.7375,0.0,1.0,0.0,0.0,AUX,?,,,,neutron,False,False,False,,
2,263,p0263,-1.125,1.125,0.0,1.0,0.0,0.0,AUX,?,,,,electron,False,False,False,,
2,264,p0264,-1.4562,1.4562,0.0,1.0,0.0,0.0,AUX,?,,,,photon,False,False,False,,
2,265,p0265,-1.2,1.2,0.0,1.0,0.0,0.0,AUX,?,,,,proton,False,False,False,,
2,266,p0266,-1.625,1.625,0.0,1.0,0.0,0.0,AUX,?,,,,electron,False,False,False,,
2,267,p0267,-1.1938,1.1938,0.0,1.0,0.0,0.0,AUX,?,,,,proton,False,False,False,,
2,268,p0268,0.0875,0.125,0.8,0.2,0.0,0.0,AUX,?,,,,proton,False,False,False,,
2,269,p0269,-1.3375,1.3375,0.0,1.0,0.0,0.0,AUX,?,,,,photon,False,False,False,,
2,270,p0270,-0.6,0.6,0.0,1.0,0.0,0.0,AUX,?,,,,neutron,False,False,False,,
2,271,p0271,-3.0312,3.0312,0.0,1.0,0.0,0.0,AUX,?,,,,electron,False,False,False,,
2,272,p0272,-2.5062,2.5062,0.0,1.0,0.0,0.0,AUX,?,,,,neutron,False,False,False,,
2,273,p0273,-1.3,1.3,0.0,1.0,0.0,0.0,AUX,?,,,,neutron,False,False,False,,
2,274,p0274,-1.3938,1.3938,0.0,1.0,0.0,0.0,AUX,?,,,,electron,False,False,False,,
2,275,p0275,-1.5688,1.5688,0.0,1.0,0.0,0.0,AUX,?,,,,neutron,False,False,False,,
2,276,p0276,-1.8875,1.8875,0.0,1.0,0.0,0.0,AUX,?,,,,proton,False,False,False,,
2,277,p0277,0.0625,0.0875,0.8,0.2,0.0,0.0,AUX,?,,,,neutron,False,False,False,,
2,278,p0278,-0.85,0.85,0.0,1.0,0.0,0.0,AUX,?,,,,photon,False,False,False,,
2,279,p0279,0.2062,0.2062,1.0,0.0,0.0,0.0,AUX,?,,,,photon,False,False,False,,
2,280,p0280,-3.3875,3.3875,0.0,1.0,0.0,0.0,AUX,?,,,,photon,False,False,False,,
2,281,p0281,-0.2094,0.2094,0.0,1.0,0.0,0.0,AUX,?,,,,proton,False,False,False,,
2,282,p0282,-1.8188,1.8188,0.0,1.0,0.0,0.0,AUX,?,,,,electron,False,False,False,,
2,283,p0283,-1.3125,1.3125,0.0,1.0,0.0,0.0,AUX,?,,,,neutron,False,False,False,,
2,284,p0284,-2.0,2.0,0.0,1.0,0.0,0.0,AUX,?,,,,proton,False,False,False,,
2,285,p0285,-1.3812,1.3812,0.0,1.0,0.0,0.0,AUX,?,,,,neutron,False,False,False,,
2,286,p0286,-1.275,1.275,0.0,1.0,0.0,0.0,AUX,?,,,,photon,False,False,False,,
2,287,p0287,-1.9812,1.9812,0.0,1.0,0.0,0.0,AUX,?,,,,electron,False,False,False,,
2,288,p0288,-1.625,1.625,0.0,1.0,0.0,0.0,AUX,?,,,,photon,False,False,False,,
2,289,p0289,-2.325,2.325,0.0,1.0,0.0,0.0,AUX,?,,,,proton,False,False,False,,
2,290,p0290,-1.875,1.875,0.0,1.0,0.0,0.0,AUX,?,,,,neutron,False,False,False,,
2,291,p0291,-1.6125,1.6125,0.0,1.0,0.0,0.0,AUX,?,,,,photon,False,False,False,,
2,292,p0292,-2.2812,2.2812,0.0,1.0,0.0,0.0,AUX,?,,,,photon,False,False,False,,
2,293,p0293,-0.1062,0.1062,0.0,1.0,0.0,0.0,AUX,?,,,,photon,False,False,False,,
2,294,p0294,-1.4375,1.4375,0.0,1.0,0.0,0.0,AUX,?,,,,photon,False,False,False,,
2,295,p0295,-0.5062,0.5062,0.0,1.0,0.0,0.0,AUX,?,,,,photon,False,False,False,,
2,296,p0296,-3.5562,3.5562,0.0,1.0,0.0,0.0,AUX,?,,,,electron,False,False,False,,
2,297,p0297,-3.1188,3.1188,0.0,1.0,0.0,0.0,AUX,?,,,,electron,False,False,False,,
2,298,p0298,-1.125,1.125,0.0,1.0,0.0,0.0,AUX,?,,,,neutron,False,False,False,,
2,299,p0299,-0.8812,0.8812,0.0,1.0,0.0,0.0,AUX,?,,,,proton,False,False,False,,
2,300,p0300,-2.4812,2.4812,0.0,1.0,0.0,0.0,AUX,?,,,,neutron,False,False,False,,
2,301,p0301,-1.9562,1.9562,0.0,1.0,0.0,0.0,AUX,?,,,,neutron,False,False,False,,
2,302,p0302,-0.475,0.475,0.0,1.0,0.0,0.0,AUX,?,,,,neutron,False,False,False,,
2,303,p0303,-1.0125,1.0125,0.0,1.0,0.0,0.0,AUX,?,,,,neutron,False,False,False,,
2,304,p0304,-2.2625,2.2625,0.0,1.0,0.0,0.0,AUX,?,,,,electron,False,False,False,,
2,305,p0305,-6.875,6.875,0.0,1.0,5.0,1.0,AUX,?,,,,photon,False,False,False,,
2,306,p0306,-1.3375,1.3375,0.0,1.0,0.0,0.0,AUX,?,,,,photon,False,False,False,,
2,307,p0307,0.3375,0.3375,1.0,0.0,0.0,0.0,AUX,?,,,,photon,False,False,False,,
2,308,p0308,-0.4125,0.4125,0.0,1.0,0.0,0.0,AUX,?,,,,electron,False,False,False,,
2,309,p0309,-1.1125,1.1125,0.0,1.0,0.0,0.0,AUX,?,,,,electron,False,False,False,,
2,310,p0310,-2.35,2.35,0.0,1.0,0.0,0.0,AUX,?,,,,electron,False,False,False,,
2,311,p0311,-1.175,1.175,0.0,1.0,0.0,0.0,AUX,?,,,,electron,False,False,False,,
2,312,p0312,-3.7188,3.7188,0.0,1.0,0.0,0.0,AUX,?,,,,neutron,False,False,False,,
2,313,p0313,-0.125,0.125,0.0,1.0,0.0,0.0,AUX,?,,,,neutron,False,False,False,,
2,314,p0314,-3.9562,3.9562,0.0,1.0,0.0,0.0,AUX,?,,,,electron,False,False,False,,
2,315,p0315,-0.6875,0.6875,0.0,1.0,0.0,0.0,AUX,?,,,,photon,False,False,False,,
2,316,p0316,-2.5188,2.5188,0.0,1.0,0.0,0.0,AUX,?,,,,photon,False,False,False,,
2,317,p0317,-0.9938,0.9938,0.0,1.0,0.0,0.0,AUX,?,,,,neutron,False,False,False,,
2,318,p0318,-1.9375,1.9375,0.0,1.0,0.0,0.0,AUX,?,,,,photon,False,False,False,,
2,319,p0319,-1.325,1.325,0.0,1.0,0.0,0.0,AUX,?,,,,neutron,False,False,False,,
2,320,p0320,-1.1125,1.1125,0.0,1.0,0.0,0.0,AUX,?,,,,photon,False,False,False,,
2,321,p0321,-0.7438,0.7438,0.0,1.0,0.0,0.0,AUX,?,,,,proton,False,False,False,,
2,322,p0322,-2.275,2.275,0.0,1.0,0.0,0.0,AUX,?,,,,neutron,False,False,False,,
2,323,p0323,-1.1,1.1,0.0,1.0,0.0,0.0,AUX,?,,,,photon,False,False,False,,
2,324,p0324,-0.9312,0.9312,0.0,1.0,0.0,0.0,AUX,?,,,,proton,False,False,False,,
2,325,p0325,-2.2188,2.2188,0.0,1.0,0.0,0.0,AUX,?,,,,photon,False,False,False,,
2,326,p0326,-1.575,1.575,0.0,1.0,0.0,0.0,AUX,?,,,,photon,False,False,False,,
2,327,p0327,-2.725,2.725,0.0,1.0,0.0,0.0,AUX,?,,,,electron,False,False,False,,
2,328,p0328,-1.5656,1.5656,0.0,1.0,0.0,0.0,AUX,?,,,,neutron,False,False,False,,
2,329,p0329,-1.6,1.6,0.0,1.0,0.0,0.0,AUX,?,,,,photon,False,False,False,,
2,330,p0330,-0.2625,0.2625,0.0,1.0,0.0,0.0,AUX,?,,,,neutron,False,False,False,,
2,331,p0331,-1.75,1.75,0.0,1.0,0.0,0.0,AUX,?,,,,neutron,False,False,False,,
2,332,p0332,-0.725,0.725,0.0,1.0,0.0,0.0,AUX,?,,,,photon,False,False,False,,
2,333,p0333,-0.5438,0.5438,0.0,1.0,0.0,0.0,AUX,?,,,,photon,False,False,False,,
2,334,p0334,-1.4,1.4,0.0,1.0,0.0,0.0,AUX,?,,,,neutron,False,False,False,,
2,335,p0335,-0.1562,0.1562,0.0,1.0,0.0,0.0,AUX,?,,,,proton,False,False,False,,
2,336,p0336,-0.0688,0.0812,0.2,0.8,0.0,0.0,AUX,?,,,,electron,False,False,False,,
2,337,p0337,-1.5688,1.5688,0.0,1.0,0.0,0.0,AUX,?,,,,proton,False,False,False,,
2,338,p0338,-0.525,0.525,0.0,1.0,0.0,0.0,AUX,?,,,,neutron,False,False,False,,
2,339,p0339,-2.025,2.025,0.0,1.0,0.0,0.0,AUX,?,,,,neutron,False,False,False,,
2,340,p0340,-2.075,2.075,0.0,1.0,0.0,0.0,AUX,?,,,,photon,False,False,False,,
2,341,p0341,-1.8312,1.8312,0.0,1.0,0.0,0.0,AUX,?,,,,proton,False,False,False,,
2,342,p0342,-1.3375,1.3375,0.0,1.0,0.0,0.0,AUX,?,,,,electron,False,False,False,,
2,343,p0343,-2.7594,2.7594,0.0,1.0,0.0,0.0,AUX,?,,,,neutron,False,False,False,,
2,344,p0344,-0.7125,0.7125,0.0,1.0,0.0,0.0,AUX,?,,,,photon,False,False,False,,
2,345,p0345,-2.6625,2.6625,0.0,1.0,0.0,0.0,AUX,?,,,,neutron,False,False,False,,
2,346,p0346,-2.3562,2.3562,0.0,1.0,0.0,0.0,AUX,?,,,,photon,False,False,False,,
2,347,p0347,-0.425,0.425,0.0,1.0,0.0,0.0,AUX,?,,,,proton,False,False,False,,
2,348,p0348,-1.3625,1.3625,0.0,1.0,0.0,0.0,AUX,?,,,,photon,False,False,False,,
2,349,p0349,-1.925,1.925,0.0,1.0,0.0,0.0,AUX,?,,,,neutron,False,False,False,,
2,350,p0350,-0.9812,0.9812,0.0,1.0,0.0,0.0,AUX,?,,,,photon,False,False,False,,
2,351,p0351,-0.8188,0.8188,0.0,1.0,0.0,0.0,AUX,?,,,,photon,False,False,False,,
2,352,p0352,-1.8812,1.8812,0.0,1.0,0.0,0.0,AUX,?,,,,neutron,False,False,False,,
2,353,p0353,-1.85,1.85,0.0,1.0,0.0,0.0,AUX,?,,,,proton,False,False,False,,
2,354,p0354,-0.5,0.5,0.0,1.0,0.0,0.0,AUX,?,,,,photon,False,False,False,,
2,355,p0355,-2.2938,2.2938,0.0,1.0,0.0,0.0,AUX,?,,,,photon,False,False,False,,
2,356,p0356,-3.5062,3.5062,0.0,1.0,0.0,0.0,AUX,?,,,,electron,False,False,False,,
2,357,p0357,-1.6688,1.6688,0.0,1.0,0.0,0.0,AUX,?,,,,photon,False,False,False,,
2,358,p0358,-1.5875,1.5875,0.0,1.0,0.0,0.0,AUX,?,,,,photon,False,False,False,,
2,359,p0359,-0.475,0.475,0.0,1.0,0.0,0.0,AUX,?,,,,proton,False,False,False,,
2,360,p0360,-0.9625,0.9625,0.0,1.0,0.0,0.0,AUX,?,,,,photon,False,False,False,,
2,361,p0361,-0.9125,0.9125,0.0,1.0,0.0,0.0,AUX,?,,,,proton,False,False,False,,
2,362,p0362,-1.2188,1.2188,0.0,1.0,0.0,0.0,AUX,?,,,,neutron,False,False,False,,
2,363,p0363,-1.45,1.45,0.0,1.0,0.0,0.0,AUX,?,,,,neutron,False,False,False,,
2,364,p0364,-2.0625,2.0625,0.0,1.0,0.0,0.0,AUX,?,,,,proton,False,False,False,,
2,365,p0365,-1.6125,1.6125,0.0,1.0,0.0,0.0,AUX,?,,,,neutron,False,False,False,,
2,366,p0366,-2.625,2.625,0.0,1.0,0.0,0.0,AUX,?,,,,photon,False,False,False,,
2,367,p0367,-1.8375,1.8375,0.0,1.0,0.0,0.0,AUX,?,,,,neutron,False,False,False,,
2,368,p0368,0.25,0.25,1.0,0.0,0.0,0.0,AUX,?,,,,photon,False,False,False,,
2,369,p0369,-0.65,0.65,0.0,1.0,0.0,0.0,AUX,?,,,,photon,False,False,False,,
2,370,p0370,-1.2875,1.2875,0.0,1.0,0.0,0.0,AUX,?,,,,electron,False,False,False,,
2,371,p0371,-1.1375,1.1375,0.0,1.0,0.0,0.0,AUX,?,,,,photon,False,False,False,,
2,372,p0372,-1.5938,1.5938,0.0,1.0,0.0,0.0,AUX,?,,,,photon,False,False,False,,
2,373,p0373,-0.25,0.25,0.0,1.0,0.0,0.0,AUX,?,,,,proton,False,False,False,,
2,374,p0374,-1.725,1.725,0.0,1.0,0.0,0.0,AUX,?,,,,proton,False,False,False,,
2,375,p0375,-1.4688,1.4688,0.0,1.0,0.0,0.0,AUX,?,,,,photon,False,False,False,,
2,376,p0376,-1.5344,1.5344,0.0,1.0,0.0,0.0,AUX,?,,,,electron,False,False,False,,
2,377,p0377,-3.3625,3.3625,0.0,1.0,0.0,0.0,AUX,?,,,,electron,False,False,False,,
2,378,p0378,-1.7625,1.7625,0.0,1.0,0.0,0.0,AUX,?,,,,photon,False,False,False,,
2,379,p0379,1.2,1.2,1.0,0.0,0.0,0.0,AUX,?,,,,proton,False,False,False,,
2,380,p0380,-2.2,2.2,0.0,1.0,0.0,0.0,AUX,?,,,,photon,False,False,False,,
2,381,p0381,-2.2,2.2,0.0,1.0,0.0,0.0,AUX,?,,,,neutron,False,False,False,,
2,382,p0382,-0.9688,0.9688,0.0,1.0,0.0,0.0,AUX,?,,,,photon,False,False,False,,
2,383,p0383,-0.625,0.625,0.0,1.0,0.0,0.0,AUX,?,,,,photon,False,False,False,,
2,384,p0384,-0.4812,0.4812,0.0,1.0,0.0,0.0,AUX,?,,,,proton,False,False,False,,
2,385,p0385,-1.8188,1.8188,0.0,1.0,0.0,0.0,AUX,?,,,,neutron,False,False,False,,
2,386,p0386,-1.0875,1.0875,0.0,1.0,0.0,0.0,AUX,?,,,,electron,False,False,False,,
2,387,p0387,0.175,0.175,1.0,0.0,0.0,0.0,AUX,?,,,,neutron,False,False,False,,
2,388,p0388,-1.5812,1.5812,0.0,1.0,0.0,0.0,AUX,?,,,,electron,False,False,False,,
2,389,p0389,-0.7,0.7,0.0,1.0,0.0,0.0,AUX,?,,,,neutron,False,False,False,,
2,390,p0390,-3.5312,3.5312,0.0,1.0,0.0,0.0,AUX,?,,,,neutron,False,False,False,,
2,391,p0391,-1.7438,1.7438,0.0,1.0,0.0,0.0,AUX,?,,,,photon,False,False,False,,
2,392,p0392,-2.8875,2.8875,0.0,1.0,0.0,0.0,AUX,?,,,,electron,False,False,False,,
2,393,p0393,-1.9375,1.9375,0.0,1.0,0.0,0.0,AUX,?,,,,proton,False,False,False,,
2,394,p0394,-0.9812,0.9812,0.0,1.0,0.0,0.0,AUX,?,,,,photon,False,False,False,,
2,395,p0395,-0.5938,0.5938,0.0,1.0,0.0,0.0,AUX,?,,,,neutron,False,False,False,,
2,396,p0396,-2.0188,2.0188,0.0,1.0,0.0,0.0,AUX,?,,,,neutron,False,False,False,,
2,397,p0397,-1.4,1.4,0.0,1.0,0.0,0.0,AUX,?,,,,electron,False,False,False,,
2,398,p0398,-3.8,3.8,0.0,1.0,0.0,0.0,AUX,?,,,,neutron,False,False,False,,
2,399,p0399,-0.4812,0.4812,0.0,1.0,0.0,0.0,AUX,?,,,,photon,False,False,False,,
2,400,p0400,-3.0688,3.0688,0.0,1.0,0.0,0.0,AUX,?,,,,photon,False,False,False,,
2,401,p0401,0.1125,0.1125,0.8,0.0,0.0,0.0,AUX,?,,,,neutron,False,False,False,,
2,402,p0402,-1.1938,1.1938,0.0,1.0,0.0,0.0,AUX,?,,,,photon,False,False,False,,
2,403,p0403,-0.45,0.45,0.0,1.0,0.0,0.0,AUX,?,,,,proton,False,False,False,,
2,404,p0404,-2.1875,2.1875,0.0,1.0,0.0,0.0,AUX,?,,,,electron,False,False,False,,
2,405,p0405,-0.325,0.325,0.0,1.0,0.0,0.0,AUX,?,,,,photon,False,False,False,,
2,406,p0406,-1.9,1.9,0.0,1.0,0.0,0.0,AUX,?,,,,neutron,False,False,False,,
2,407,p0407,-0.5438,0.5438,0.0,1.0,0.0,0.0,AUX,?,,,,photon,False,False,False,,
2,408,p0408,-1.2438,1.2438,0.0,1.0,0.0,0.0,AUX,?,,,,photon,False,False,False,,
2,409,p0409,-0.8438,0.8438,0.0,1.0,0.0,0.0,AUX,?,,,,proton,False,False,False,,
2,410,p0410,-1.3062,1.3062,0.0,1.0,0.0,0.0,AUX,?,,,,photon,False,False,False,,
2,411,p0411,-2.0188,2.0188,0.0,1.0,0.0,0.0,AUX,?,,,,electron,False,False,False,,
2,412,p0412,-1.625,1.625,0.0,1.0,0.0,0.0,AUX,?,,,,proton,False,False,False,,
2,413,p0413,-3.15,3.15,0.0,1.0,0.0,0.0,AUX,?,,,,photon,False,False,False,,
2,414,p0414,-2.4312,2.4312,0.0,1.0,0.0,0.0,AUX,?,,,,neutron,False,False,False,,
2,415,p0415,-0.9,0.9,0.0,1.0,0.0,0.0,AUX,?,,,,proton,False,False,False,,
2,416,p0416,-1.7562,1.7562,0.0,1.0,0.0,0.0,AUX,?,,,,neutron,False,False,False,,
2,417,p0417,-2.5062,2.5062,0.0,1.0,0.0,0.0,AUX,?,,,,photon,False,False,False,,
2,418,p0418,-2.0812,2.0812,0.0,1.0,0.0,0.0,AUX,?,,,,photon,False,False,False,,
2,419,p0419,-5.3938,5.3938,0.0,1.0,5.0,1.0,AUX,?,,,,photon,False,False,False,,
2,420,p0420,-2.6375,2.6375,0.0,1.0,0.0,0.0,AUX,?,,,,photon,False,False,False,,
2,421,p0421,-0.6062,0.6062,0.0,1.0,0.0,0.0,AUX,?,,,,proton,False,False,False,,
2,422,p0422,0.825,0.825,1.0,0.0,0.0,0.0,AUX,?,,,,neutron,False,False,False,,
2,423,p0423,-1.6,1.6,0.0,1.0,0.0,0.0,AUX,?,,,,electron,False,False,False,,
2,424,p0424,-2.4,2.4,0.0,1.0,0.0,0.0,AUX,?,,,,photon,False,False,False,,
2,425,p0425,-0.1375,0.1375,0.0,1.0,0.0,0.0,AUX,?,,,,neutron,False,False,False,,
2,426,p0426,-0.7125,0.7125,0.0,1.0,0.0,0.0,AUX,?,,,,proton,False,False,False,,
2,427,p0427,-3.0906,3.0906,0.0,1.0,0.0,0.0,AUX,?,,,,proton,False,False,False,,
2,428,p0428,-1.1875,1.1875,0.0,1.0,0.0,0.0,AUX,?,,,,electron,False,False,False,,
2,429,p0429,-0.7125,0.7125,0.0,1.0,0.0,0.0,AUX,?,,,,electron,False,False,False,,
2,430,p0430,-0.6,0.6,0.0,1.0,0.0,0.0,AUX,?,,,,electron,False,False,False,,
2,431,p0431,-0.0281,0.0656,0.8,0.2,0.0,0.0,AUX,?,,,,neutron,False,False,False,,
2,432,p0432,-2.1,2.1,0.0,1.0,0.0,0.0,AUX,?,,,,photon,False,False,False,,
2,433,p0433,-1.0188,1.0188,0.0,1.0,0.0,0.0,AUX,?,,,,electron,False,False,False,,
2,434,p0434,-1.0375,1.0375,0.0,1.0,0.0,0.0,AUX,?,,,,neutron,False,False,False,,
2,435,p0435,-0.3875,0.3875,0.0,1.0,0.0,0.0,AUX,?,,,,photon,False,False,False,,
2,436,p0436,-3.0812,3.0812,0.0,1.0,0.0,0.0,AUX,?,,,,photon,False,False,False,,
2,437,p0437,-2.075,2.075,0.0,1.0,0.0,0.0,AUX,?,,,,electron,False,False,False,,
2,438,p0438,-1.8312,1.8312,0.0,1.0,0.0,0.0,AUX,?,,,,photon,False,False,False,,
2,439,p0439,-1.9,1.9,0.0,1.0,0.0,0.0,AUX,?,,,,electron,False,False,False,,
2,440,p0440,-0.6625,0.6625,0.0,1.0,0.0,0.0,AUX,?,,,,proton,False,False,False,,
2,441,p0441,-0.3875,0.3875,0.0,1.0,0.0,0.0,AUX,?,,,,proton,False,False,False,,
2,442,p0442,-1.4188,1.4188,0.0,1.0,0.0,0.0,AUX,?,,,,proton,False,False,False,,
2,443,p0443,-1.6812,1.6812,0.0,1.0,0.0,0.0,AUX,?,,,,photon,False,False,False,,
2,444,p0444,-4.1688,4.1688,0.0,1.0,0.0,0.0,AUX,?,,,,electron,False,False,False,,
2,445,p0445,-1.7,1.7,0.0,1.0,0.0,0.0,AUX,?,,,,electron,False,False,False,,
2,446,p0446,-0.3875,0.3875,0.0,1.0,0.0,0.0,AUX,?,,,,photon,False,False,False,,
3,0,p0000,-0.5521,0.5799,0.1111,0.6667,0.0,0.0,AUX,?,,,,electron,False,False,False,,
3,1,p0001,-0.4549,0.5799,0.4444,0.5556,0.0,0.0,AUX,?,,,,electron,False,False,False,,
3,2,p0002,-0.5764,0.5764,0.0,1.0,0.0,0.0,AUX,?,,,,neutron,False,False,False,,
3,3,p0003,-0.9965,1.0382,0.2222,0.7778,0.0,0.0,AUX,?,,,,neutron,False,False,False,,
3,4,p0004,-0.4826,0.5035,0.1111,0.8889,0.0,0.0,AUX,?,,,,neutron,False,False,False,,
3,5,p0005,-0.7292,0.7847,0.2222,0.7778,0.0,0.0,AUX,?,,,,photon,False,False,False,,
3,6,p0006,-0.0486,0.2986,0.6667,0.3333,0.0,0.0,AUX,?,,,,neutron,False,False,False,,
3,7,p0007,-0.9965,0.9965,0.0,1.0,0.0,0.0,AUX,?,,,,electron,False,False,False,,
3,8,p0008,-0.3056,0.4028,0.3333,0.6667,0.0,0.0,AUX,?,,,,proton,False,False,False,,
3,9,p0009,-0.6181,0.6181,0.0,1.0,0.0,0.0,AUX,?,,,,proton,False,False,False,,
3,10,p0010,-0.1111,0.5347,0.7778,0.2222,0.0,0.0,AUX,?,,,,proton,False,False,False,,
3,11,p0011,-0.191,0.191,0.0,1.0,0.0,0.0,AUX,?,,,,photon,False,False,False,,
3,12,p0012,-1.3368,1.3368,0.0,1.0,0.0,0.0,AUX,?,,,,neutron,False,False,False,,
3,13,p0013,-0.1875,0.2431,0.2222,0.7778,0.0,0.0,AUX,?,,,,neutron,False,False,False,,
3,14,p0014,-2.2222,2.2222,0.0,0.8889,0.0,0.0,AUX,?,,,,neutron,False,False,False,,
3,15,p0015,-2.4427,2.4427,0.0,1.0,1.0,0.1111,AUX,?,,,,neutron,False,False,False,,
3,16,p0016,-1.9705,1.9705,0.0,1.0,0.0,0.0,AUX,?,,,,photon,False,False,False,,
3,17,p0017,-1.3646,1.3646,0.0,1.0,0.0,0.0,AUX,?,,,,photon,False,False,False,,
3,18,p0018,-0.7292,0.7431,0.1111,0.8889,0.0,0.0,AUX,?,,,,neutron,False,False,False,,
3,19,p0019,-0.2639,0.2986,0.1111,0.7778,0.0,0.0,AUX,?,,,,proton,False,False,False,,
3,20,p0020,-0.1944,0.2778,0.2222,0.7778,0.0,0.0,AUX,?,,,,photon,False,False,False,,
3,21,p0021,0.1806,0.5417,0.7778,0.2222,0.0,0.0,AUX,?,,,,electron,False,False,False,,
3,22,p0022,-0.0573,0.3385,0.5556,0.4444,0.0,0.0,AUX,?,,,,proton,False,False,False,,
3,23,p0023,0.4028,1.0556,0.4444,0.5556,0.0,0.0,AUX,?,,,,proton,False,False,False,,
3,24,p0024,-0.1111,0.4097,0.5556,0.4444,0.0,0.0,AUX,?,,,,electron,False,False,False,,
3,25,p0025,-1.2674,1.2674,0.0,1.0,0.0,0.0,AUX,?,,,,photon,False,False,False,,
3,26,p0026,-0.2639,0.2639,0.0,0.6667,0.0,0.0,AUX,?,,,,proton,False,False,False,,
3,27,p0027,-0.3941,0.5469,0.5556,0.4444,0.0,0.0,AUX,?,,,,proton,False,False,False,,
3,28,p0028,-0.7604,0.7604,0.0,1.0,0.0,0.0,AUX,?,,,,photon,False,False,False,,
3,29,p0029,0.0885,0.6198,0.5556,0.4444,0.0,0.0,AUX,?,,,,electron,False,False,False,,
3,30,p0030,-0.3403,0.4653,0.2222,0.5556,0.0,0.0,AUX,?,,,,proton,False,False,False,,
3,31,p0031,-0.0938,0.3368,0.6667,0.3333,0.0,0.0,AUX,?,,,,electron,False,False,False,,
3,32,p0032,-0.1823,0.2517,0.2222,0.7778,0.0,0.0,AUX,?,,,,electron,False,False,False,,
3,33,p0033,-0.5174,0.8715,0.5556,0.4444,0.0,0.0,AUX,?,,,,proton,False,False,False,,
3,34,p0034,-2.5625,2.5625,0.0,1.0,3.0,0.3333,AUX,?,,,,photon,False,False,False,,
3,35,p0035,0.0347,0.4236,0.2222,0.6667,0.0,0.0,AUX,?,,,,photon,False,False,False,,
3,36,p0036,-2.4531,2.4531,0.0,1.0,0.0,0.0,AUX,?,,,,neutron,False,False,False,,
3,37,p0037,-0.8646,0.8646,0.0,1.0,0.0,0.0,AUX,?,,,,neutron,False,False,False,,
3,38,p0038,-0.4722,0.5556,0.2222,0.7778,0.0,0.0,AUX,?,,,,neutron,False,False,False,,
3,39,p0039,-0.8264,0.8264,0.0,1.0,0.0,0.0,AUX,?,,,,proton,False,False,False,,
3,40,p0040,-0.8472,0.8472,0.0,1.0,0.0,0.0,AUX,?,,,,proton,False,False,False,,
3,41,p0041,0.3194,0.5556,0.5556,0.3333,0.0,0.0,AUX,?,,,,electron,False,False,False,,
3,42,p0042,-0.5347,0.6458,0.2222,0.7778,0.0,0.0,AUX,?,,,,electron,False,False,False,,
3,43,p0043,0.0972,0.4861,0.5556,0.4444,0.0,0.0,AUX,?,,,,photon,False,False,False,,
3,44,p0044,-0.8507,0.8507,0.0,1.0,0.0,0.0,AUX,?,,,,neutron,False,False,False,,
3,45,p0045,-2.1007,2.1007,0.0,1.0,0.0,0.0,AUX,?,,,,neutron,False,False,False,,
3,46,p0046,0.2917,0.375,0.7778,0.2222,0.0,0.0,AUX,?,,,,neutron,False,False,False,,
3,47,p0047,-1.0729,1.1285,0.5556,0.4444,0.0,0.0,AUX,?,,,,photon,False,False,False,,
3,48,p0048,-0.3264,0.4514,0.2222,0.7778,0.0,0.0,AUX,?,,,,electron,False,False,False,,
3,49,p0049,-1.2153,1.2153,0.0,1.0,0.0,0.0,AUX,?,,,,photon,False,False,False,,
3,50,p0050,-3.8715,3.8715,0.0,1.0,8.0,0.8889,AUX,?,,,,neutron,False,False,False,,
3,51,p0051,-0.434,0.6424,0.2222,0.7778,0.0,0.0,AUX,?,,,,proton,False,False,False,,
3,52,p0052,-2.0833,2.1042,0.1111,0.7778,0.0,0.0,AUX,?,,,,neutron,False,False,False,,
3,53,p0053,-1.3056,1.3056,0.0,1.0,0.0,0.0,AUX,?,,,,photon,False,False,False,,
3,54,p0054,0.0972,0.4028,0.7778,0.2222,0.0,0.0,AUX,?,,,,electron,False,False,False,,
3,55,p0055,-0.7326,0.7326,0.0,1.0,0.0,0.0,AUX,?,,,,electron,False,False,False,,
3,56,p0056,-0.7778,1.2778,0.5556,0.4444,0.0,0.0,AUX,?,,,,neutron,False,False,False,,
3,57,p0057,-0.4167,0.4167,0.0,1.0,0.0,0.0,AUX,?,,,,neutron,False,False,False,,
3,58,p0058,-1.7049,1.7326,0.1111,0.7778,0.0,0.0,AUX,?,,,,photon,False,False,False,,
3,59,p0059,-1.3264,1.3264,0.0,1.0,0.0,0.0,AUX,?,,,,photon,False,False,False,,
3,60,p0060,-0.9479,0.9479,0.0,1.0,0.0,0.0,AUX,?,,,,proton,False,False,False,,
3,61,p0061,-1.2083,1.2083,0.0,1.0,0.0,0.0,AUX,?,,,,neutron,False,False,False,,
3,62,p0062,-1.3889,1.3889,0.0,1.0,0.0,0.0,AUX,?,,,,photon,False,False,False,,
3,63,p0063,-1.7118,1.7118,0.0,1.0,0.0,0.0,AUX,?,,,,photon,False,False,False,,
3,64,p0064,-0.441,0.441,0.0,1.0,0.0,0.0,AUX,?,,,,proton,False,False,False,,
3,65,p0065,-0.9097,0.9375,0.1111,0.7778,0.0,0.0,AUX,?,,,,photon,False,False,False,,
3,66,p0066,-0.3333,0.5347,0.5556,0.4444,0.0,0.0,AUX,?,,,,proton,False,False,False,,
3,67,p0067,-0.3438,0.4271,0.3333,0.6667,0.0,0.0,AUX,?,,,,photon,False,False,False,,
3,68,p0068,-1.2292,1.2292,0.0,1.0,0.0,0.0,AUX,?,,,,neutron,False,False,False,,
3,69,p0069,-2.1042,2.1042,0.0,1.0,0.0,0.0,AUX,?,,,,photon,False,False,False,,
3,70,p0070,-0.0538,0.1267,0.5556,0.4444,0.0,0.0,AUX,?,,,,proton,False,False,False,,
3,71,p0071,-1.0694,1.0694,0.0,1.0,0.0,0.0,AUX,?,,,,proton,False,False,False,,
3,72,p0072,-0.2361,0.2361,0.0,1.0,0.0,0.0,AUX,?,,,,electron,False,False,False,,
3,73,p0073,-0.5347,0.5347,0.0,1.0,0.0,0.0,AUX,?,,,,neutron,False,False,False,,
3,74,p0074,-0.6076,0.6076,0.0,1.0,0.0,0.0,AUX,?,,,,proton,False,False,False,,
3,75,p0075,-1.0764,1.0764,0.0,1.0,0.0,0.0,AUX,?,,,,photon,False,False,False,,
3,76,p0076,-2.3715,2.3715,0.0,1.0,0.0,0.0,AUX,?,,,,neutron,False,False,False,,
3,77,p0077,-0.6562,0.7812,0.2222,0.7778,0.0,0.0,AUX,?,,,,photon,False,False,False,,
3,78,p0078,-0.9375,1.0139,0.2222,0.7778,0.0,0.0,AUX,?,,,,photon,False,False,False,,
3,79,p0079,-0.2188,0.3576,0.2222,0.6667,0.0,0.0,AUX,?,,,,photon,False,False,False,,
3,80,p0080,-1.7778,1.7778,0.0,1.0,0.0,0.0,AUX,?,,,,neutron,False,False,False,,
3,81,p0081,-1.2431,1.2431,0.0,1.0,0.0,0.0,AUX,?,,,,neutron,False,False,False,,
3,82,p0082,-1.6771,1.6771,0.0,1.0,0.0,0.0,AUX,?,,,,photon,False,False,False,,
3,83,p0083,-0.8889,0.8889,0.0,1.0,0.0,0.0,AUX,?,,,,neutron,False,False,False,,
3,84,p0084,0.2812,0.6146,0.7778,0.2222,0.0,0.0,AUX,?,,,,electron,False,False,False,,
3,85,p0085,-0.4375,0.6389,0.5556,0.4444,0.0,0.0,AUX,?,,,,proton,False,False,False,,
3,86,p0086,-1.3889,1.3889,0.0,1.0,0.0,0.0,AUX,?,,,,neutron,False,False,False,,
3,87,p0087,-1.4757,1.4896,0.1111,0.8889,0.0,0.0,AUX,?,,,,neutron,False,False,False,,
3,88,p0088,-0.1111,0.2778,0.3333,0.5556,0.0,0.0,AUX,?,,,,neutron,False,False,False,,
3,89,p0089,-0.434,0.566,0.2222,0.7778,0.0,0.0,AUX,?,,,,proton,False,False,False,,
3,90,p0090,-2.4653,2.4653,0.0,1.0,1.0,0.1111,AUX,?,,,,neutron,False,False,False,,
3,91,p0091,-2.2326,2.2326,0.0,1.0,2.0,0.2222,AUX,?,,,,photon,False,False,False,,
3,92,p0092,-0.8819,0.9097,0.2222,0.7778,0.0,0.0,AUX,?,,,,photon,False,False,False,,
3,93,p0093,-1.9792,1.9792,0.0,1.0,2.0,0.2222,AUX,?,,,,neutron,False,False,False,,
3,94,p0094,-0.6667,0.6667,0.0,1.0,0.0,0.0,AUX,?,,,,electron,False,False,False,,
3,95,p0095,-0.6007,0.9201,0.2222,0.7778,0.0,0.0,AUX,?,,,,neutron,False,False,False,,
3,96,p0096,-1.7708,1.7708,0.0,1.0,0.0,0.0,AUX,?,,,,photon,False,False,False,,
3,97,p0097,-1.5625,1.5625,0.0,1.0,0.0,0.0,AUX,?,,,,neutron,False,False,False,,
3,98,p0098,-1.3403,1.3403,0.0,1.0,0.0,0.0,AUX,?,,,,electron,False,False,False,,
3,99,p0099,-1.9201,1.9201,0.0,1.0,0.0,0.0,AUX,?,,,,neutron,False,False,False,,
3,100,p0100,-0.5868,0.6632,0.2222,0.7778,0.0,0.0,AUX,?,,,,proton,False,False,False,,
3,101,p0101,0.4167,0.5833,0.7778,0.2222,0.0,0.0,AUX,?,,,,proton,False,False,False,,
3,102,p0102,-0.0069,0.2153,0.5556,0.4444,0.0,0.0,AUX,?,,,,neutron,False,False,False,,
3,103,p0103,-1.8264,1.8264,0.0,1.0,2.0,0.2222,AUX,?,,,,proton,False,False,False,,
3,104,p0104,0.1667,0.7292,0.6667,0.3333,0.0,0.0,AUX,?,,,,electron,False,False,False,,
3,105,p0105,-2.1458,2.1458,0.0,1.0,0.0,0.0,AUX,?,,,,neutron,False,False,False,,
3,106,p0106,-0.5208,0.5208,0.0,1.0,0.0,0.0,AUX,?,,,,neutron,False,False,False,,
3,107,p0107,-1.5243,1.5243,0.0,1.0,0.0,0.0,AUX,?,,,,electron,False,False,False,,
3,108,p0108,-1.9965,1.9965,0.0,1.0,0.0,0.0,AUX,?,,,,neutron,False,False,False,,
3,109,p0109,-1.2569,1.4097,0.2222,0.7778,0.0,0.0,AUX,?,,,,photon,False,False,False,,
3,110,p0110,-1.0,1.0,0.0,1.0,0.0,0.0,AUX,?,,,,neutron,False,False,False,,
3,111,p0111,-0.5035,0.7118,0.2222,0.7778,0.0,0.0,AUX,?,,,,electron,False,False,False,,
3,112,p0112,-0.059,0.4757,0.7778,0.2222,0.0,0.0,AUX,?,,,,electron,False,False,False,,
3,113,p0113,-0.4722,0.4722,0.0,1.0,0.0,0.0,AUX,?,,,,neutron,False,False,False,,
3,114,p0114,-1.0417,1.2361,0.2222,0.7778,0.0,0.0,AUX,?,,,,neutron,False,False,False,,
3,115,p0115,-1.3611,1.3611,0.0,1.0,0.0,0.0,AUX,?,,,,photon,False,False,False,,
3,116,p0116,0.2361,1.125,0.5556,0.4444,0.0,0.0,AUX,?,,,,electron,False,False,False,,
3,117,p0117,-0.4444,0.4444,0.0,1.0,0.0,0.0,AUX,?,,,,electron,False,False,False,,
3,118,p0118,-0.5521,0.691,0.4444,0.4444,0.0,0.0,AUX,?,,,,electron,False,False,False,,
3,119,p0119,-0.8611,0.8611,0.0,1.0,0.0,0.0,AUX,?,,,,neutron,False,False,False,,
3,120,p0120,-0.3299,0.3576,0.2222,0.7778,0.0,0.0,AUX,?,,,,neutron,False,False,False,,
3,121,p0121,-1.1424,1.1424,0.0,1.0,0.0,0.0,AUX,?,,,,neutron,False,False,False,,
3,122,p0122,-1.1667,1.1667,0.0,1.0,0.0,0.0,AUX,?,,,,photon,False,False,False,,
3,123,p0123,0.1458,0.7292,0.7778,0.2222,0.0,0.0,AUX,?,,,,photon,False,False,False,,
3,124,p0124,-0.7535,0.7535,0.0,1.0,0.0,0.0,AUX,?,,,,neutron,False,False,False,,
3,125,p0125,-0.4653,0.4653,0.0,1.0,0.0,0.0,AUX,?,,,,neutron,False,False,False,,
3,126,p0126,-0.5694,0.5694,0.0,0.4444,0.0,0.0,AUX,?,,,,electron,False,False,False,,
3,127,p0127,-1.2535,1.2535,0.0,1.0,0.0,0.0,AUX,?,,,,photon,False,False,False,,
3,128,p0128,-1.4132,1.4132,0.0,1.0,0.0,0.0,AUX,?,,,,photon,False,False,False,,
3,129,p0129,-0.3194,0.4444,0.5556,0.4444,0.0,0.0,AUX,?,,,,electron,False,False,False,,
3,130,p0130,-0.7014,0.7014,0.0,0.7778,0.0,0.0,AUX,?,,,,photon,False,False,False,,
3,131,p0131,-0.2465,0.4132,0.4444,0.4444,0.0,0.0,AUX,?,,,,neutron,False,False,False,,
3,132,p0132,-2.625,2.9583,0.2222,0.7778,5.0,0.5556,AUX,?,,,,photon,False,False,False,,
3,133,p0133,-1.7569,1.7569,0.0,1.0,0.0,0.0,AUX,?,,,,neutron,False,False,False,,
3,134,p0134,-0.8438,0.8854,0.1111,0.7778,0.0,0.0,AUX,?,,,,neutron,False,False,False,,
3,135,p0135,-0.0486,0.2986,0.7778,0.2222,0.0,0.0,AUX,?,,,,proton,False,False,False,,
3,136,p0136,-0.0625,0.1597,0.2222,0.7778,0.0,0.0,AUX,?,,,,neutron,False,False,False,,
3,137,p0137,0.3715,0.8021,0.5556,0.4444,0.0,0.0,AUX,?,,,,proton,False,False,False,,
3,138,p0138,-2.0312,2.0312,0.0,1.0,0.0,0.0,AUX,?,,,,neutron,False,False,False,,
3,139,p0139,-0.3472,0.8472,0.6667,0.3333,0.0,0.0,AUX,?,,,,electron,False,False,False,,
3,140,p0140,-0.3472,0.4861,0.2222,0.7778,0.0,0.0,AUX,?,,,,electron,False,False,False,,
3,141,p0141,0.9271,1.2326,0.7778,0.2222,0.0,0.0,AUX,?,,,,electron,False,False,False,,
3,142,p0142,-1.6146,1.6146,0.0,1.0,0.0,0.0,AUX,?,,,,neutron,False,False,False,,
3,143,p0143,-0.4653,0.5347,0.2222,0.7778,0.0,0.0,AUX,?,,,,electron,False,False,False,,
3,144,p0144,-0.1458,0.4236,0.6667,0.2222,0.0,0.0,AUX,?,,,,proton,False,False,False,,
3,145,p0145,-1.5417,1.5417,0.0,1.0,2.0,0.2222,AUX,?,,,,photon,False,False,False,,
3,146,p0146,-1.2587,1.2587,0.0,1.0,0.0,0.0,AUX,?,,,,neutron,False,False,False,,
3,147,p0147,-0.0694,0.6111,0.6667,0.3333,0.0,0.0,AUX,?,,,,photon,False,False,False,,
3,148,p0148,-3.6597,3.6597,0.0,1.0,9.0,1.0,AUX,?,,,,photon,False,False,False,,
3,149,p0149,-0.3681,0.4931,0.2222,0.4444,0.0,0.0,AUX,?,,,,electron,False,False,False,,
3,150,p0150,-0.5556,0.5556,0.0,1.0,0.0,0.0,AUX,?,,,,proton,False,False,False,,
3,151,p0151,-0.8056,0.8056,0.0,1.0,0.0,0.0,AUX,?,,,,photon,False,False,False,,
3,152,p0152,-0.8681,0.8681,0.0,1.0,0.0,0.0,AUX,?,,,,proton,False,False,False,,
3,153,p0153,-1.5972,1.5972,0.0,1.0,0.0,0.0,AUX,?,,,,neutron,False,False,False,,
3,154,p0154,-1.1181,1.1181,0.0,1.0,0.0,0.0,AUX,?,,,,neutron,False,False,False,,
3,155,p0155,-0.941,0.941,0.0,1.0,0.0,0.0,AUX,?,,,,neutron,False,False,False,,
3,156,p0156,-0.4965,0.566,0.2222,0.7778,0.0,0.0,AUX,?,,,,neutron,False,False,False,,
3,157,p0157,-0.9931,0.9931,0.0,1.0,0.0,0.0,AUX,?,,,,neutron,False,False,False,,
3,158,p0158,-0.2188,0.2188,0.0,1.0,0.0,0.0,AUX,?,,,,neutron,False,False,False,,
3,159,p0159,-1.309,1.7812,0.2222,0.7778,0.0,0.0,AUX,?,,,,photon,False,False,False,,
3,160,p0160,-1.7569,1.7569,0.0,1.0,0.0,0.0,AUX,?,,,,electron,False,False,False,,
3,161,p0161,0.5833,1.0556,0.6667,0.2222,0.0,0.0,AUX,?,,,,photon,False,False,False,,
3,162,p0162,-0.9479,0.9479,0.0,1.0,0.0,0.0,AUX,?,,,,photon,False,False,False,,
3,163,p0163,-1.0625,1.0625,0.0,0.8889,0.0,0.0,AUX,?,,,,photon,False,False,False,,
3,164,p0164,-1.4583,1.4583,0.0,1.0,0.0,0.0,AUX,?,,,,neutron,False,False,False,,
3,165,p0165,-0.7951,1.1285,0.2222,0.7778,0.0,0.0,AUX,?,,,,photon,False,False,False,,
3,166,p0166,-2.9427,3.1719,0.2222,0.7778,7.0,0.7778,AUX,?,,,,neutron,False,False,False,,
3,167,p0167,-0.441,0.4618,0.1111,0.8889,0.0,0.0,AUX,?,,,,photon,False,False,False,,
3,168,p0168,-1.1458,1.1458,0.0,1.0,0.0,0.0,AUX,?,,,,proton,False,False,False,,
3,169,p0169,-1.6962,1.6962,0.0,1.0,0.0,0.0,AUX,?,,,,electron,False,False,False,,
3,170,p0170,-1.2778,1.2778,0.0,1.0,0.0,0.0,AUX,?,,,,neutron,False,False,False,,
3,171,p0171,-1.2049,1.2049,0.0,1.0,0.0,0.0,AUX,?,,,,proton,False,False,False,,
3,172,p0172,0.2083,0.6806,0.5556,0.4444,0.0,0.0,AUX,?,,,,neutron,False,False,False,,
3,173,p0173,-0.7222,0.7222,0.0,1.0,0.0,0.0,AUX,?,,,,photon,False,False,False,,
3,174,p0174,-1.0625,1.0625,0.0,1.0,0.0,0.0,AUX,?,,,,neutron,False,False,False,,
3,175,p0175,-1.5486,1.5486,0.0,1.0,0.0,0.0,AUX,?,,,,neutron,False,False,False,,
3,176,p0176,-0.3785,0.5451,0.2222,0.7778,0.0,0.0,AUX,?,,,,photon,False,False,False,,
3,177,p0177,-0.8229,0.8229,0.0,1.0,0.0,0.0,AUX,?,,,,photon,False,False,False,,
3,178,p0178,-1.816,1.816,0.0,1.0,0.0,0.0,AUX,?,,,,neutron,False,False,False,,
3,179,p0179,-1.3229,1.3229,0.0,1.0,0.0,0.0,AUX,?,,,,photon,False,False,False,,
3,180,p0180,-1.4514,1.4514,0.0,1.0,0.0,0.0,AUX,?,,,,photon,False,False,False,,
3,181,p0181,0.4236,1.0764,0.5556,0.3333,0.0,0.0,AUX,?,,,,electron,False,False,False,,
3,182,p0182,-1.7153,1.9097,0.2222,0.7778,0.0,0.0,AUX,?,,,,neutron,False,False,False,,
3,183,p0183,0.0347,0.2917,0.6667,0.2222,0.0,0.0,AUX,?,,,,proton,False,False,False,,
3,184,p0184,-0.9583,0.9583,0.0,1.0,0.0,0.0,AUX,?,,,,neutron,False,False,False,,
3,185,p0185,-0.3333,0.5139,0.2222,0.7778,0.0,0.0,AUX,?,,,,electron,False,False,False,,
3,186,p0186,-0.1701,0.5799,0.5556,0.4444,0.0,0.0,AUX,?,,,,photon,False,False,False,,
3,187,p0187,-1.2604,1.2604,0.0,1.0,0.0,0.0,AUX,?,,,,neutron,False,False,False,,
3,188,p0188,-0.4479,0.5312,0.2222,0.7778,0.0,0.0,AUX,?,,,,photon,False,False,False,,
3,189,p0189,-1.75,1.75,0.0,1.0,0.0,0.0,AUX,?,,,,photon,False,False,False,,
3,190,p0190,-1.2188,1.2188,0.0,1.0,0.0,0.0,AUX,?,,,,neutron,False,False,False,,
3,191,p0191,-0.7778,0.7778,0.0,1.0,0.0,0.0,AUX,?,,,,photon,False,False,False,,
3,192,p0192,-0.2708,0.4514,0.4444,0.4444,0.0,0.0,AUX,?,,,,proton,False,False,False,,
3,193,p0193,-1.5799,1.5799,0.0,1.0,0.0,0.0,AUX,?,,,,photon,False,False,False,,
3,194,p0194,-0.4757,0.4757,0.0,1.0,0.0,0.0,AUX,?,,,,proton,False,False,False,,
3,195,p0195,-1.3472,1.3472,0.0,1.0,0.0,0.0,AUX,?,,,,photon,False,False,False,,
3,196,p0196,-2.1146,2.1146,0.0,1.0,1.0,0.1111,AUX,?,,,,neutron,False,False,False,,
3,197,p0197,-1.7361,1.7361,0.0,1.0,0.0,0.0,AUX,?,,,,neutron,False,False,False,,
3,198,p0198,-0.8368,1.1771,0.2222,0.7778,0.0,0.0,AUX,?,,,,photon,False,False,False,,
3,199,p0199,-0.6944,0.6944,0.0,1.0,0.0,0.0,AUX,?,,,,electron,False,False,False,,
3,200,p0200,-0.2569,0.2569,0.0,1.0,0.0,0.0,AUX,?,,,,proton,False,False,False,,
3,201,p0201,-0.6319,0.7986,0.2222,0.7778,0.0,0.0,AUX,?,,,,photon,False,False,False,,
3,202,p0202,-1.776,1.776,0.0,1.0,0.0,0.0,AUX,?,,,,neutron,False,False,False,,
3,203,p0203,-0.9028,0.9028,0.0,1.0,0.0,0.0,AUX,?,,,,electron,False,False,False,,
3,204,p0204,-0.5729,0.7465,0.2222,0.7778,0.0,0.0,AUX,?,,,,proton,False,False,False,,
3,205,p0205,0.1875,0.3333,0.7778,0.2222,0.0,0.0,AUX,?,,,,proton,False,False,False,,
3,206,p0206,-1.1146,1.1146,0.0,1.0,0.0,0.0,AUX,?,,,,proton,False,False,False,,
3,207,p0207,-1.4618,1.4618,0.0,1.0,0.0,0.0,AUX,?,,,,neutron,False,False,False,,
3,208,p0208,-1.3125,1.3125,0.0,1.0,0.0,0.0,AUX,?,,,,photon,False,False,False,,
3,209,p0209,-0.3958,0.4097,0.1111,0.8889,0.0,0.0,AUX,?,,,,neutron,False,False,False,,
3,210,p0210,-0.9618,0.9618,0.0,1.0,0.0,0.0,AUX,?,,,,neutron,False,False,False,,
3,211,p0211,0.1076,0.4062,0.7778,0.2222,0.0,0.0,AUX,?,,,,proton,False,False,False,,
3,212,p0212,-2.0174,2.0174,0.0,1.0,0.0,0.0,AUX,?,,,,photon,False,False,False,,
3,213,p0213,-1.4931,1.4931,0.0,1.0,0.0,0.0,AUX,?,,,,photon,False,False,False,,
3,214,p0214,-0.4236,0.4236,0.0,1.0,0.0,0.0,AUX,?,,,,electron,False,False,False,,
3,215,p0215,-0.4722,0.4722,0.0,1.0,0.0,0.0,AUX,?,,,,proton,False,False,False,,
3,216,p0216,-0.533,0.8524,0.5556,0.4444,0.0,0.0,AUX,?,,,,neutron,False,False,False,,
3,217,p0217,-1.3993,1.4271,0.1111,0.7778,0.0,0.0,AUX,?,,,,neutron,False,False,False,,
3,218,p0218,-1.0139,1.0486,0.2222,0.7778,0.0,0.0,AUX,?,,,,electron,False,False,False,,
3,219,p0219,-0.4167,0.5208,0.2222,0.7778,0.0,0.0,AUX,?,,,,electron,False,False,False,,
3,220,p0220,-0.1597,0.2847,0.2222,0.7778,0.0,0.0,AUX,?,,,,neutron,False,False,False,,
3,221,p0221,-1.6632,1.6632,0.0,1.0,0.0,0.0,AUX,?,,,,photon,False,False,False,,
3,222,p0222,-1.3576,1.3576,0.0,1.0,0.0,0.0,AUX,?,,,,photon,False,False,False,,
3,223,p0223,-1.8264,1.8264,0.0,1.0,0.0,0.0,AUX,?,,,,photon,False,False,False,,
3,224,p0224,-0.4444,0.4444,0.0,1.0,0.0,0.0,AUX,?,,,,electron,False,False,False,,
3,225,p0225,-2.1285,2.1424,0.1111,0.8889,2.0,0.2222,AUX,?,,,,photon,False,False,False,,
3,226,p0226,-1.7118,1.7118,0.0,1.0,0.0,0.0,AUX,?,,,,photon,False,False,False,,
3,227,p0227,-0.6458,0.75,0.2222,0.7778,0.0,0.0,AUX,?,,,,photon,False,False,False,,
3,228,p0228,-1.6597,1.6597,0.0,1.0,0.0,0.0,AUX,?,,,,photon,False,False,False,,
3,229,p0229,-0.3368,0.5104,0.5556,0.4444,0.0,0.0,AUX,?,,,,proton,False,False,False,,
3,230,p0230,-1.7292,1.7292,0.0,1.0,0.0,0.0,AUX,?,,,,neutron,False,False,False,,
3,231,p0231,-1.3819,1.3819,0.0,1.0,0.0,0.0,AUX,?,,,,photon,False,False,False,,
3,232,p0232,-0.1458,0.3333,0.4444,0.5556,0.0,0.0,AUX,?,,,,proton,False,False,False,,
3,233,p0233,-1.4757,1.4757,0.0,1.0,0.0,0.0,AUX,?,,,,photon,False,False,False,,
3,234,p0234,-1.4931,1.4931,0.0,1.0,0.0,0.0,AUX,?,,,,photon,False,False,False,,
3,235,p0235,-1.2604,1.2604,0.0,1.0,0.0,0.0,AUX,?,,,,photon,False,False,False,,
3,236,p0236,-0.5347,0.5347,0.0,1.0,0.0,0.0,AUX,?,,,,electron,False,False,False,,
3,237,p0237,-0.9826,1.191,0.2222,0.7778,0.0,0.0,AUX,?,,,,proton,False,False,False,,
3,238,p0238,0.1875,0.5556,0.7778,0.2222,0.0,0.0,AUX,?,,,,proton,False,False,False,,
3,239,p0239,-0.8056,0.8056,0.0,1.0,0.0,0.0,AUX,?,,,,neutron,False,False,False,,
3,240,p0240,-1.125,1.125,0.0,1.0,0.0,0.0,AUX,?,,,,photon,False,False,False,,
3,241,p0241,-0.3542,0.4028,0.2222,0.7778,0.0,0.0,AUX,?,,,,proton,False,False,False,,
3,242,p0242,-0.9132,1.1146,0.2222,0.7778,0.0,0.0,AUX,?,,,,photon,False,False,False,,
3,243,p0243,-0.0278,0.3264,0.5556,0.4444,0.0,0.0,AUX,?,,,,neutron,False,False,False,,
3,244,p0244,-0.6979,0.6979,0.0,1.0,0.0,0.0,AUX,?,,,,proton,False,False,False,,
3,245,p0245,-1.1458,1.1458,0.0,1.0,0.0,0.0,AUX,?,,,,photon,False,False,False,,
3,246,p0246,-1.0764,1.0764,0.0,0.8889,0.0,0.0,AUX,?,,,,neutron,False,False,False,,
3,247,p0247,-1.3576,1.3576,0.0,1.0,0.0,0.0,AUX,?,,,,photon,False,False,False,,
3,248,p0248,-1.1042,1.1042,0.0,1.0,0.0,0.0,AUX,?,,,,photon,False,False,False,,
3,249,p0249,-0.8194,0.9653,0.2222,0.7778,0.0,0.0,AUX,?,,,,photon,False,False,False,,
3,250,p0250,-0.5486,0.6181,0.2222,0.7778,0.0,0.0,AUX,?,,,,photon,False,False,False,,
3,251,p0251,-0.941,1.0382,0.2222,0.7778,0.0,0.0,AUX,?,,,,photon,False,False,False,,
3,252,p0252,-1.9861,1.9861,0.0,1.0,0.0,0.0,AUX,?,,,,neutron,False,False,False,,
3,253,p0253,-1.7743,1.7743,0.0,1.0,0.0,0.0,AUX,?,,,,photon,False,False,False,,
3,254,p0254,-0.75,0.75,0.0,1.0,0.0,0.0,AUX,?,,,,neutron,False,False,False,,
3,255,p0255,-1.184,1.184,0.0,1.0,0.0,0.0,AUX,?,,,,photon,False,False,False,,
3,256,p0256,-1.3507,1.3507,0.0,1.0,0.0,0.0,AUX,?,,,,photon,False,False,False,,
3,257,p0257,-0.4653,0.4653,0.0,1.0,0.0,0.0,AUX,?,,,,proton,False,False,False,,
3,258,p0258,-2.1736,2.1736,0.0,1.0,1.0,0.1111,AUX,?,,,,neutron,False,False,False,,
3,259,p0259,-0.0764,0.2708,0.7778,0.2222,0.0,0.0,AUX,?,,,,electron,False,False,False,,
3,260,p0260,-0.3958,0.3958,0.0,1.0,0.0,0.0,AUX,?,,,,electron,False,False,False,,
3,261,p0261,-0.6562,0.6562,0.0,1.0,0.0,0.0,AUX,?,,,,photon,False,False,False,,
3,262,p0262,-0.9792,0.9792,0.0,1.0,0.0,0.0,AUX,?,,,,neutron,False,False,False,,
3,263,p0263,-0.2535,0.4271,0.7778,0.2222,0.0,0.0,AUX,?,,,,electron,False,False,False,,
3,264,p0264,-2.2257,2.2257,0.0,1.0,0.0,0.0,AUX,?,,,,photon,False,False,False,,
3,265,p0265,-0.4132,0.5243,0.2222,0.7778,0.0,0.0,AUX,?,,,,proton,False,False,False,,
3,266,p0266,-0.5972,0.5972,0.0,1.0,0.0,0.0,AUX,?,,,,electron,False,False,False,,
3,267,p0267,-0.9861,1.0556,0.2222,0.7778,0.0,0.0,AUX,?,,,,proton,False,False,False,,
3,268,p0268,0.1424,0.2465,0.5556,0.3333,0.0,0.0,AUX,?,,,,proton,False,False,False,,
3,269,p0269,-1.3056,1.3056,0.0,1.0,0.0,0.0,AUX,?,,,,photon,False,False,False,,
3,270,p0270,-2.3194,2.3194,0.0,1.0,3.0,0.3333,AUX,?,,,,neutron,False,False,False,,
3,271,p0271,-0.4722,0.5764,0.2222,0.7778,0.0,0.0,AUX,?,,,,electron,False,False,False,,
3,272,p0272,-1.3229,1.3229,0.0,1.0,0.0,0.0,AUX,?,,,,neutron,False,False,False,,
3,273,p0273,-2.2396,2.2396,0.0,1.0,0.0,0.0,AUX,?,,,,neutron,False,False,False,,
3,274,p0274,-0.0208,0.2708,0.6667,0.2222,0.0,0.0,AUX,?,,,,electron,False,False,False,,
3,275,p0275,-1.1562,1.1562,0.0,1.0,0.0,0.0,AUX,?,,,,neutron,False,False,False,,
3,276,p0276,-0.434,0.6632,0.5556,0.4444,0.0,0.0,AUX,?,,,,proton,False,False,False,,
3,277,p0277,-0.6233,0.6233,0.0,1.0,0.0,0.0,AUX,?,,,,neutron,False,False,False,,
3,278,p0278,-1.0556,1.0556,0.0,1.0,0.0,0.0,AUX,?,,,,photon,False,False,False,,
3,279,p0279,-0.8611,1.0625,0.2222,0.7778,0.0,0.0,AUX,?,,,,photon,False,False,False,,
3,280,p0280,-2.7812,2.7812,0.0,1.0,5.0,0.5556,AUX,?,,,,photon,False,False,False,,
3,281,p0281,-0.1094,0.1372,0.2222,0.7778,0.0,0.0,AUX,?,,,,proton,False,False,False,,
3,282,p0282,-0.3472,0.4514,0.5556,0.4444,0.0,0.0,AUX,?,,,,electron,False,False,False,,
3,283,p0283,-0.691,0.7118,0.1111,0.7778,0.0,0.0,AUX,?,,,,neutron,False,False,False,,
3,284,p0284,-0.8993,0.8993,0.0,1.0,0.0,0.0,AUX,?,,,,proton,False,False,False,,
3,285,p0285,0.1111,0.4236,0.7778,0.2222,0.0,0.0,AUX,?,,,,neutron,False,False,False,,
3,286,p0286,-1.0347,1.0347,0.0,1.0,0.0,0.0,AUX,?,,,,photon,False,False,False,,
3,287,p0287,-0.6181,0.6181,0.0,1.0,0.0,0.0,AUX,?,,,,electron,False,False,False,,
3,288,p0288,-1.0451,1.0451,0.0,1.0,0.0,0.0,AUX,?,,,,photon,False,False,False,,
3,289,p0289,-0.309,0.4896,0.5556,0.4444,0.0,0.0,AUX,?,,,,proton,False,False,False,,
3,290,p0290,-1.1858,1.1858,0.0,1.0,0.0,0.0,AUX,?,,,,neutron,False,False,False,,
3,291,p0291,-0.184,0.4271,0.2222,0.7778,0.0,0.0,AUX,?,,,,photon,False,False,False,,
3,292,p0292,0.75,1.3056,0.5556,0.4444,0.0,0.0,AUX,?,,,,photon,False,False,False,,
3,293,p0293,-1.3785,1.4688,0.2222,0.7778,0.0,0.0,AUX,?,,,,photon,False,False,False,,
3,294,p0294,-1.2396,1.2396,0.0,1.0,0.0,0.0,AUX,?,,,,photon,False,False,False,,
3,295,p0295,-1.0069,1.25,0.2222,0.7778,0.0,0.0,AUX,?,,,,photon,False,False,False,,
3,296,p0296,-0.8472,1.0,0.4444,0.5556,0.0,0.0,AUX,?,,,,electron,False,False,False,,
3,297,p0297,-0.4167,0.4167,0.0,1.0,0.0,0.0,AUX,?,,,,electron,False,False,False,,
3,298,p0298,-1.5139,1.5139,0.0,1.0,0.0,0.0,AUX,?,,,,neutron,False,False,False,,
3,299,p0299,0.1736,0.8125,0.7778,0.2222,0.0,0.0,AUX,?,,,,proton,False,False,False,,
3,300,p0300,-1.559,1.7257,0.2222,0.7778,0.0,0.0,AUX,?,,,,neutron,False,False,False,,
3,301,p0301,-2.8021,2.8021,0.0,1.0,2.0,0.2222,AUX,?,,,,neutron,False,False,False,,
3,302,p0302,-2.0799,2.0799,0.0,1.0,0.0,0.0,AUX,?,,,,neutron,False,False,False,,
3,303,p0303,-1.9618,1.9618,0.0,1.0,0.0,0.0,AUX,?,,,,neutron,False,False,False,,
3,304,p0304,-0.0729,0.6701,0.7778,0.2222,0.0,0.0,AUX,?,,,,electron,False,False,False,,
3,305,p0305,-2.3924,2.3924,0.0,1.0,5.0,0.5556,AUX,?,,,,photon,False,False,False,,
3,306,p0306,-2.1788,2.1927,0.1111,0.8889,0.0,0.0,AUX,?,,,,photon,False,False,False,,
3,307,p0307,-0.875,0.9028,0.2222,0.7778,0.0,0.0,AUX,?,,,,photon,False,False,False,,
3,308,p0308,-0.0486,0.6319,0.7778,0.2222,0.0,0.0,AUX,?,,,,electron,False,False,False,,
3,309,p0309,-0.2083,0.5,0.5556,0.4444,0.0,0.0,AUX,?,,,,electron,False,False,False,,
3,310,p0310,-0.3819,0.3889,0.1111,0.8889,0.0,0.0,AUX,?,,,,electron,False,False,False,,
3,311,p0311,-0.8715,0.9965,0.2222,0.7778,0.0,0.0,AUX,?,,,,electron,False,False,False,,
3,312,p0312,-1.6736,1.6736,0.0,1.0,2.0,0.2222,AUX,?,,,,neutron,False,False,False,,
3,313,p0313,-1.2153,1.2153,0.0,1.0,0.0,0.0,AUX,?,,,,neutron,False,False,False,,
3,314,p0314,-0.9444,0.9444,0.0,1.0,0.0,0.0,AUX,?,,,,electron,False,False,False,,
3,315,p0315,-0.4965,0.684,0.2222,0.7778,0.0,0.0,AUX,?,,,,photon,False,False,False,,
3,316,p0316,-1.0035,1.0035,0.0,1.0,0.0,0.0,AUX,?,,,,photon,False,False,False,,
3,317,p0317,-0.7431,0.7986,0.2222,0.7778,0.0,0.0,AUX,?,,,,neutron,False,False,False,,
3,318,p0318,-2.2951,2.2951,0.0,1.0,5.0,0.5556,AUX,?,,,,photon,False,False,False,,
3,319,p0319,-0.4444,0.6667,0.2222,0.7778,0.0,0.0,AUX,?,,,,neutron,False,False,False,,
3,320,p0320,-1.3125,1.3125,0.0,1.0,0.0,0.0,AUX,?,,,,photon,False,False,False,,
3,321,p0321,0.1562,0.4757,0.7778,0.2222,0.0,0.0,AUX,?,,,,proton,False,False,False,,
3,322,p0322,-1.2153,1.2153,0.0,1.0,0.0,0.0,AUX,?,,,,neutron,False,False,False,,
3,323,p0323,-1.6319,1.6319,0.0,1.0,0.0,0.0,AUX,?,,,,photon,False,False,False,,
3,324,p0324,-0.1285,0.3368,0.6667,0.3333,0.0,0.0,AUX,?,,,,proton,False,False,False,,
3,325,p0325,-2.1667,2.1667,0.0,1.0,2.0,0.2222,AUX,?,,,,photon,False,False,False,,
3,326,p0326,-1.3194,1.3194,0.0,1.0,0.0,0.0,AUX,?,,,,photon,False,False,False,,
3,327,p0327,-1.2743,1.2743,0.0,1.0,0.0,0.0,AUX,?,,,,electron,False,False,False,,
3,328,p0328,-1.3264,1.3264,0.0,1.0,0.0,0.0,AUX,?,,,,neutron,False,False,False,,
3,329,p0329,-1.3438,1.5035,0.2222,0.7778,0.0,0.0,AUX,?,,,,photon,False,False,False,,
3,330,p0330,-0.4653,0.6875,0.2222,0.7778,0.0,0.0,AUX,?,,,,neutron,False,False,False,,
3,331,p0331,-0.7708,0.8542,0.2222,0.7778,0.0,0.0,AUX,?,,,,neutron,False,False,False,,
3,332,p0332,-1.25,1.25,0.0,1.0,0.0,0.0,AUX,?,,,,photon,False,False,False,,
3,333,p0333,-2.6806,2.7222,0.2222,0.7778,5.0,0.5556,AUX,?,,,,photon,False,False,False,,
3,334,p0334,-1.2812,1.2812,0.0,1.0,0.0,0.0,AUX,?,,,,neutron,False,False,False,,
3,335,p0335,-0.5764,0.5764,0.0,0.7778,0.0,0.0,AUX,?,,,,proton,False,False,False,,
3,336,p0336,-0.2743,0.3576,0.5556,0.4444,0.0,0.0,AUX,?,,,,electron,False,False,False,,
3,337,p0337,-0.4062,0.4688,0.2222,0.7778,0.0,0.0,AUX,?,,,,proton,False,False,False,,
3,338,p0338,-0.5347,0.5347,0.0,1.0,0.0,0.0,AUX,?,,,,neutron,False,False,False,,
3,339,p0339,-1.5069,1.5069,0.0,1.0,0.0,0.0,AUX,?,,,,neutron,False,False,False,,
3,340,p0340,-0.5833,0.5833,0.0,1.0,0.0,0.0,AUX,?,,,,photon,False,False,False,,
3,341,p0341,-0.0139,0.4514,0.5556,0.4444,0.0,0.0,AUX,?,,,,proton,False,False,False,,
3,342,p0342,-0.3542,0.4931,0.2222,0.7778,0.0,0.0,AUX,?,,,,electron,False,False,False,,
3,343,p0343,-1.7222,1.7222,0.0,1.0,0.0,0.0,AUX,?,,,,neutron,False,False,False,,
3,344,p0344,-0.8958,0.8958,0.0,1.0,0.0,0.0,AUX,?,,,,photon,False,False,False,,
3,345,p0345,-1.1528,1.1528,0.0,1.0,0.0,0.0,AUX,?,,,,neutron,False,False,False,,
3,346,p0346,-0.8819,1.6319,0.5556,0.4444,0.0,0.0,AUX,?,,,,photon,False,False,False,,
3,347,p0347,-0.1181,0.2222,0.3333,0.6667,0.0,0.0,AUX,?,,,,proton,False,False,False,,
3,348,p0348,-1.3438,1.3438,0.0,1.0,0.0,0.0,AUX,?,,,,photon,False,False,False,,
3,349,p0349,-2.4792,2.4792,0.0,1.0,0.0,0.0,AUX,?,,,,neutron,False,False,False,,
3,350,p0350,-1.7222,1.7222,0.0,1.0,0.0,0.0,AUX,?,,,,photon,False,False,False,,
3,351,p0351,-0.1076,0.6632,0.7778,0.2222,0.0,0.0,AUX,?,,,,photon,False,False,False,,
3,352,p0352,-1.0799,1.0799,0.0,1.0,0.0,0.0,AUX,?,,,,neutron,False,False,False,,
3,353,p0353,-0.3611,0.4653,0.5556,0.4444,0.0,0.0,AUX,?,,,,proton,False,False,False,,
3,354,p0354,-0.8333,0.8333,0.0,1.0,0.0,0.0,AUX,?,,,,photon,False,False,False,,
3,355,p0355,-0.7222,0.7222,0.0,1.0,0.0,0.0,AUX,?,,,,photon,False,False,False,,
3,356,p0356,-0.8646,0.8646,0.0,1.0,0.0,0.0,AUX,?,,,,electron,False,False,False,,
3,357,p0357,-1.783,1.783,0.0,1.0,0.0,0.0,AUX,?,,,,photon,False,False,False,,
3,358,p0358,-2.0208,2.3125,0.2222,0.7778,0.0,0.0,AUX,?,,,,photon,False,False,False,,
3,359,p0359,0.6111,0.9028,0.7778,0.2222,0.0,0.0,AUX,?,,,,proton,False,False,False,,
3,360,p0360,-1.0451,1.0451,0.0,1.0,0.0,0.0,AUX,?,,,,photon,False,False,False,,
3,361,p0361,0.1875,0.2847,0.7778,0.2222,0.0,0.0,AUX,?,,,,proton,False,False,False,,
3,362,p0362,-0.3854,0.441,0.2222,0.7778,0.0,0.0,AUX,?,,,,neutron,False,False,False,,
3,363,p0363,-0.5417,1.125,0.2222,0.7778,0.0,0.0,AUX,?,,,,neutron,False,False,False,,
3,364,p0364,-0.6736,0.6736,0.0,1.0,0.0,0.0,AUX,?,,,,proton,False,False,False,,
3,365,p0365,-0.6771,0.6771,0.0,1.0,0.0,0.0,AUX,?,,,,neutron,False,False,False,,
3,366,p0366,-1.3681,1.3681,0.0,1.0,0.0,0.0,AUX,?,,,,photon,False,False,False,,
3,367,p0367,-0.8889,0.8889,0.0,1.0,0.0,0.0,AUX,?,,,,neutron,False,False,False,,
3,368,p0368,-0.1441,0.533,0.5556,0.4444,0.0,0.0,AUX,?,,,,photon,False,False,False,,
3,369,p0369,-1.4201,1.4201,0.0,1.0,0.0,0.0,AUX,?,,,,photon,False,False,False,,
3,370,p0370,0.3021,0.691,0.7778,0.2222,0.0,0.0,AUX,?,,,,electron,False,False,False,,
3,371,p0371,-0.3715,0.4549,0.1111,0.8889,0.0,0.0,AUX,?,,,,photon,False,False,False,,
3,372,p0372,-0.6493,0.6493,0.0,1.0,0.0,0.0,AUX,?,,,,photon,False,False,False,,
3,373,p0373,-0.1146,0.3854,0.3333,0.6667,0.0,0.0,AUX,?,,,,proton,False,False,False,,
3,374,p0374,-0.2118,0.5799,0.5556,0.4444,0.0,0.0,AUX,?,,,,proton,False,False,False,,
3,375,p0375,-2.4306,2.4306,0.0,1.0,2.0,0.2222,AUX,?,,,,photon,False,False,False,,
3,376,p0376,-0.0451,1.2188,0.5556,0.4444,0.0,0.0,AUX,?,,,,electron,False,False,False,,
3,377,p0377,-0.1424,0.9549,0.5556,0.4444,0.0,0.0,AUX,?,,,,electron,False,False,False,,
3,378,p0378,-1.9028,1.9028,0.0,1.0,0.0,0.0,AUX,?,,,,photon,False,False,False,,
3,379,p0379,0.7049,0.7535,0.7778,0.2222,0.0,0.0,AUX,?,,,,proton,False,False,False,,
3,380,p0380,-1.2639,1.2639,0.0,1.0,0.0,0.0,AUX,?,,,,photon,False,False,False,,
3,381,p0381,-1.7778,1.7778,0.0,1.0,0.0,0.0,AUX,?,,,,neutron,False,False,False,,
3,382,p0382,-1.5069,1.6042,0.2222,0.7778,0.0,0.0,AUX,?,,,,photon,False,False,False,,
3,383,p0383,-0.8924,1.1632,0.2222,0.7778,0.0,0.0,AUX,?,,,,photon,False,False,False,,
3,384,p0384,0.0347,0.8194,0.5556,0.4444,0.0,0.0,AUX,?,,,,proton,False,False,False,,
3,385,p0385,-1.908,1.908,0.0,1.0,0.0,0.0,AUX,?,,,,neutron,False,False,False,,
3,386,p0386,-0.6944,0.6944,0.0,1.0,0.0,0.0,AUX,?,,,,electron,False,False,False,,
3,387,p0387,-0.3125,0.3125,0.0,1.0,0.0,0.0,AUX,?,,,,neutron,False,False,False,,
3,388,p0388,-1.2535,1.2535,0.0,1.0,0.0,0.0,AUX,?,,,,electron,False,False,False,,
3,389,p0389,-0.5139,0.5139,0.0,1.0,0.0,0.0,AUX,?,,,,neutron,False,False,False,,
3,390,p0390,-1.9965,1.9965,0.0,0.7778,0.0,0.0,AUX,?,,,,neutron,False,False,False,,
3,391,p0391,-0.6944,1.2431,0.2222,0.7778,0.0,0.0,AUX,?,,,,photon,False,False,False,,
3,392,p0392,-0.2778,0.6875,0.5556,0.4444,0.0,0.0,AUX,?,,,,electron,False,False,False,,
3,393,p0393,-0.941,0.941,0.0,1.0,0.0,0.0,AUX,?,,,,proton,False,False,False,,
3,394,p0394,-1.3646,1.3646,0.0,1.0,0.0,0.0,AUX,?,,,,photon,False,False,False,,
3,395,p0395,-2.1736,2.2569,0.2222,0.7778,5.0,0.5556,AUX,?,,,,neutron,False,False,False,,
3,396,p0396,-1.0799,1.2743,0.2222,0.7778,0.0,0.0,AUX,?,,,,neutron,False,False,False,,
3,397,p0397,-1.0868,1.2188,0.2222,0.7778,0.0,0.0,AUX,?,,,,electron,False,False,False,,
3,398,p0398,-1.7083,1.7083,0.0,1.0,2.0,0.2222,AUX,?,,,,neutron,False,False,False,,
3,399,p0399,-0.0764,0.5,0.5556,0.4444,0.0,0.0,AUX,?,,,,photon,False,False,False,,
3,400,p0400,-0.6389,0.6389,0.0,1.0,0.0,0.0,AUX,?,,,,photon,False,False,False,,
3,401,p0401,-0.6944,1.1944,0.2222,0.7778,0.0,0.0,AUX,?,,,,neutron,False,False,False,,
3,402,p0402,-1.1042,1.1042,0.0,1.0,0.0,0.0,AUX,?,,,,photon,False,False,False,,
3,403,p0403,0.5451,1.191,0.7778,0.2222,0.0,0.0,AUX,?,,,,proton,False,False,False,,
3,404,p0404,-0.4375,0.4375,0.0,0.8889,0.0,0.0,AUX,?,,,,electron,False,False,False,,
3,405,p0405,-0.1944,0.5,0.5556,0.4444,0.0,0.0,AUX,?,,,,photon,False,False,False,,
3,406,p0406,-1.4688,1.4688,0.0,1.0,0.0,0.0,AUX,?,,,,neutron,False,False,False,,
3,407,p0407,-0.0069,0.4792,0.7778,0.2222,0.0,0.0,AUX,?,,,,photon,False,False,False,,
3,408,p0408,-0.7812,0.809,0.1111,0.8889,0.0,0.0,AUX,?,,,,photon,False,False,False,,
3,409,p0409,-0.6458,0.6458,0.0,1.0,0.0,0.0,AUX,?,,,,proton,False,False,False,,
3,410,p0410,-0.5694,0.5694,0.0,1.0,0.0,0.0,AUX,?,,,,photon,False,False,False,,
3,411,p0411,-0.3924,0.5868,0.2222,0.7778,0.0,0.0,AUX,?,,,,electron,False,False,False,,
3,412,p0412,-0.8438,0.8438,0.0,1.0,0.0,0.0,AUX,?,,,,proton,False,False,False,,
3,413,p0413,-2.9931,2.9931,0.0,1.0,4.0,0.4444,AUX,?,,,,photon,False,False,False,,
3,414,p0414,-1.7326,1.7326,0.0,1.0,0.0,0.0,AUX,?,,,,neutron,False,False,False,,
3,415,p0415,0.3073,0.4497,0.7778,0.2222,0.0,0.0,AUX,?,,,,proton,False,False,False,,
3,416,p0416,-0.6667,0.8403,0.2222,0.7778,0.0,0.0,AUX,?,,,,neutron,False,False,False,,
3,417,p0417,0.309,0.6979,0.7778,0.2222,0.0,0.0,AUX,?,,,,photon,False,False,False,,
3,418,p0418,-1.4722,1.4722,0.0,1.0,2.0,0.2222,AUX,?,,,,photon,False,False,False,,
3,419,p0419,-2.1458,2.1458,0.0,1.0,0.0,0.0,AUX,?,,,,photon,False,False,False,,
3,420,p0420,-0.9097,0.9097,0.0,1.0,0.0,0.0,AUX,?,,,,photon,False,False,False,,
3,421,p0421,-0.4965,0.4965,0.0,1.0,0.0,0.0,AUX,?,,,,proton,False,False,False,,
3,422,p0422,-0.375,0.4861,0.2222,0.7778,0.0,0.0,AUX,?,,,,neutron,False,False,False,,
3,423,p0423,0.0903,0.8125,0.5556,0.4444,0.0,0.0,AUX,?,,,,electron,False,False,False,,
3,424,p0424,-0.809,0.809,0.0,1.0,0.0,0.0,AUX,?,,,,photon,False,False,False,,
3,425,p0425,-0.0139,0.75,0.5556,0.4444,0.0,0.0,AUX,?,,,,neutron,False,False,False,,
3,426,p0426,0.0382,0.9132,0.7778,0.2222,0.0,0.0,AUX,?,,,,proton,False,False,False,,
3,427,p0427,-0.9618,0.9618,0.0,1.0,0.0,0.0,AUX,?,,,,proton,False,False,False,,
3,428,p0428,-1.0729,1.0729,0.0,1.0,0.0,0.0,AUX,?,,,,electron,False,False,False,,
3,429,p0429,0.3681,0.7847,0.7778,0.2222,0.0,0.0,AUX,?,,,,electron,False,False,False,,
3,430,p0430,0.3056,0.3056,1.0,0.0,0.0,0.0,AUX,?,,,,electron,False,False,False,,
3,431,p0431,-0.8299,0.8299,0.0,1.0,0.0,0.0,AUX,?,,,,neutron,False,False,False,,
3,432,p0432,-2.6302,2.6302,0.0,1.0,0.0,0.0,AUX,?,,,,photon,False,False,False,,
3,433,p0433,-0.8785,0.941,0.2222,0.7778,0.0,0.0,AUX,?,,,,electron,False,False,False,,
3,434,p0434,-0.6806,1.0278,0.2222,0.7778,0.0,0.0,AUX,?,,,,neutron,False,False,False,,
3,435,p0435,0.0347,0.3819,0.5556,0.4444,0.0,0.0,AUX,?,,,,photon,False,False,False,,
3,436,p0436,-1.7361,1.7361,0.0,1.0,0.0,0.0,AUX,?,,,,photon,False,False,False,,
3,437,p0437,-0.7049,0.7049,0.0,0.7778,0.0,0.0,AUX,?,,,,electron,False,False,False,,
3,438,p0438,-0.6146,0.6146,0.0,1.0,0.0,0.0,AUX,?,,,,photon,False,False,False,,
3,439,p0439,-0.4444,0.5139,0.3333,0.4444,0.0,0.0,AUX,?,,,,electron,False,False,False,,
3,440,p0440,-0.3889,0.4931,0.2222,0.7778,0.0,0.0,AUX,?,,,,proton,False,False,False,,
3,441,p0441,0.1076,0.4896,0.7778,0.2222,0.0,0.0,AUX,?,,,,proton,False,False,False,,
3,442,p0442,-0.4062,0.4479,0.3333,0.5556,0.0,0.0,AUX,?,,,,proton,False,False,False,,
3,443,p0443,0.6111,0.7917,0.7778,0.2222,0.0,0.0,AUX,?,,,,photon,False,False,False,,
3,444,p0444,-0.0833,0.2153,0.4444,0.4444,0.0,0.0,AUX,?,,,,electron,False,False,False,,
3,445,p0445,-0.4201,0.9201,0.2222,0.7778,0.0,0.0,AUX,?,,,,electron,False,False,False,,
3,446,p0446,-1.0868,1.0938,0.1111,0.6667,0.0,0.0,AUX,?,,,,photon,False,False,False,,
4,0,p0000,-1.3125,1.3125,0.0,1.0,0.0,0.0,AUX,?,,,,electron,False,False,False,,
4,1,p0001,-1.0208,1.0208,0.0,1.0,0.0,0.0,AUX,?,,,,electron,False,False,False,,
4,2,p0002,-0.9479,1.0729,0.1667,0.8333,0.0,0.0,AUX,?,,,,neutron,False,False,False,,
4,3,p0003,-0.5208,0.625,0.1667,0.8333,0.0,0.0,AUX,?,,,,neutron,False,False,False,,
4,4,p0004,-0.349,0.4427,0.1667,0.8333,0.0,0.0,AUX,?,,,,neutron,False,False,False,,
4,5,p0005,-0.8438,0.8438,0.0,1.0,0.0,0.0,AUX,?,,,,photon,False,False,False,,
4,6,p0006,-0.8958,0.8958,0.0,1.0,0.0,0.0,AUX,?,,,,neutron,False,False,False,,
4,7,p0007,-1.5312,1.5312,0.0,1.0,0.0,0.0,AUX,?,,,,electron,False,False,False,,
4,8,p0008,-0.3854,0.5417,0.1667,0.8333,0.0,0.0,AUX,?,,,,proton,False,False,False,,
4,9,p0009,0.3125,0.3125,1.0,0.0,0.0,0.0,AUX,?,,,,proton,False,False,False,,
4,10,p0010,-1.1562,1.1562,0.0,1.0,0.0,0.0,AUX,?,,,,proton,False,False,False,,
4,11,p0011,-1.599,1.599,0.0,1.0,0.0,0.0,AUX,?,,,,photon,False,False,False,,
4,12,p0012,-0.1094,0.4531,0.1667,0.8333,0.0,0.0,AUX,?,,,,neutron,False,False,False,,
4,13,p0013,-0.375,0.4167,0.1667,0.8333,0.0,0.0,AUX,?,,,,neutron,False,False,False,,
4,14,p0014,-3.4583,3.4583,0.0,1.0,0.0,0.0,AUX,?,,,,neutron,False,False,False,,
4,15,p0015,-2.0651,2.0651,0.0,1.0,0.0,0.0,AUX,?,,,,neutron,False,False,False,,
4,16,p0016,-2.9896,2.9896,0.0,1.0,0.0,0.0,AUX,?,,,,photon,False,False,False,,
4,17,p0017,-2.8021,2.8021,0.0,0.8333,0.0,0.0,AUX,?,,,,photon,False,False,False,,
4,18,p0018,-1.526,1.526,0.0,1.0,0.0,0.0,AUX,?,,,,neutron,False,False,False,,
4,19,p0019,-0.5729,0.5729,0.0,1.0,0.0,0.0,AUX,?,,,,proton,False,False,False,,
4,20,p0020,-0.75,0.75,0.0,1.0,0.0,0.0,AUX,?,,,,photon,False,False,False,,
4,21,p0021,-0.1667,0.2292,0.1667,0.8333,0.0,0.0,AUX,?,,,,electron,False,False,False,,
4,22,p0022,-0.9792,0.9792,0.0,1.0,0.0,0.0,AUX,?,,,,proton,False,False,False,,
4,23,p0023,1.3698,1.3698,1.0,0.0,0.0,0.0,AUX,?,,,,proton,False,False,False,,
4,24,p0024,-0.7292,0.7292,0.0,0.8333,0.0,0.0,AUX,?,,,,electron,False,False,False,,
4,25,p0025,-2.5312,2.5312,0.0,1.0,0.0,0.0,AUX,?,,,,photon,False,False,False,,
4,26,p0026,-0.3333,0.3333,0.0,1.0,0.0,0.0,AUX,?,,,,proton,False,False,False,,
4,27,p0027,-1.6146,1.6146,0.0,1.0,0.0,0.0,AUX,?,,,,proton,False,False,False,,
4,28,p0028,-0.5521,0.5521,0.0,0.8333,0.0,0.0,AUX,?,,,,photon,False,False,False,,
4,29,p0029,-1.4974,1.4974,0.0,1.0,0.0,0.0,AUX,?,,,,electron,False,False,False,,
4,30,p0030,-0.526,0.5365,0.1667,0.8333,0.0,0.0,AUX,?,,,,proton,False,False,False,,
4,31,p0031,-0.9948,0.9948,0.0,1.0,0.0,0.0,AUX,?,,,,electron,False,False,False,,
4,32,p0032,-1.0286,1.0286,0.0,1.0,0.0,0.0,AUX,?,,,,electron,False,False,False,,
4,33,p0033,-2.375,2.375,0.0,1.0,1.0,0.1667,AUX,?,,,,proton,False,False,False,,
4,34,p0034,-2.0885,2.0885,0.0,1.0,0.0,0.0,AUX,?,,,,photon,False,False,False,,
4,35,p0035,-0.0208,0.25,0.1667,0.8333,0.0,0.0,AUX,?,,,,photon,False,False,False,,
4,36,p0036,-0.9766,0.9766,0.0,1.0,0.0,0.0,AUX,?,,,,neutron,False,False,False,,
4,37,p0037,-0.4219,0.5469,0.1667,0.8333,0.0,0.0,AUX,?,,,,neutron,False,False,False,,
4,38,p0038,0.0625,0.1667,0.6667,0.1667,0.0,0.0,AUX,?,,,,neutron,False,False,False,,
4,39,p0039,-1.3906,1.3906,0.0,1.0,0.0,0.0,AUX,?,,,,proton,False,False,False,,
4,40,p0040,-0.974,0.974,0.0,1.0,0.0,0.0,AUX,?,,,,proton,False,False,False,,
4,41,p0041,-1.3542,1.3542,0.0,1.0,0.0,0.0,AUX,?,,,,electron,False,False,False,,
4,42,p0042,-0.6562,0.6562,0.0,0.8333,0.0,0.0,AUX,?,,,,electron,False,False,False,,
4,43,p0043,0.3021,0.4062,0.8333,0.1667,0.0,0.0,AUX,?,,,,photon,False,False,False,,
4,44,p0044,-0.3125,0.3125,0.0,1.0,0.0,0.0,AUX,?,,,,neutron,False,False,False,,
4,45,p0045,0.2031,0.4323,0.1667,0.6667,0.0,0.0,AUX,?,,,,neutron,False,False,False,,
4,46,p0046,-0.6354,0.8854,0.1667,0.8333,0.0,0.0,AUX,?,,,,neutron,False,False,False,,
4,47,p0047,-2.9479,2.9479,0.0,1.0,0.0,0.0,AUX,?,,,,photon,False,False,False,,
4,48,p0048,-2.5417,2.7083,0.1667,0.8333,0.0,0.0,AUX,?,,,,electron,False,False,False,,
4,49,p0049,-1.8281,1.8281,0.0,1.0,0.0,0.0,AUX,?,,,,photon,False,False,False,,
4,50,p0050,-2.9167,2.9167,0.0,1.0,0.0,0.0,AUX,?,,,,neutron,False,False,False,,
4,51,p0051,-1.2604,1.2604,0.0,0.8333,0.0,0.0,AUX,?,,,,proton,False,False,False,,
4,52,p0052,-0.4635,0.651,0.1667,0.8333,0.0,0.0,AUX,?,,,,neutron,False,False,False,,
4,53,p0053,-3.8542,3.8542,0.0,1.0,2.0,0.3333,AUX,?,,,,photon,False,False,False,,
4,54,p0054,-0.3438,0.4896,0.1667,0.8333,0.0,0.0,AUX,?,,,,electron,False,False,False,,
4,55,p0055,-1.375,1.375,0.0,1.0,0.0,0.0,AUX,?,,,,electron,False,False,False,,
4,56,p0056,-1.1354,1.5938,0.1667,0.8333,0.0,0.0,AUX,?,,,,neutron,False,False,False,,
4,57,p0057,-1.7656,2.1615,0.1667,0.8333,0.0,0.0,AUX,?,,,,neutron,False,False,False,,
4,58,p0058,-1.4115,1.4115,0.0,1.0,0.0,0.0,AUX,?,,,,photon,False,False,False,,
4,59,p0059,-1.8594,1.8594,0.0,1.0,0.0,0.0,AUX,?,,,,photon,False,False,False,,
4,60,p0060,-0.4531,0.4531,0.0,1.0,0.0,0.0,AUX,?,,,,proton,False,False,False,,
4,61,p0061,1.2396,1.2396,1.0,0.0,0.0,0.0,AUX,?,,,,neutron,False,False,False,,
4,62,p0062,-1.349,1.5781,0.1667,0.8333,0.0,0.0,AUX,?,,,,photon,False,False,False,,
4,63,p0063,-1.25,1.4479,0.1667,0.8333,0.0,0.0,AUX,?,,,,photon,False,False,False,,
4,64,p0064,-1.1146,1.1146,0.0,1.0,0.0,0.0,AUX,?,,,,proton,False,False,False,,
4,65,p0065,-0.4479,0.6354,0.1667,0.8333,0.0,0.0,AUX,?,,,,photon,False,False,False,,
4,66,p0066,-0.1979,0.1979,0.0,1.0,0.0,0.0,AUX,?,,,,proton,False,False,False,,
4,67,p0067,-1.3646,1.3646,0.0,1.0,0.0,0.0,AUX,?,,,,photon,False,False,False,,
4,68,p0068,-1.6354,1.8854,0.1667,0.8333,0.0,0.0,AUX,?,,,,neutron,False,False,False,,
4,69,p0069,-1.7396,1.7396,0.0,1.0,0.0,0.0,AUX,?,,,,photon,False,False,False,,
4,70,p0070,-0.7995,0.7995,0.0,1.0,0.0,0.0,AUX,?,,,,proton,False,False,False,,
4,71,p0071,-0.651,0.651,0.0,1.0,0.0,0.0,AUX,?,,,,proton,False,False,False,,
4,72,p0072,-1.875,2.0521,0.1667,0.8333,0.0,0.0,AUX,?,,,,electron,False,False,False,,
4,73,p0073,-0.099,0.099,0.0,0.6667,0.0,0.0,AUX,?,,,,neutron,False,False,False,,
4,74,p0074,-1.6354,1.6354,0.0,1.0,0.0,0.0,AUX,?,,,,proton,False,False,False,,
4,75,p0075,-2.4115,2.4115,0.0,1.0,0.0,0.0,AUX,?,,,,photon,False,False,False,,
4,76,p0076,-2.0677,2.0677,0.0,1.0,0.0,0.0,AUX,?,,,,neutron,False,False,False,,
4,77,p0077,-0.3177,0.401,0.1667,0.8333,0.0,0.0,AUX,?,,,,photon,False,False,False,,
4,78,p0078,-0.2552,0.349,0.1667,0.8333,0.0,0.0,AUX,?,,,,photon,False,False,False,,
4,79,p0079,-1.3906,1.3906,0.0,1.0,0.0,0.0,AUX,?,,,,photon,False,False,False,,
4,80,p0080,-4.2031,4.2031,0.0,1.0,5.0,0.8333,AUX,?,,,,neutron,False,False,False,,
4,81,p0081,-2.9219,3.026,0.1667,0.8333,0.0,0.0,AUX,?,,,,neutron,False,False,False,,
4,82,p0082,-0.9583,1.0625,0.1667,0.8333,0.0,0.0,AUX,?,,,,photon,False,False,False,,
4,83,p0083,-1.8125,1.8125,0.0,1.0,0.0,0.0,AUX,?,,,,neutron,False,False,False,,
4,84,p0084,-0.3021,0.3021,0.0,0.8333,0.0,0.0,AUX,?,,,,electron,False,False,False,,
4,85,p0085,-1.0677,1.0677,0.0,1.0,0.0,0.0,AUX,?,,,,proton,False,False,False,,
4,86,p0086,-1.5729,1.5729,0.0,1.0,0.0,0.0,AUX,?,,,,neutron,False,False,False,,
4,87,p0087,-1.0573,1.1302,0.1667,0.8333,0.0,0.0,AUX,?,,,,neutron,False,False,False,,
4,88,p0088,-0.3542,0.4167,0.1667,0.8333,0.0,0.0,AUX,?,,,,neutron,False,False,False,,
4,89,p0089,-0.5469,0.5469,0.0,1.0,0.0,0.0,AUX,?,,,,proton,False,False,False,,
4,90,p0090,-2.0312,2.5312,0.1667,0.8333,0.0,0.0,AUX,?,,,,neutron,False,False,False,,
4,91,p0091,-0.6458,0.6667,0.1667,0.8333,0.0,0.0,AUX,?,,,,photon,False,False,False,,
4,92,p0092,-0.6406,0.6406,0.0,1.0,0.0,0.0,AUX,?,,,,photon,False,False,False,,
4,93,p0093,-2.9583,2.9583,0.0,1.0,0.0,0.0,AUX,?,,,,neutron,False,False,False,,
4,94,p0094,-2.4531,2.5781,0.1667,0.8333,0.0,0.0,AUX,?,,,,electron,False,False,False,,
4,95,p0095,-1.099,1.2552,0.1667,0.8333,0.0,0.0,AUX,?,,,,neutron,False,False,False,,
4,96,p0096,-1.2448,1.2448,0.0,1.0,0.0,0.0,AUX,?,,,,photon,False,False,False,,
4,97,p0097,-1.638,1.9714,0.1667,0.8333,0.0,0.0,AUX,?,,,,neutron,False,False,False,,
4,98,p0098,-1.6927,1.8802,0.1667,0.8333,0.0,0.0,AUX,?,,,,electron,False,False,False,,
4,99,p0099,-1.5417,1.9167,0.1667,0.8333,0.0,0.0,AUX,?,,,,neutron,False,False,False,,
4,100,p0100,-0.1094,0.1198,0.1667,0.8333,0.0,0.0,AUX,?,,,,proton,False,False,False,,
4,101,p0101,-0.0469,0.224,0.1667,0.8333,0.0,0.0,AUX,?,,,,proton,False,False,False,,
4,102,p0102,-0.8542,0.875,0.1667,0.8333,0.0,0.0,AUX,?,,,,neutron,False,False,False,,
4,103,p0103,-3.5052,3.5052,0.0,1.0,1.0,0.1667,AUX,?,,,,proton,False,False,False,,
4,104,p0104,-0.1198,0.3281,0.1667,0.8333,0.0,0.0,AUX,?,,,,electron,False,False,False,,
4,105,p0105,-0.5677,0.7135,0.1667,0.8333,0.0,0.0,AUX,?,,,,neutron,False,False,False,,
4,106,p0106,-1.8021,1.9271,0.1667,0.8333,0.0,0.0,AUX,?,,,,neutron,False,False,False,,
4,107,p0107,-1.8906,1.8906,0.0,1.0,0.0,0.0,AUX,?,,,,electron,False,False,False,,
4,108,p0108,-3.1094,3.1302,0.1667,0.8333,0.0,0.0,AUX,?,,,,neutron,False,False,False,,
4,109,p0109,-1.875,1.9167,0.1667,0.8333,0.0,0.0,AUX,?,,,,photon,False,False,False,,
4,110,p0110,-2.375,2.375,0.0,1.0,0.0,0.0,AUX,?,,,,neutron,False,False,False,,
4,111,p0111,-0.5729,0.7292,0.1667,0.8333,0.0,0.0,AUX,?,,,,electron,False,False,False,,
4,112,p0112,-0.9062,0.9375,0.1667,0.8333,0.0,0.0,AUX,?,,,,electron,False,False,False,,
4,113,p0113,-0.1146,0.3438,0.1667,0.8333,0.0,0.0,AUX,?,,,,neutron,False,False,False,,
4,114,p0114,-3.8333,3.8333,0.0,1.0,3.0,0.5,AUX,?,,,,neutron,False,False,False,,
4,115,p0115,-1.7396,1.7396,0.0,1.0,0.0,0.0,AUX,?,,,,photon,False,False,False,,
4,116,p0116,-1.0,1.0833,0.1667,0.8333,0.0,0.0,AUX,?,,,,electron,False,False,False,,
4,117,p0117,-0.6901,0.737,0.1667,0.8333,0.0,0.0,AUX,?,,,,electron,False,False,False,,
4,118,p0118,-1.6406,1.6406,0.0,0.8333,0.0,0.0,AUX,?,,,,electron,False,False,False,,
4,119,p0119,0.8021,0.9896,0.8333,0.1667,0.0,0.0,AUX,?,,,,neutron,False,False,False,,
4,120,p0120,0.5312,0.5312,1.0,0.0,0.0,0.0,AUX,?,,,,neutron,False,False,False,,
4,121,p0121,-0.5417,0.6042,0.1667,0.8333,0.0,0.0,AUX,?,,,,neutron,False,False,False,,
4,122,p0122,-2.1771,2.2604,0.1667,0.8333,0.0,0.0,AUX,?,,,,photon,False,False,False,,
4,123,p0123,-2.0469,2.0469,0.0,1.0,0.0,0.0,AUX,?,,,,photon,False,False,False,,
4,124,p0124,0.3646,0.3646,1.0,0.0,0.0,0.0,AUX,?,,,,neutron,False,False,False,,
4,125,p0125,-1.4375,1.4375,0.0,1.0,0.0,0.0,AUX,?,,,,neutron,False,False,False,,
4,126,p0126,-0.9427,1.0573,0.1667,0.8333,0.0,0.0,AUX,?,,,,electron,False,False,False,,
4,127,p0127,-2.0312,2.0312,0.0,1.0,0.0,0.0,AUX,?,,,,photon,False,False,False,,
4,128,p0128,-0.026,0.1094,0.5,0.3333,0.0,0.0,AUX,?,,,,photon,False,False,False,,
4,129,p0129,-1.1615,1.1615,0.0,1.0,0.0,0.0,AUX,?,,,,electron,False,False,False,,
4,130,p0130,-2.0104,2.0312,0.1667,0.8333,0.0,0.0,AUX,?,,,,photon,False,False,False,,
4,131,p0131,-0.4792,0.5417,0.1667,0.8333,0.0,0.0,AUX,?,,,,neutron,False,False,False,,
4,132,p0132,-2.1458,2.375,0.1667,0.8333,0.0,0.0,AUX,?,,,,photon,False,False,False,,
4,133,p0133,-1.849,1.849,0.0,1.0,0.0,0.0,AUX,?,,,,neutron,False,False,False,,
4,134,p0134,-2.9531,3.0365,0.1667,0.8333,0.0,0.0,AUX,?,,,,neutron,False,False,False,,
4,135,p0135,-0.9167,0.9167,0.0,1.0,0.0,0.0,AUX,?,,,,proton,False,False,False,,
4,136,p0136,0.2604,0.3021,0.8333,0.1667,0.0,0.0,AUX,?,,,,neutron,False,False,False,,
4,137,p0137,-0.6615,0.6615,0.0,1.0,0.0,0.0,AUX,?,,,,proton,False,False,False,,
4,138,p0138,-4.7604,4.7604,0.0,1.0,6.0,1.0,AUX,?,,,,neutron,False,False,False,,
4,139,p0139,-1.2083,1.2083,0.0,1.0,0.0,0.0,AUX,?,,,,electron,False,False,False,,
4,140,p0140,-1.0417,1.0417,0.0,0.8333,0.0,0.0,AUX,?,,,,electron,False,False,False,,
4,141,p0141,-0.8385,0.8385,0.0,1.0,0.0,0.0,AUX,?,,,,electron,False,False,False,,
4,142,p0142,0.0938,0.125,0.8333,0.1667,0.0,0.0,AUX,?,,,,neutron,False,False,False,,
4,143,p0143,-0.6042,0.6042,0.0,0.8333,0.0,0.0,AUX,?,,,,electron,False,False,False,,
4,144,p0144,-1.3333,1.3646,0.1667,0.8333,0.0,0.0,AUX,?,,,,proton,False,False,False,,
4,145,p0145,-2.2656,2.2656,0.0,1.0,0.0,0.0,AUX,?,,,,photon,False,False,False,,
4,146,p0146,-0.9323,1.0833,0.1667,0.8333,0.0,0.0,AUX,?,,,,neutron,False,False,False,,
4,147,p0147,-1.5156,1.5156,0.0,1.0,0.0,0.0,AUX,?,,,,photon,False,False,False,,
4,148,p0148,-5.0729,5.0938,0.1667,0.8333,5.0,0.8333,AUX,?,,,,photon,False,False,False,,
4,149,p0149,-1.1042,1.375,0.1667,0.8333,0.0,0.0,AUX,?,,,,electron,False,False,False,,
4,150,p0150,-0.8229,0.9896,0.1667,0.8333,0.0,0.0,AUX,?,,,,proton,False,False,False,,
4,151,p0151,-0.5052,1.1094,0.1667,0.8333,0.0,0.0,AUX,?,,,,photon,False,False,False,,
4,152,p0152,-0.5573,0.5573,0.0,1.0,0.0,0.0,AUX,?,,,,proton,False,False,False,,
4,153,p0153,-1.4688,1.4688,0.0,1.0,0.0,0.0,AUX,?,,,,neutron,False,False,False,,
4,154,p0154,-0.3854,0.4479,0.1667,0.8333,0.0,0.0,AUX,?,,,,neutron,False,False,False,,
4,155,p0155,-0.2396,0.5104,0.1667,0.8333,0.0,0.0,AUX,?,,,,neutron,False,False,False,,
4,156,p0156,0.0417,0.2083,0.1667,0.8333,0.0,0.0,AUX,?,,,,neutron,False,False,False,,
4,157,p0157,-0.75,0.8125,0.1667,0.8333,0.0,0.0,AUX,?,,,,neutron,False,False,False,,
4,158,p0158,-0.5312,0.5521,0.1667,0.8333,0.0,0.0,AUX,?,,,,neutron,False,False,False,,
4,159,p0159,-1.5208,1.625,0.1667,0.8333,0.0,0.0,AUX,?,,,,photon,False,False,False,,
4,160,p0160,-1.4479,1.6042,0.1667,0.8333,0.0,0.0,AUX,?,,,,electron,False,False,False,,
4,161,p0161,-0.4479,0.5104,0.1667,0.8333,0.0,0.0,AUX,?,,,,photon,False,False,False,,
4,162,p0162,-0.8906,0.9844,0.1667,0.8333,0.0,0.0,AUX,?,,,,photon,False,False,False,,
4,163,p0163,-1.3021,1.3021,0.0,1.0,0.0,0.0,AUX,?,,,,photon,False,False,False,,
4,164,p0164,-0.4531,0.4531,0.0,1.0,0.0,0.0,AUX,?,,,,neutron,False,False,False,,
4,165,p0165,-0.6615,0.8177,0.1667,0.8333,0.0,0.0,AUX,?,,,,photon,False,False,False,,
4,166,p0166,-1.3958,1.5417,0.1667,0.8333,0.0,0.0,AUX,?,,,,neutron,False,False,False,,
4,167,p0167,-2.25,2.5104,0.1667,0.8333,0.0,0.0,AUX,?,,,,photon,False,False,False,,
4,168,p0168,-0.8646,0.8646,0.0,1.0,0.0,0.0,AUX,?,,,,proton,False,False,False,,
4,169,p0169,-0.276,0.3802,0.1667,0.8333,0.0,0.0,AUX,?,,,,electron,False,False,False,,
4,170,p0170,-0.2188,0.7188,0.1667,0.8333,0.0,0.0,AUX,?,,,,neutron,False,False,False,,
4,171,p0171,-0.1875,0.1979,0.1667,0.8333,0.0,0.0,AUX,?,,,,proton,False,False,False,,
4,172,p0172,0.4688,0.4688,1.0,0.0,0.0,0.0,AUX,?,,,,neutron,False,False,False,,
4,173,p0173,-1.3646,1.5208,0.1667,0.8333,0.0,0.0,AUX,?,,,,photon,False,False,False,,
4,174,p0174,-0.5208,0.625,0.1667,0.8333,0.0,0.0,AUX,?,,,,neutron,False,False,False,,
4,175,p0175,-1.4427,1.7552,0.1667,0.8333,0.0,0.0,AUX,?,,,,neutron,False,False,False,,
4,176,p0176,-0.3333,0.3333,0.0,1.0,0.0,0.0,AUX,?,,,,photon,False,False,False,,
4,177,p0177,-0.5521,0.7396,0.1667,0.8333,0.0,0.0,AUX,?,,,,photon,False,False,False,,
4,178,p0178,-0.8646,1.0417,0.1667,0.8333,0.0,0.0,AUX,?,,,,neutron,False,False,False,,
4,179,p0179,-0.8646,0.8646,0.0,1.0,0.0,0.0,AUX,?,,,,photon,False,False,False,,
4,180,p0180,-1.3333,1.3333,0.0,1.0,0.0,0.0,AUX,?,,,,photon,False,False,False,,
4,181,p0181,-0.2604,0.4688,0.1667,0.8333,0.0,0.0,AUX,?,,,,electron,False,False,False,,
4,182,p0182,-1.125,1.2083,0.1667,0.8333,0.0,0.0,AUX,?,,,,neutron,False,False,False,,
4,183,p0183,0.6042,0.6875,0.8333,0.1667,0.0,0.0,AUX,?,,,,proton,False,False,False,,
4,184,p0184,-1.5938,1.5938,0.0,1.0,0.0,0.0,AUX,?,,,,neutron,False,False,False,,
4,185,p0185,-1.125,1.25,0.1667,0.8333,0.0,0.0,AUX,?,,,,electron,False,False,False,,
4,186,p0186,-2.0729,2.0729,0.0,1.0,0.0,0.0,AUX,?,,,,photon,False,False,False,,
4,187,p0187,-2.4844,2.4844,0.0,1.0,0.0,0.0,AUX,?,,,,neutron,False,False,False,,
4,188,p0188,-0.8854,1.1771,0.1667,0.8333,0.0,0.0,AUX,?,,,,photon,False,False,False,,
4,189,p0189,-1.1198,1.1719,0.1667,0.8333,0.0,0.0,AUX,?,,,,photon,False,False,False,,
4,190,p0190,-0.3906,0.7656,0.1667,0.8333,0.0,0.0,AUX,?,,,,neutron,False,False,False,,
4,191,p0191,-2.3333,2.3333,0.0,1.0,0.0,0.0,AUX,?,,,,photon,False,False,False,,
4,192,p0192,-1.3854,1.3854,0.0,1.0,0.0,0.0,AUX,?,,,,proton,False,False,False,,
4,193,p0193,-1.2344,1.2344,0.0,1.0,0.0,0.0,AUX,?,,,,photon,False,False,False,,
4,194,p0194,-0.9896,0.9896,0.0,1.0,0.0,0.0,AUX,?,,,,proton,False,False,False,,
4,195,p0195,-1.3385,1.3385,0.0,1.0,0.0,0.0,AUX,?,,,,photon,False,False,False,,
4,196,p0196,-3.0052,3.0052,0.0,1.0,0.0,0.0,AUX,?,,,,neutron,False,False,False,,
4,197,p0197,-1.5677,1.5677,0.0,1.0,0.0,0.0,AUX,?,,,,neutron,False,False,False,,
4,198,p0198,-0.026,0.2448,0.1667,0.8333,0.0,0.0,AUX,?,,,,photon,False,False,False,,
4,199,p0199,0.2604,0.2604,1.0,0.0,0.0,0.0,AUX,?,,,,electron,False,False,False,,
4,200,p0200,0.0521,0.0729,0.8333,0.1667,0.0,0.0,AUX,?,,,,proton,False,False,False,,
4,201,p0201,-1.1354,1.1354,0.0,1.0,0.0,0.0,AUX,?,,,,photon,False,False,False,,
4,202,p0202,-1.599,1.599,0.0,1.0,0.0,0.0,AUX,?,,,,neutron,False,False,False,,
4,203,p0203,-1.5885,1.5885,0.0,1.0,0.0,0.0,AUX,?,,,,electron,False,False,False,,
4,204,p0204,-0.4688,0.5938,0.1667,0.8333,0.0,0.0,AUX,?,,,,proton,False,False,False,,
4,205,p0205,0.3646,0.5833,0.8333,0.1667,0.0,0.0,AUX,?,,,,proton,False,False,False,,
4,206,p0206,-1.8958,1.8958,0.0,1.0,0.0,0.0,AUX,?,,,,proton,False,False,False,,
4,207,p0207,-1.8646,1.8646,0.0,1.0,0.0,0.0,AUX,?,,,,neutron,False,False,False,,
4,208,p0208,-1.2344,1.2344,0.0,1.0,0.0,0.0,AUX,?,,,,photon,False,False,False,,
4,209,p0209,0.0469,0.2344,0.3333,0.6667,0.0,0.0,AUX,?,,,,neutron,False,False,False,,
4,210,p0210,-0.526,0.599,0.1667,0.8333,0.0,0.0,AUX,?,,,,neutron,False,False,False,,
4,211,p0211,0.151,0.151,0.8333,0.0,0.0,0.0,AUX,?,,,,proton,False,False,False,,
4,212,p0212,-2.151,2.151,0.0,1.0,0.0,0.0,AUX,?,,,,photon,False,False,False,,
4,213,p0213,-2.4323,2.4323,0.0,1.0,0.0,0.0,AUX,?,,,,photon,False,False,False,,
4,214,p0214,-1.1458,1.1667,0.1667,0.8333,0.0,0.0,AUX,?,,,,electron,False,False,False,,
4,215,p0215,-0.3698,0.3698,0.0,1.0,0.0,0.0,AUX,?,,,,proton,False,False,False,,
4,216,p0216,-1.9349,1.9349,0.0,1.0,0.0,0.0,AUX,?,,,,neutron,False,False,False,,
4,217,p0217,-0.25,0.25,0.0,0.8333,0.0,0.0,AUX,?,,,,neutron,False,False,False,,
4,218,p0218,-2.1354,2.1875,0.1667,0.8333,0.0,0.0,AUX,?,,,,electron,False,False,False,,
4,219,p0219,0.3333,0.375,0.8333,0.1667,0.0,0.0,AUX,?,,,,electron,False,False,False,,
4,220,p0220,-0.3229,0.3229,0.0,0.8333,0.0,0.0,AUX,?,,,,neutron,False,False,False,,
4,221,p0221,-2.2448,2.2448,0.0,1.0,0.0,0.0,AUX,?,,,,photon,False,False,False,,
4,222,p0222,-0.5365,0.5365,0.0,1.0,0.0,0.0,AUX,?,,,,photon,False,False,False,,
4,223,p0223,-2.7031,2.7031,0.0,1.0,0.0,0.0,AUX,?,,,,photon,False,False,False,,
4,224,p0224,-0.8333,0.875,0.1667,0.8333,0.0,0.0,AUX,?,,,,electron,False,False,False,,
4,225,p0225,-1.5052,1.6094,0.1667,0.8333,0.0,0.0,AUX,?,,,,photon,False,False,False,,
4,226,p0226,-0.9688,1.2708,0.1667,0.8333,0.0,0.0,AUX,?,,,,photon,False,False,False,,
4,227,p0227,-0.2292,0.2292,0.0,1.0,0.0,0.0,AUX,?,,,,photon,False,False,False,,
4,228,p0228,-3.4479,3.4479,0.0,1.0,0.0,0.0,AUX,?,,,,photon,False,False,False,,
4,229,p0229,-0.9167,0.9167,0.0,1.0,0.0,0.0,AUX,?,,,,proton,False,False,False,,
4,230,p0230,-2.0729,2.0729,0.0,1.0,0.0,0.0,AUX,?,,,,neutron,False,False,False,,
4,231,p0231,-1.5573,1.5573,0.0,1.0,0.0,0.0,AUX,?,,,,photon,False,False,False,,
4,232,p0232,-0.7812,0.7812,0.0,1.0,0.0,0.0,AUX,?,,,,proton,False,False,False,,
4,233,p0233,-1.2604,1.2604,0.0,1.0,0.0,0.0,AUX,?,,,,photon,False,False,False,,
4,234,p0234,-1.6667,1.6667,0.0,1.0,0.0,0.0,AUX,?,,,,photon,False,False,False,,
4,235,p0235,-0.9427,1.0677,0.1667,0.8333,0.0,0.0,AUX,?,,,,photon,False,False,False,,
4,236,p0236,-0.2812,0.2812,0.0,1.0,0.0,0.0,AUX,?,,,,electron,False,False,False,,
4,237,p0237,-0.849,0.849,0.0,1.0,0.0,0.0,AUX,?,,,,proton,False,False,False,,
4,238,p0238,-0.2812,0.2812,0.0,1.0,0.0,0.0,AUX,?,,,,proton,False,False,False,,
4,239,p0239,-2.0052,2.3385,0.1667,0.8333,0.0,0.0,AUX,?,,,,neutron,False,False,False,,
4,240,p0240,-0.5052,0.6094,0.1667,0.8333,0.0,0.0,AUX,?,,,,photon,False,False,False,,
4,241,p0241,-0.6458,0.6458,0.0,1.0,0.0,0.0,AUX,?,,,,proton,False,False,False,,
4,242,p0242,-0.625,1.0521,0.1667,0.8333,0.0,0.0,AUX,?,,,,photon,False,False,False,,
4,243,p0243,0.0625,0.6562,0.1667,0.8333,1.0,0.1667,AUX,?,,,,neutron,False,False,False,,
4,244,p0244,-0.5885,0.5885,0.0,1.0,0.0,0.0,AUX,?,,,,proton,False,False,False,,
4,245,p0245,-0.8958,0.9896,0.1667,0.8333,0.0,0.0,AUX,?,,,,photon,False,False,False,,
4,246,p0246,-0.3906,0.651,0.1667,0.8333,0.0,0.0,AUX,?,,,,neutron,False,False,False,,
4,247,p0247,-4.4896,4.4896,0.0,1.0,5.0,0.8333,AUX,?,,,,photon,False,False,False,,
4,248,p0248,-1.0833,1.1562,0.1667,0.8333,0.0,0.0,AUX,?,,,,photon,False,False,False,,
4,249,p0249,-2.0573,2.1615,0.1667,0.8333,0.0,0.0,AUX,?,,,,photon,False,False,False,,
4,250,p0250,-1.5104,1.7188,0.1667,0.8333,0.0,0.0,AUX,?,,,,photon,False,False,False,,
4,251,p0251,-0.7812,0.7812,0.0,1.0,0.0,0.0,AUX,?,,,,photon,False,False,False,,
4,252,p0252,-2.5312,2.5312,0.0,1.0,0.0,0.0,AUX,?,,,,neutron,False,False,False,,
4,253,p0253,-1.4635,1.4635,0.0,1.0,0.0,0.0,AUX,?,,,,photon,False,False,False,,
4,254,p0254,-1.0833,1.5,0.1667,0.8333,0.0,0.0,AUX,?,,,,neutron,False,False,False,,
4,255,p0255,-0.8958,0.9896,0.1667,0.8333,0.0,0.0,AUX,?,,,,photon,False,False,False,,
4,256,p0256,-1.0156,1.0156,0.0,0.8333,0.0,0.0,AUX,?,,,,photon,False,False,False,,
4,257,p0257,-1.0677,1.0677,0.0,1.0,0.0,0.0,AUX,?,,,,proton,False,False,False,,
4,258,p0258,-0.3333,0.4583,0.1667,0.8333,0.0,0.0,AUX,?,,,,neutron,False,False,False,,
4,259,p0259,-0.75,0.8125,0.1667,0.8333,0.0,0.0,AUX,?,,,,electron,False,False,False,,
4,260,p0260,-2.1901,2.1901,0.0,1.0,0.0,0.0,AUX,?,,,,electron,False,False,False,,
4,261,p0261,-3.1198,3.1198,0.0,1.0,0.0,0.0,AUX,?,,,,photon,False,False,False,,
4,262,p0262,0.4896,0.4896,1.0,0.0,0.0,0.0,AUX,?,,,,neutron,False,False,False,,
4,263,p0263,-0.5781,0.5781,0.0,1.0,0.0,0.0,AUX,?,,,,electron,False,False,False,,
4,264,p0264,-3.599,3.599,0.0,1.0,0.0,0.0,AUX,?,,,,photon,False,False,False,,
4,265,p0265,-0.4271,0.4479,0.1667,0.8333,0.0,0.0,AUX,?,,,,proton,False,False,False,,
4,266,p0266,-0.7188,0.7188,0.0,1.0,0.0,0.0,AUX,?,,,,electron,False,False,False,,
4,267,p0267,-0.9375,0.9792,0.1667,0.8333,0.0,0.0,AUX,?,,,,proton,False,False,False,,
4,268,p0268,-0.8854,0.8854,0.0,1.0,0.0,0.0,AUX,?,,,,proton,False,False,False,,
4,269,p0269,-0.5625,0.5625,0.0,1.0,0.0,0.0,AUX,?,,,,photon,False,False,False,,
4,270,p0270,-2.151,2.151,0.0,1.0,0.0,0.0,AUX,?,,,,neutron,False,False,False,,
4,271,p0271,-1.7552,1.7552,0.0,1.0,0.0,0.0,AUX,?,,,,electron,False,False,False,,
4,272,p0272,-0.0469,0.2969,0.1667,0.8333,0.0,0.0,AUX,?,,,,neutron,False,False,False,,
4,273,p0273,-2.3438,2.3438,0.0,1.0,0.0,0.0,AUX,?,,,,neutron,False,False,False,,
4,274,p0274,-1.2656,1.2656,0.0,1.0,0.0,0.0,AUX,?,,,,electron,False,False,False,,
4,275,p0275,-0.4948,0.724,0.1667,0.8333,0.0,0.0,AUX,?,,,,neutron,False,False,False,,
4,276,p0276,-1.7865,1.7865,0.0,1.0,0.0,0.0,AUX,?,,,,proton,False,False,False,,
4,277,p0277,-0.2708,0.2708,0.0,0.8333,0.0,0.0,AUX,?,,,,neutron,False,False,False,,
4,278,p0278,-0.6927,0.849,0.1667,0.8333,0.0,0.0,AUX,?,,,,photon,False,False,False,,
4,279,p0279,-0.7083,0.7083,0.0,0.8333,0.0,0.0,AUX,?,,,,photon,False,False,False,,
4,280,p0280,-2.9896,2.9896,0.0,1.0,0.0,0.0,AUX,?,,,,photon,False,False,False,,
4,281,p0281,-0.3359,0.3359,0.0,1.0,0.0,0.0,AUX,?,,,,proton,False,False,False,,
4,282,p0282,-0.4896,0.5729,0.1667,0.8333,0.0,0.0,AUX,?,,,,electron,False,False,False,,
4,283,p0283,-0.4948,0.651,0.1667,0.8333,0.0,0.0,AUX,?,,,,neutron,False,False,False,,
4,284,p0284,-1.5156,1.5156,0.0,1.0,0.0,0.0,AUX,?,,,,proton,False,False,False,,
4,285,p0285,0.6979,0.7396,0.8333,0.1667,0.0,0.0,AUX,?,,,,neutron,False,False,False,,
4,286,p0286,-1.2396,1.6771,0.1667,0.8333,0.0,0.0,AUX,?,,,,photon,False,False,False,,
4,287,p0287,-2.5,2.5,0.0,1.0,0.0,0.0,AUX,?,,,,electron,False,False,False,,
4,288,p0288,-2.2812,2.2812,0.0,1.0,0.0,0.0,AUX,?,,,,photon,False,False,False,,
4,289,p0289,-1.5469,1.5469,0.0,1.0,0.0,0.0,AUX,?,,,,proton,False,False,False,,
4,290,p0290,-1.5833,1.5833,0.0,1.0,0.0,0.0,AUX,?,,,,neutron,False,False,False,,
4,291,p0291,-0.3438,0.6979,0.1667,0.8333,0.0,0.0,AUX,?,,,,photon,False,False,False,,
4,292,p0292,-2.724,2.724,0.0,1.0,0.0,0.0,AUX,?,,,,photon,False,False,False,,
4,293,p0293,-0.4844,0.8177,0.1667,0.8333,0.0,0.0,AUX,?,,,,photon,False,False,False,,
4,294,p0294,-0.7604,0.7604,0.0,0.8333,0.0,0.0,AUX,?,,,,photon,False,False,False,,
4,295,p0295,-2.3802,2.3802,0.0,1.0,0.0,0.0,AUX,?,,,,photon,False,False,False,,
4,296,p0296,-3.1615,3.1615,0.0,1.0,0.0,0.0,AUX,?,,,,electron,False,False,False,,
4,297,p0297,-1.5052,1.5156,0.1667,0.8333,0.0,0.0,AUX,?,,,,electron,False,False,False,,
4,298,p0298,-1.7604,1.7604,0.0,1.0,0.0,0.0,AUX,?,,,,neutron,False,False,False,,
4,299,p0299,0.4792,0.4792,1.0,0.0,0.0,0.0,AUX,?,,,,proton,False,False,False,,
4,300,p0300,-1.7969,2.2135,0.1667,0.8333,0.0,0.0,AUX,?,,,,neutron,False,False,False,,
4,301,p0301,-4.8646,4.8646,0.0,1.0,6.0,1.0,AUX,?,,,,neutron,False,False,False,,
4,302,p0302,-1.2083,1.3125,0.1667,0.8333,0.0,0.0,AUX,?,,,,neutron,False,False,False,,
4,303,p0303,-1.6302,1.6406,0.1667,0.8333,0.0,0.0,AUX,?,,,,neutron,False,False,False,,
4,304,p0304,-0.9844,0.9948,0.1667,0.8333,0.0,0.0,AUX,?,,,,electron,False,False,False,,
4,305,p0305,-4.2917,4.4062,0.1667,0.8333,5.0,0.8333,AUX,?,,,,photon,False,False,False,,
4,306,p0306,-2.3021,2.3229,0.1667,0.8333,0.0,0.0,AUX,?,,,,photon,False,False,False,,
4,307,p0307,-0.349,0.4323,0.1667,0.8333,0.0,0.0,AUX,?,,,,photon,False,False,False,,
4,308,p0308,-0.2292,0.3125,0.1667,0.8333,0.0,0.0,AUX,?,,,,electron,False,False,False,,
4,309,p0309,-1.5312,1.5312,0.0,1.0,0.0,0.0,AUX,?,,,,electron,False,False,False,,
4,310,p0310,-0.4635,0.724,0.1667,0.8333,0.0,0.0,AUX,?,,,,electron,False,False,False,,
4,311,p0311,-1.1615,1.1615,0.0,1.0,0.0,0.0,AUX,?,,,,electron,False,False,False,,
4,312,p0312,-0.7135,1.776,0.1667,0.8333,1.0,0.1667,AUX,?,,,,neutron,False,False,False,,
4,313,p0313,-1.4271,1.6146,0.1667,0.8333,0.0,0.0,AUX,?,,,,neutron,False,False,False,,
4,314,p0314,-2.0312,2.1562,0.1667,0.8333,0.0,0.0,AUX,?,,,,electron,False,False,False,,
4,315,p0315,-1.2083,1.2083,0.0,1.0,0.0,0.0,AUX,?,,,,photon,False,False,False,,
4,316,p0316,-1.375,1.9167,0.1667,0.8333,0.0,0.0,AUX,?,,,,photon,False,False,False,,
4,317,p0317,-1.4062,1.4062,0.0,1.0,0.0,0.0,AUX,?,,,,neutron,False,False,False,,
4,318,p0318,-2.0312,2.0312,0.0,1.0,0.0,0.0,AUX,?,,,,photon,False,False,False,,
4,319,p0319,-0.9271,0.9688,0.1667,0.8333,0.0,0.0,AUX,?,,,,neutron,False,False,False,,
4,320,p0320,-3.2448,3.2448,0.0,1.0,1.0,0.1667,AUX,?,,,,photon,False,False,False,,
4,321,p0321,-0.4323,0.4323,0.0,1.0,0.0,0.0,AUX,?,,,,proton,False,False,False,,
4,322,p0322,-1.6302,1.849,0.1667,0.8333,0.0,0.0,AUX,?,,,,neutron,False,False,False,,
4,323,p0323,-1.1406,1.1406,0.0,1.0,0.0,0.0,AUX,?,,,,photon,False,False,False,,
4,324,p0324,-0.2083,0.4583,0.1667,0.8333,0.0,0.0,AUX,?,,,,proton,False,False,False,,
4,325,p0325,-4.8281,4.8281,0.0,1.0,6.0,1.0,AUX,?,,,,photon,False,False,False,,
4,326,p0326,-0.6615,0.8906,0.1667,0.8333,0.0,0.0,AUX,?,,,,photon,False,False,False,,
4,327,p0327,-2.1042,2.1042,0.0,1.0,0.0,0.0,AUX,?,,,,electron,False,False,False,,
4,328,p0328,-1.2969,1.375,0.1667,0.8333,0.0,0.0,AUX,?,,,,neutron,False,False,False,,
4,329,p0329,-2.5469,2.5469,0.0,1.0,0.0,0.0,AUX,?,,,,photon,False,False,False,,
4,330,p0330,-0.6146,0.6146,0.0,1.0,0.0,0.0,AUX,?,,,,neutron,False,False,False,,
4,331,p0331,0.0104,0.3854,0.1667,0.8333,0.0,0.0,AUX,?,,,,neutron,False,False,False,,
4,332,p0332,-1.1198,1.1198,0.0,1.0,0.0,0.0,AUX,?,,,,photon,False,False,False,,
4,333,p0333,-0.9688,1.0521,0.1667,0.8333,0.0,0.0,AUX,?,,,,photon,False,False,False,,
4,334,p0334,-1.5729,1.5729,0.0,1.0,0.0,0.0,AUX,?,,,,neutron,False,False,False,,
4,335,p0335,0.099,0.3073,0.8333,0.1667,0.0,0.0,AUX,?,,,,proton,False,False,False,,
4,336,p0336,-0.4479,0.4479,0.0,1.0,0.0,0.0,AUX,?,,,,electron,False,False,False,,
4,337,p0337,-0.5312,0.5312,0.0,1.0,0.0,0.0,AUX,?,,,,proton,False,False,False,,
4,338,p0338,-0.5885,0.599,0.1667,0.8333,0.0,0.0,AUX,?,,,,neutron,False,False,False,,
4,339,p0339,-3.0469,3.0469,0.0,1.0,0.0,0.0,AUX,?,,,,neutron,False,False,False,,
4,340,p0340,-2.4531,2.4531,0.0,0.8333,0.0,0.0,AUX,?,,,,photon,False,False,False,,
4,341,p0341,-0.8542,0.8542,0.0,1.0,0.0,0.0,AUX,?,,,,proton,False,False,False,,
4,342,p0342,-0.3802,0.4635,0.1667,0.8333,0.0,0.0,AUX,?,,,,electron,False,False,False,,
4,343,p0343,-2.224,2.224,0.0,1.0,0.0,0.0,AUX,?,,,,neutron,False,False,False,,
4,344,p0344,-0.6458,0.6458,0.0,1.0,0.0,0.0,AUX,?,,,,photon,False,False,False,,
4,345,p0345,-1.7552,2.0885,0.1667,0.8333,0.0,0.0,AUX,?,,,,neutron,False,False,False,,
4,346,p0346,-3.401,3.401,0.0,1.0,0.0,0.0,AUX,?,,,,photon,False,False,False,,
4,347,p0347,-0.2135,0.224,0.1667,0.8333,0.0,0.0,AUX,?,,,,proton,False,False,False,,
4,348,p0348,-2.0677,2.0677,0.0,1.0,0.0,0.0,AUX,?,,,,photon,False,False,False,,
4,349,p0349,-2.1667,2.1667,0.0,1.0,0.0,0.0,AUX,?,,,,neutron,False,False,False,,
4,350,p0350,-1.9062,1.9271,0.1667,0.8333,0.0,0.0,AUX,?,,,,photon,False,False,False,,
4,351,p0351,-1.099,1.1615,0.1667,0.8333,0.0,0.0,AUX,?,,,,photon,False,False,False,,
4,352,p0352,-0.5312,0.5312,0.0,1.0,0.0,0.0,AUX,?,,,,neutron,False,False,False,,
4,353,p0353,-1.7865,1.7865,0.0,1.0,0.0,0.0,AUX,?,,,,proton,False,False,False,,
4,354,p0354,-0.1562,0.1562,0.0,1.0,0.0,0.0,AUX,?,,,,photon,False,False,False,,
4,355,p0355,-1.8021,1.8021,0.0,1.0,0.0,0.0,AUX,?,,,,photon,False,False,False,,
4,356,p0356,-1.6406,1.6406,0.0,1.0,0.0,0.0,AUX,?,,,,electron,False,False,False,,
4,357,p0357,-1.0547,1.0547,0.0,1.0,0.0,0.0,AUX,?,,,,photon,False,False,False,,
4,358,p0358,-2.1823,2.1823,0.0,1.0,0.0,0.0,AUX,?,,,,photon,False,False,False,,
4,359,p0359,0.9219,0.974,0.8333,0.1667,0.0,0.0,AUX,?,,,,proton,False,False,False,,
4,360,p0360,-0.9167,0.9167,0.0,0.8333,0.0,0.0,AUX,?,,,,photon,False,False,False,,
4,361,p0361,-0.6458,0.6458,0.0,1.0,0.0,0.0,AUX,?,,,,proton,False,False,False,,
4,362,p0362,-0.8021,0.8646,0.1667,0.8333,0.0,0.0,AUX,?,,,,neutron,False,False,False,,
4,363,p0363,-0.75,0.9583,0.1667,0.8333,0.0,0.0,AUX,?,,,,neutron,False,False,False,,
4,364,p0364,-1.224,1.224,0.0,1.0,0.0,0.0,AUX,?,,,,proton,False,False,False,,
4,365,p0365,-0.9635,1.0052,0.1667,0.8333,0.0,0.0,AUX,?,,,,neutron,False,False,False,,
4,366,p0366,-1.2812,1.3854,0.1667,0.8333,0.0,0.0,AUX,?,,,,photon,False,False,False,,
4,367,p0367,-3.0469,3.0469,0.0,1.0,0.0,0.0,AUX,?,,,,neutron,False,False,False,,
4,368,p0368,0.0938,0.4688,0.8333,0.1667,0.0,0.0,AUX,?,,,,photon,False,False,False,,
4,369,p0369,-1.2917,1.2917,0.0,1.0,0.0,0.0,AUX,?,,,,photon,False,False,False,,
4,370,p0370,-0.8698,1.2969,0.1667,0.8333,0.0,0.0,AUX,?,,,,electron,False,False,False,,
4,371,p0371,-1.375,1.375,0.0,1.0,0.0,0.0,AUX,?,,,,photon,False,False,False,,
4,372,p0372,-0.7083,0.7188,0.1667,0.8333,0.0,0.0,AUX,?,,,,photon,False,False,False,,
4,373,p0373,-0.5,0.5,0.0,1.0,0.0,0.0,AUX,?,,,,proton,False,False,False,,
4,374,p0374,-0.1719,0.1823,0.1667,0.8333,0.0,0.0,AUX,?,,,,proton,False,False,False,,
4,375,p0375,-0.9583,0.9583,0.0,1.0,0.0,0.0,AUX,?,,,,photon,False,False,False,,
4,376,p0376,-0.5625,0.5625,0.0,1.0,0.0,0.0,AUX,?,,,,electron,False,False,False,,
4,377,p0377,-0.5938,0.875,0.1667,0.8333,0.0,0.0,AUX,?,,,,electron,False,False,False,,
4,378,p0378,-1.901,1.901,0.0,1.0,0.0,0.0,AUX,?,,,,photon,False,False,False,,
4,379,p0379,0.0365,0.4115,0.8333,0.1667,0.0,0.0,AUX,?,,,,proton,False,False,False,,
4,380,p0380,-2.5417,2.5417,0.0,1.0,0.0,0.0,AUX,?,,,,photon,False,False,False,,
4,381,p0381,-1.6094,1.6094,0.0,1.0,0.0,0.0,AUX,?,,,,neutron,False,False,False,,
4,382,p0382,-1.1094,1.1094,0.0,1.0,0.0,0.0,AUX,?,,,,photon,False,False,False,,
4,383,p0383,-0.7135,0.9427,0.1667,0.8333,0.0,0.0,AUX,?,,,,photon,False,False,False,,
4,384,p0384,-0.7604,0.7604,0.0,1.0,0.0,0.0,AUX,?,,,,proton,False,False,False,,
4,385,p0385,-1.7865,1.7865,0.0,1.0,0.0,0.0,AUX,?,,,,neutron,False,False,False,,
4,386,p0386,-0.9479,0.9688,0.1667,0.8333,0.0,0.0,AUX,?,,,,electron,False,False,False,,
4,387,p0387,-0.4167,0.4583,0.1667,0.8333,0.0,0.0,AUX,?,,,,neutron,False,False,False,,
4,388,p0388,-1.6562,1.6562,0.0,1.0,0.0,0.0,AUX,?,,,,electron,False,False,False,,
4,389,p0389,-0.5,0.5,0.0,1.0,0.0,0.0,AUX,?,,,,neutron,False,False,False,,
4,390,p0390,-2.2188,2.2812,0.1667,0.8333,0.0,0.0,AUX,?,,,,neutron,False,False,False,,
4,391,p0391,-2.6354,2.6354,0.0,1.0,0.0,0.0,AUX,?,,,,photon,False,False,False,,
4,392,p0392,-0.9271,1.1146,0.1667,0.8333,0.0,0.0,AUX,?,,,,electron,False,False,False,,
4,393,p0393,-0.5,0.5417,0.1667,0.8333,0.0,0.0,AUX,?,,,,proton,False,False,False,,
4,394,p0394,-1.1719,1.1719,0.0,1.0,0.0,0.0,AUX,?,,,,photon,False,False,False,,
4,395,p0395,-2.4896,2.4896,0.0,1.0,0.0,0.0,AUX,?,,,,neutron,False,False,False,,
4,396,p0396,-1.2188,1.2812,0.1667,0.8333,0.0,0.0,AUX,?,,,,neutron,False,False,False,,
4,397,p0397,-1.1875,1.2188,0.1667,0.8333,0.0,0.0,AUX,?,,,,electron,False,False,False,,
4,398,p0398,-1.4062,1.9271,0.1667,0.8333,0.0,0.0,AUX,?,,,,neutron,False,False,False,,
4,399,p0399,-0.7656,0.776,0.1667,0.8333,0.0,0.0,AUX,?,,,,photon,False,False,False,,
4,400,p0400,-2.5365,2.5365,0.0,1.0,0.0,0.0,AUX,?,,,,photon,False,False,False,,
4,401,p0401,0.6875,0.6875,1.0,0.0,0.0,0.0,AUX,?,,,,neutron,False,False,False,,
4,402,p0402,-1.3906,1.4531,0.1667,0.8333,0.0,0.0,AUX,?,,,,photon,False,False,False,,
4,403,p0403,0.3177,0.3177,1.0,0.0,0.0,0.0,AUX,?,,,,proton,False,False,False,,
4,404,p0404,-1.5651,1.5651,0.0,1.0,0.0,0.0,AUX,?,,,,electron,False,False,False,,
4,405,p0405,0.4896,0.5521,0.8333,0.1667,0.0,0.0,AUX,?,,,,photon,False,False,False,,
4,406,p0406,0.4167,0.4167,1.0,0.0,0.0,0.0,AUX,?,,,,neutron,False,False,False,,
4,407,p0407,-1.599,1.6302,0.1667,0.8333,0.0,0.0,AUX,?,,,,photon,False,False,False,,
4,408,p0408,-0.9271,0.9583,0.1667,0.8333,0.0,0.0,AUX,?,,,,photon,False,False,False,,
4,409,p0409,-2.0495,2.0495,0.0,1.0,1.0,0.1667,AUX,?,,,,proton,False,False,False,,
4,410,p0410,-0.4375,0.4375,0.0,1.0,0.0,0.0,AUX,?,,,,photon,False,False,False,,
4,411,p0411,-1.7604,1.7604,0.0,1.0,0.0,0.0,AUX,?,,,,electron,False,False,False,,
4,412,p0412,-1.5156,1.5156,0.0,1.0,0.0,0.0,AUX,?,,,,proton,False,False,False,,
4,413,p0413,-3.2552,3.2552,0.0,1.0,0.0,0.0,AUX,?,,,,photon,False,False,False,,
4,414,p0414,-3.9948,3.9948,0.0,1.0,5.0,0.8333,AUX,?,,,,neutron,False,False,False,,
4,415,p0415,0.3047,0.4245,0.8333,0.1667,0.0,0.0,AUX,?,,,,proton,False,False,False,,
4,416,p0416,-1.349,1.5052,0.1667,0.8333,0.0,0.0,AUX,?,,,,neutron,False,False,False,,
4,417,p0417,-1.6094,2.276,0.1667,0.8333,0.0,0.0,AUX,?,,,,photon,False,False,False,,
4,418,p0418,-2.1875,2.1875,0.0,1.0,0.0,0.0,AUX,?,,,,photon,False,False,False,,
4,419,p0419,-0.9115,0.974,0.1667,0.8333,0.0,0.0,AUX,?,,,,photon,False,False,False,,
4,420,p0420,-1.8333,1.8333,0.0,1.0,0.0,0.0,AUX,?,,,,photon,False,False,False,,
4,421,p0421,-0.5104,0.5104,0.0,1.0,0.0,0.0,AUX,?,,,,proton,False,False,False,,
4,422,p0422,-0.7396,0.9062,0.1667,0.8333,0.0,0.0,AUX,?,,,,neutron,False,False,False,,
4,423,p0423,-1.1979,1.1979,0.0,1.0,0.0,0.0,AUX,?,,,,electron,False,False,False,,
4,424,p0424,-0.3698,0.6198,0.1667,0.8333,0.0,0.0,AUX,?,,,,photon,False,False,False,,
4,425,p0425,-0.3073,0.401,0.1667,0.8333,0.0,0.0,AUX,?,,,,neutron,False,False,False,,
4,426,p0426,-0.75,0.75,0.0,1.0,0.0,0.0,AUX,?,,,,proton,False,False,False,,
4,427,p0427,-1.1771,1.2708,0.1667,0.8333,0.0,0.0,AUX,?,,,,proton,False,False,False,,
4,428,p0428,-1.4635,1.5781,0.1667,0.8333,0.0,0.0,AUX,?,,,,electron,False,False,False,,
4,429,p0429,-1.375,1.625,0.1667,0.8333,0.0,0.0,AUX,?,,,,electron,False,False,False,,
4,430,p0430,-0.0104,0.1562,0.1667,0.6667,0.0,0.0,AUX,?,,,,electron,False,False,False,,
4,431,p0431,-0.7161,0.9714,0.1667,0.8333,0.0,0.0,AUX,?,,,,neutron,False,False,False,,
4,432,p0432,-4.4271,4.4271,0.0,1.0,6.0,1.0,AUX,?,,,,photon,False,False,False,,
4,433,p0433,-0.9167,0.9167,0.0,1.0,0.0,0.0,AUX,?,,,,electron,False,False,False,,
4,434,p0434,-0.8125,1.2083,0.1667,0.8333,0.0,0.0,AUX,?,,,,neutron,False,False,False,,
4,435,p0435,-0.4167,0.4167,0.0,0.8333,0.0,0.0,AUX,?,,,,photon,False,False,False,,
4,436,p0436,-1.1667,1.1667,0.0,1.0,0.0,0.0,AUX,?,,,,photon,False,False,False,,
4,437,p0437,-0.8125,0.8125,0.0,1.0,0.0,0.0,AUX,?,,,,electron,False,False,False,,
4,438,p0438,-0.8438,1.0312,0.1667,0.8333,0.0,0.0,AUX,?,,,,photon,False,False,False,,
4,439,p0439,-2.0104,2.0104,0.0,1.0,0.0,0.0,AUX,?,,,,electron,False,False,False,,
4,440,p0440,0.3542,0.5104,0.8333,0.1667,0.0,0.0,AUX,?,,,,proton,False,False,False,,
4,441,p0441,-0.0156,0.0781,0.3333,0.6667,0.0,0.0,AUX,?,,,,proton,False,False,False,,
4,442,p0442,-1.4219,1.4219,0.0,1.0,0.0,0.0,AUX,?,,,,proton,False,False,False,,
4,443,p0443,-0.0052,0.6406,0.1667,0.8333,0.0,0.0,AUX,?,,,,photon,False,False,False,,
4,444,p0444,-0.5677,0.7865,0.1667,0.8333,0.0,0.0,AUX,?,,,,electron,False,False,False,,
4,445,p0445,-1.4479,1.5938,0.1667,0.8333,0.0,0.0,AUX,?,,,,electron,False,False,False,,
4,446,p0446,-0.7604,0.7604,0.0,1.0,0.0,0.0,AUX,?,,,,photon,False,False,False,,
5,0,p0000,0.4062,0.4188,0.9,0.1,0.0,0.0,AUX,?,,,,electron,False,False,False,,
5,1,p0001,0.3562,0.7062,0.6,0.4,0.0,0.0,AUX,?,,,,electron,False,False,False,,
5,2,p0002,0.2812,0.2812,1.0,0.0,0.0,0.0,AUX,?,,,,neutron,False,False,False,,
5,3,p0003,0.1812,0.2312,0.6,0.2,0.0,0.0,AUX,?,,,,neutron,False,False,False,,
5,4,p0004,0.1375,0.2,0.6,0.3,0.0,0.0,AUX,?,,,,neutron,False,False,False,,
5,5,p0005,-0.1188,0.55,0.6,0.4,0.0,0.0,AUX,?,,,,photon,False,False,False,,
5,6,p0006,0.2875,0.2875,1.0,0.0,0.0,0.0,AUX,?,,,,neutron,False,False,False,,
5,7,p0007,0.1781,0.3031,0.6,0.3,0.0,0.0,AUX,?,,,,electron,False,False,False,,
5,8,p0008,0.2344,0.2469,0.7,0.2,0.0,0.0,AUX,?,,,,proton,False,False,False,,
5,9,p0009,0.475,0.475,1.0,0.0,0.0,0.0,AUX,?,,,,proton,False,False,False,,
5,10,p0010,0.3312,0.375,0.7,0.2,0.0,0.0,AUX,?,,,,proton,False,False,False,,
5,11,p0011,0.6344,0.7031,0.9,0.1,0.0,0.0,AUX,?,,,,photon,False,False,False,,
5,12,p0012,0.7469,0.7469,1.0,0.0,0.0,0.0,AUX,?,,,,neutron,False,False,False,,
5,13,p0013,0.2875,0.3,0.7,0.1,0.0,0.0,AUX,?,,,,neutron,False,False,False,,
5,14,p0014,0.575,0.8125,0.9,0.1,0.0,0.0,AUX,?,,,,neutron,False,False,False,,
5,15,p0015,0.9094,1.3094,0.8,0.2,0.0,0.0,AUX,?,,,,neutron,False,False,False,,
5,16,p0016,-0.1438,0.5438,0.1,0.9,0.0,0.0,AUX,?,,,,photon,False,False,False,,
5,17,p0017,0.8875,0.8875,0.9,0.0,1.0,0.1,AUX,?,,,,photon,False,False,False,,
5,18,p0018,0.3,0.3625,0.9,0.1,0.0,0.0,AUX,?,,,,neutron,False,False,False,,
5,19,p0019,0.0062,0.1062,0.5,0.3,0.0,0.0,AUX,?,,,,proton,False,False,False,,
5,20,p0020,0.9969,0.9969,1.0,0.0,0.0,0.0,AUX,?,,,,photon,False,False,False,,
5,21,p0021,0.2625,0.275,0.9,0.1,0.0,0.0,AUX,?,,,,electron,False,False,False,,
5,22,p0022,0.0531,0.5094,0.6,0.4,0.0,0.0,AUX,?,,,,proton,False,False,False,,
5,23,p0023,-0.2672,0.5453,0.2,0.8,0.0,0.0,AUX,?,,,,proton,False,False,False,,
5,24,p0024,0.1844,0.4656,0.5,0.5,0.0,0.0,AUX,?,,,,electron,False,False,False,,
5,25,p0025,0.4969,0.4969,1.0,0.0,0.0,0.0,AUX,?,,,,photon,False,False,False,,
5,26,p0026,0.2719,0.3219,0.9,0.1,0.0,0.0,AUX,?,,,,proton,False,False,False,,
5,27,p0027,0.05,0.1375,0.6,0.2,0.0,0.0,AUX,?,,,,proton,False,False,False,,
5,28,p0028,0.1062,0.225,0.5,0.1,0.0,0.0,AUX,?,,,,photon,False,False,False,,
5,29,p0029,0.2312,0.3938,0.9,0.1,0.0,0.0,AUX,?,,,,electron,False,False,False,,
5,30,p0030,0.1875,0.3062,0.9,0.1,0.0,0.0,AUX,?,,,,proton,False,False,False,,
5,31,p0031,0.1656,0.2781,0.6,0.2,0.0,0.0,AUX,?,,,,electron,False,False,False,,
5,32,p0032,1.05,1.1625,0.9,0.1,0.0,0.0,AUX,?,,,,electron,False,False,False,,
5,33,p0033,0.2812,0.7062,0.9,0.1,1.0,0.1,AUX,?,,,,proton,False,False,False,,
5,34,p0034,0.0812,0.725,0.5,0.5,0.0,0.0,AUX,?,,,,photon,False,False,False,,
5,35,p0035,0.6,0.6,1.0,0.0,0.0,0.0,AUX,?,,,,photon,False,False,False,,
5,36,p0036,0.0688,0.375,0.7,0.3,0.0,0.0,AUX,?,,,,neutron,False,False,False,,
5,37,p0037,0.1969,0.2156,0.9,0.1,0.0,0.0,AUX,?,,,,neutron,False,False,False,,
5,38,p0038,-0.5719,0.7969,0.1,0.9,0.0,0.0,AUX,?,,,,neutron,False,False,False,,
5,39,p0039,-0.35,0.35,0.0,1.0,0.0,0.0,AUX,?,,,,proton,False,False,False,,
5,40,p0040,0.2891,0.6984,0.8,0.2,0.0,0.0,AUX,?,,,,proton,False,False,False,,
5,41,p0041,0.8219,0.9844,0.9,0.1,0.0,0.0,AUX,?,,,,electron,False,False,False,,
5,42,p0042,0.375,0.375,1.0,0.0,0.0,0.0,AUX,?,,,,electron,False,False,False,,
5,43,p0043,0.2938,0.3938,0.6,0.4,0.0,0.0,AUX,?,,,,photon,False,False,False,,
5,44,p0044,-0.1188,0.3188,0.2,0.7,0.0,0.0,AUX,?,,,,neutron,False,False,False,,
5,45,p0045,0.9875,0.9875,1.0,0.0,1.0,0.1,AUX,?,,,,neutron,False,False,False,,
5,46,p0046,0.225,0.275,0.6,0.3,0.0,0.0,AUX,?,,,,neutron,False,False,False,,
5,47,p0047,1.025,1.0562,0.9,0.1,2.0,0.2,AUX,?,,,,photon,False,False,False,,
5,48,p0048,0.5625,0.8,0.6,0.4,0.0,0.0,AUX,?,,,,electron,False,False,False,,
5,49,p0049,0.8469,0.8594,0.9,0.1,0.0,0.0,AUX,?,,,,photon,False,False,False,,
5,50,p0050,0.0938,0.6062,0.9,0.1,1.0,0.1,AUX,?,,,,neutron,False,False,False,,
5,51,p0051,0.3688,0.7812,0.5,0.5,0.0,0.0,AUX,?,,,,proton,False,False,False,,
5,52,p0052,0.5,0.5062,0.9,0.1,0.0,0.0,AUX,?,,,,neutron,False,False,False,,
5,53,p0053,1.4688,1.4688,1.0,0.0,3.0,0.3,AUX,?,,,,photon,False,False,False,,
5,54,p0054,0.5688,0.5812,0.9,0.1,0.0,0.0,AUX,?,,,,electron,False,False,False,,
5,55,p0055,0.2156,0.2156,0.8,0.0,0.0,0.0,AUX,?,,,,electron,False,False,False,,
5,56,p0056,0.3062,0.3312,0.7,0.1,0.0,0.0,AUX,?,,,,neutron,False,False,False,,
5,57,p0057,0.6188,0.6188,1.0,0.0,0.0,0.0,AUX,?,,,,neutron,False,False,False,,
5,58,p0058,0.9375,0.9375,1.0,0.0,0.0,0.0,AUX,?,,,,photon,False,False,False,,
5,59,p0059,0.6844,0.6844,1.0,0.0,0.0,0.0,AUX,?,,,,photon,False,False,False,,
5,60,p0060,0.6938,0.6938,1.0,0.0,0.0,0.0,AUX,?,,,,proton,False,False,False,,
5,61,p0061,1.175,1.175,1.0,0.0,3.0,0.3,AUX,?,,,,neutron,False,False,False,,
5,62,p0062,0.7906,0.7906,1.0,0.0,0.0,0.0,AUX,?,,,,photon,False,False,False,,
5,63,p0063,1.2406,1.2406,1.0,0.0,0.0,0.0,AUX,?,,,,photon,False,False,False,,
5,64,p0064,0.0938,0.2125,0.5,0.5,0.0,0.0,AUX,?,,,,proton,False,False,False,,
5,65,p0065,0.2281,0.2844,0.6,0.3,0.0,0.0,AUX,?,,,,photon,False,False,False,,
5,66,p0066,0.3688,0.3812,0.9,0.1,0.0,0.0,AUX,?,,,,proton,False,False,False,,
5,67,p0067,0.825,0.825,1.0,0.0,0.0,0.0,AUX,?,,,,photon,False,False,False,,
5,68,p0068,0.3,0.3375,0.7,0.2,0.0,0.0,AUX,?,,,,neutron,False,False,False,,
5,69,p0069,0.3438,0.7312,0.6,0.4,0.0,0.0,AUX,?,,,,photon,False,False,False,,
5,70,p0070,0.2844,0.4062,0.8,0.2,0.0,0.0,AUX,?,,,,proton,False,False,False,,
5,71,p0071,0.2656,0.6469,0.5,0.5,0.0,0.0,AUX,?,,,,proton,False,False,False,,
5,72,p0072,0.2344,0.2719,0.9,0.1,0.0,0.0,AUX,?,,,,electron,False,False,False,,
5,73,p0073,0.5281,0.5969,0.8,0.2,0.0,0.0,AUX,?,,,,neutron,False,False,False,,
5,74,p0074,-0.3531,0.6156,0.2,0.8,0.0,0.0,AUX,?,,,,proton,False,False,False,,
5,75,p0075,0.6344,0.6344,1.0,0.0,0.0,0.0,AUX,?,,,,photon,False,False,False,,
5,76,p0076,0.2375,0.2625,0.6,0.1,0.0,0.0,AUX,?,,,,neutron,False,False,False,,
5,77,p0077,0.2531,0.4469,0.8,0.2,0.0,0.0,AUX,?,,,,photon,False,False,False,,
5,78,p0078,-0.0531,0.2156,0.5,0.5,0.0,0.0,AUX,?,,,,photon,False,False,False,,
5,79,p0079,1.6688,1.6688,1.0,0.0,2.0,0.2,AUX,?,,,,photon,False,False,False,,
5,80,p0080,0.2875,0.625,0.8,0.1,0.0,0.0,AUX,?,,,,neutron,False,False,False,,
5,81,p0081,0.2625,0.2875,0.8,0.2,0.0,0.0,AUX,?,,,,neutron,False,False,False,,
5,82,p0082,0.3625,0.45,0.7,0.3,0.0,0.0,AUX,?,,,,photon,False,False,False,,
5,83,p0083,-0.6625,0.6875,0.1,0.9,0.0,0.0,AUX,?,,,,neutron,False,False,False,,
5,84,p0084,0.3422,0.3828,0.9,0.1,0.0,0.0,AUX,?,,,,electron,False,False,False,,
5,85,p0085,-0.2094,0.2844,0.4,0.5,0.0,0.0,AUX,?,,,,proton,False,False,False,,
5,86,p0086,-0.1812,0.3312,0.4,0.6,0.0,0.0,AUX,?,,,,neutron,False,False,False,,
5,87,p0087,-0.2031,0.3656,0.2,0.8,0.0,0.0,AUX,?,,,,neutron,False,False,False,,
5,88,p0088,0.15,0.225,0.6,0.4,0.0,0.0,AUX,?,,,,neutron,False,False,False,,
5,89,p0089,0.25,0.3,0.7,0.3,0.0,0.0,AUX,?,,,,proton,False,False,False,,
5,90,p0090,0.9594,0.9594,1.0,0.0,0.0,0.0,AUX,?,,,,neutron,False,False,False,,
5,91,p0091,0.1062,0.4188,0.8,0.2,0.0,0.0,AUX,?,,,,photon,False,False,False,,
5,92,p0092,0.0812,0.6,0.5,0.5,0.0,0.0,AUX,?,,,,photon,False,False,False,,
5,93,p0093,-0.1656,0.7594,0.5,0.5,0.0,0.0,AUX,?,,,,neutron,False,False,False,,
5,94,p0094,0.5125,0.5625,0.6,0.3,0.0,0.0,AUX,?,,,,electron,False,False,False,,
5,95,p0095,0.75,0.8438,0.9,0.1,0.0,0.0,AUX,?,,,,neutron,False,False,False,,
5,96,p0096,0.4312,0.5562,0.9,0.1,0.0,0.0,AUX,?,,,,photon,False,False,False,,
5,97,p0097,0.0812,0.2688,0.5,0.4,0.0,0.0,AUX,?,,,,neutron,False,False,False,,
5,98,p0098,0.4906,0.7344,0.6,0.3,0.0,0.0,AUX,?,,,,electron,False,False,False,,
5,99,p0099,0.875,0.875,1.0,0.0,0.0,0.0,AUX,?,,,,neutron,False,False,False,,
5,100,p0100,0.1219,0.3344,0.7,0.3,0.0,0.0,AUX,?,,,,proton,False,False,False,,
5,101,p0101,-0.1938,0.225,0.1,0.9,0.0,0.0,AUX,?,,,,proton,False,False,False,,
5,102,p0102,-0.25,0.3625,0.1,0.9,0.0,0.0,AUX,?,,,,neutron,False,False,False,,
5,103,p0103,-0.3906,0.9719,0.5,0.5,1.0,0.1,AUX,?,,,,proton,False,False,False,,
5,104,p0104,0.7375,0.7562,0.9,0.1,0.0,0.0,AUX,?,,,,electron,False,False,False,,
5,105,p0105,0.5094,0.5094,1.0,0.0,0.0,0.0,AUX,?,,,,neutron,False,False,False,,
5,106,p0106,0.025,0.2625,0.5,0.5,0.0,0.0,AUX,?,,,,neutron,False,False,False,,
5,107,p0107,0.4094,0.4219,0.9,0.1,0.0,0.0,AUX,?,,,,electron,False,False,False,,
5,108,p0108,0.5812,0.8562,0.6,0.4,0.0,0.0,AUX,?,,,,neutron,False,False,False,,
5,109,p0109,0.3,0.5125,0.7,0.3,0.0,0.0,AUX,?,,,,photon,False,False,False,,
5,110,p0110,1.0125,1.0125,1.0,0.0,0.0,0.0,AUX,?,,,,neutron,False,False,False,,
5,111,p0111,0.2312,0.2562,0.9,0.1,0.0,0.0,AUX,?,,,,electron,False,False,False,,
5,112,p0112,0.15,0.3375,0.9,0.1,0.0,0.0,AUX,?,,,,electron,False,False,False,,
5,113,p0113,0.0312,0.1188,0.2,0.4,0.0,0.0,AUX,?,,,,neutron,False,False,False,,
5,114,p0114,0.4625,0.5625,0.9,0.1,0.0,0.0,AUX,?,,,,neutron,False,False,False,,
5,115,p0115,0.3219,0.3531,0.8,0.1,0.0,0.0,AUX,?,,,,photon,False,False,False,,
5,116,p0116,0.2625,0.35,0.8,0.2,0.0,0.0,AUX,?,,,,electron,False,False,False,,
5,117,p0117,-0.0938,0.2688,0.5,0.5,0.0,0.0,AUX,?,,,,electron,False,False,False,,
5,118,p0118,0.5438,0.5938,0.9,0.1,0.0,0.0,AUX,?,,,,electron,False,False,False,,
5,119,p0119,0.8656,1.2094,0.7,0.3,0.0,0.0,AUX,?,,,,neutron,False,False,False,,
5,120,p0120,-0.075,0.2375,0.4,0.6,0.0,0.0,AUX,?,,,,neutron,False,False,False,,
5,121,p0121,0.2438,0.2938,0.6,0.1,0.0,0.0,AUX,?,,,,neutron,False,False,False,,
5,122,p0122,1.15,1.15,1.0,0.0,0.0,0.0,AUX,?,,,,photon,False,False,False,,
5,123,p0123,1.625,1.625,1.0,0.0,2.0,0.2,AUX,?,,,,photon,False,False,False,,
5,124,p0124,0.1312,0.4062,0.5,0.5,0.0,0.0,AUX,?,,,,neutron,False,False,False,,
5,125,p0125,0.1562,0.2812,0.6,0.2,0.0,0.0,AUX,?,,,,neutron,False,False,False,,
5,126,p0126,-0.2594,0.2719,0.1,0.9,0.0,0.0,AUX,?,,,,electron,False,False,False,,
5,127,p0127,0.0875,1.1875,0.5,0.5,0.0,0.0,AUX,?,,,,photon,False,False,False,,
5,128,p0128,0.1688,0.35,0.5,0.5,0.0,0.0,AUX,?,,,,photon,False,False,False,,
5,129,p0129,0.0406,0.4781,0.5,0.5,0.0,0.0,AUX,?,,,,electron,False,False,False,,
5,130,p0130,0.7812,0.7938,0.9,0.1,0.0,0.0,AUX,?,,,,photon,False,False,False,,
5,131,p0131,0.0938,0.4062,0.5,0.5,0.0,0.0,AUX,?,,,,neutron,False,False,False,,
5,132,p0132,0.475,0.6,0.7,0.3,0.0,0.0,AUX,?,,,,photon,False,False,False,,
5,133,p0133,0.6188,0.6188,1.0,0.0,0.0,0.0,AUX,?,,,,neutron,False,False,False,,
5,134,p0134,0.5688,0.7688,0.6,0.4,0.0,0.0,AUX,?,,,,neutron,False,False,False,,
5,135,p0135,0.4875,0.5125,0.9,0.1,0.0,0.0,AUX,?,,,,proton,False,False,False,,
5,136,p0136,-0.125,0.2125,0.4,0.6,0.0,0.0,AUX,?,,,,neutron,False,False,False,,
5,137,p0137,0.1094,0.4594,0.5,0.5,0.0,0.0,AUX,?,,,,proton,False,False,False,,
5,138,p0138,0.5938,1.0812,0.9,0.1,1.0,0.1,AUX,?,,,,neutron,False,False,False,,
5,139,p0139,0.1594,0.5844,0.6,0.4,0.0,0.0,AUX,?,,,,electron,False,False,False,,
5,140,p0140,0.2875,0.3,0.8,0.1,0.0,0.0,AUX,?,,,,electron,False,False,False,,
5,141,p0141,-0.1484,1.1391,0.6,0.4,0.0,0.0,AUX,?,,,,electron,False,False,False,,
5,142,p0142,0.1406,0.5781,0.4,0.6,0.0,0.0,AUX,?,,,,neutron,False,False,False,,
5,143,p0143,0.625,0.625,1.0,0.0,0.0,0.0,AUX,?,,,,electron,False,False,False,,
5,144,p0144,0.8125,0.8312,0.9,0.1,0.0,0.0,AUX,?,,,,proton,False,False,False,,
5,145,p0145,0.9031,0.9344,0.9,0.1,1.0,0.1,AUX,?,,,,photon,False,False,False,,
5,146,p0146,0.2141,0.5047,0.7,0.3,0.0,0.0,AUX,?,,,,neutron,False,False,False,,
5,147,p0147,1.3781,1.3781,1.0,0.0,1.0,0.1,AUX,?,,,,photon,False,False,False,,
5,148,p0148,0.2438,1.1688,0.3,0.7,2.0,0.2,AUX,?,,,,photon,False,False,False,,
5,149,p0149,-0.1938,0.3562,0.2,0.7,0.0,0.0,AUX,?,,,,electron,False,False,False,,
5,150,p0150,0.2438,0.5188,0.5,0.5,0.0,0.0,AUX,?,,,,proton,False,False,False,,
5,151,p0151,3.3938,3.3938,1.0,0.0,10.0,1.0,AUX,?,,,,photon,False,False,False,,
5,152,p0152,0.6156,0.6469,0.7,0.1,0.0,0.0,AUX,?,,,,proton,False,False,False,,
5,153,p0153,1.1438,1.5125,0.9,0.1,0.0,0.0,AUX,?,,,,neutron,False,False,False,,
5,154,p0154,-0.0812,0.2188,0.3,0.6,0.0,0.0,AUX,?,,,,neutron,False,False,False,,
5,155,p0155,0.1688,0.1688,0.8,0.0,0.0,0.0,AUX,?,,,,neutron,False,False,False,,
5,156,p0156,0.3688,0.3688,1.0,0.0,0.0,0.0,AUX,?,,,,neutron,False,False,False,,
5,157,p0157,-0.0688,0.0812,0.1,0.7,0.0,0.0,AUX,?,,,,neutron,False,False,False,,
5,158,p0158,-0.0031,0.1156,0.5,0.4,0.0,0.0,AUX,?,,,,neutron,False,False,False,,
5,159,p0159,0.7469,0.9531,0.9,0.1,0.0,0.0,AUX,?,,,,photon,False,False,False,,
5,160,p0160,0.5531,0.5531,1.0,0.0,0.0,0.0,AUX,?,,,,electron,False,False,False,,
5,161,p0161,0.6312,1.1438,0.6,0.3,1.0,0.1,AUX,?,,,,photon,False,False,False,,
5,162,p0162,0.9531,0.9531,1.0,0.0,0.0,0.0,AUX,?,,,,photon,False,False,False,,
5,163,p0163,0.4125,0.4375,0.9,0.1,0.0,0.0,AUX,?,,,,photon,False,False,False,,
5,164,p0164,0.3875,0.5,0.6,0.4,0.0,0.0,AUX,?,,,,neutron,False,False,False,,
5,165,p0165,0.2844,0.3156,0.7,0.3,0.0,0.0,AUX,?,,,,photon,False,False,False,,
5,166,p0166,1.0531,1.0531,1.0,0.0,0.0,0.0,AUX,?,,,,neutron,False,False,False,,
5,167,p0167,1.3,1.3,1.0,0.0,0.0,0.0,AUX,?,,,,photon,False,False,False,,
5,168,p0168,-0.0156,0.4281,0.2,0.8,0.0,0.0,AUX,?,,,,proton,False,False,False,,
5,169,p0169,0.2312,0.5875,0.6,0.4,0.0,0.0,AUX,?,,,,electron,False,False,False,,
5,170,p0170,0.6688,0.6688,1.0,0.0,0.0,0.0,AUX,?,,,,neutron,False,False,False,,
5,171,p0171,0.0125,0.1688,0.2,0.6,0.0,0.0,AUX,?,,,,proton,False,False,False,,
5,172,p0172,-0.025,0.275,0.3,0.7,0.0,0.0,AUX,?,,,,neutron,False,False,False,,
5,173,p0173,0.875,0.875,1.0,0.0,0.0,0.0,AUX,?,,,,photon,False,False,False,,
5,174,p0174,0.4234,0.4234,1.0,0.0,0.0,0.0,AUX,?,,,,neutron,False,False,False,,
5,175,p0175,0.5062,0.5062,0.9,0.0,0.0,0.0,AUX,?,,,,neutron,False,False,False,,
5,176,p0176,0.1719,0.4156,0.7,0.3,0.0,0.0,AUX,?,,,,photon,False,False,False,,
5,177,p0177,0.0531,0.5156,0.6,0.4,0.0,0.0,AUX,?,,,,photon,False,False,False,,
5,178,p0178,0.7406,0.7406,1.0,0.0,0.0,0.0,AUX,?,,,,neutron,False,False,False,,
5,179,p0179,0.25,0.4,0.9,0.1,0.0,0.0,AUX,?,,,,photon,False,False,False,,
5,180,p0180,-0.4344,0.8531,0.1,0.9,0.0,0.0,AUX,?,,,,photon,False,False,False,,
5,181,p0181,0.1188,0.2562,0.4,0.5,0.0,0.0,AUX,?,,,,electron,False,False,False,,
5,182,p0182,0.1875,0.2625,0.8,0.1,0.0,0.0,AUX,?,,,,neutron,False,False,False,,
5,183,p0183,-0.0094,0.2719,0.7,0.3,0.0,0.0,AUX,?,,,,proton,False,False,False,,
5,184,p0184,-0.0438,0.4188,0.5,0.5,0.0,0.0,AUX,?,,,,neutron,False,False,False,,
5,185,p0185,0.4625,0.4625,1.0,0.0,0.0,0.0,AUX,?,,,,electron,False,False,False,,
5,186,p0186,-0.05,0.6438,0.5,0.5,0.0,0.0,AUX,?,,,,photon,False,False,False,,
5,187,p0187,0.7594,0.9281,0.9,0.1,0.0,0.0,AUX,?,,,,neutron,False,False,False,,
5,188,p0188,0.525,0.6,0.9,0.1,0.0,0.0,AUX,?,,,,photon,False,False,False,,
5,189,p0189,0.4281,0.4281,0.9,0.0,0.0,0.0,AUX,?,,,,photon,False,False,False,,
5,190,p0190,0.4875,0.5562,0.9,0.1,0.0,0.0,AUX,?,,,,neutron,False,False,False,,
5,191,p0191,0.8562,1.0312,0.9,0.1,0.0,0.0,AUX,?,,,,photon,False,False,False,,
5,192,p0192,0.0,0.65,0.6,0.4,0.0,0.0,AUX,?,,,,proton,False,False,False,,
5,193,p0193,0.1906,0.3094,0.8,0.2,0.0,0.0,AUX,?,,,,photon,False,False,False,,
5,194,p0194,0.0438,0.1875,0.6,0.4,0.0,0.0,AUX,?,,,,proton,False,False,False,,
5,195,p0195,-0.0719,0.2656,0.2,0.8,0.0,0.0,AUX,?,,,,photon,False,False,False,,
5,196,p0196,1.2219,1.3969,0.8,0.2,0.0,0.0,AUX,?,,,,neutron,False,False,False,,
5,197,p0197,0.6469,0.7219,0.9,0.1,0.0,0.0,AUX,?,,,,neutron,False,False,False,,
5,198,p0198,0.5,0.5,1.0,0.0,0.0,0.0,AUX,?,,,,photon,False,False,False,,
5,199,p0199,0.35,0.5188,0.6,0.3,0.0,0.0,AUX,?,,,,electron,False,False,False,,
5,200,p0200,0.2688,0.2688,1.0,0.0,0.0,0.0,AUX,?,,,,proton,False,False,False,,
5,201,p0201,0.7938,0.7938,1.0,0.0,0.0,0.0,AUX,?,,,,photon,False,False,False,,
5,202,p0202,1.6938,1.6938,1.0,0.0,1.0,0.1,AUX,?,,,,neutron,False,False,False,,
5,203,p0203,0.0938,0.2062,0.8,0.1,0.0,0.0,AUX,?,,,,electron,False,False,False,,
5,204,p0204,-0.2062,0.6062,0.5,0.5,0.0,0.0,AUX,?,,,,proton,False,False,False,,
5,205,p0205,-0.2,0.2438,0.1,0.9,0.0,0.0,AUX,?,,,,proton,False,False,False,,
5,206,p0206,0.5781,0.7969,0.9,0.1,0.0,0.0,AUX,?,,,,proton,False,False,False,,
5,207,p0207,-0.2625,0.725,0.6,0.4,0.0,0.0,AUX,?,,,,neutron,False,False,False,,
5,208,p0208,0.8031,0.8406,0.9,0.1,0.0,0.0,AUX,?,,,,photon,False,False,False,,
5,209,p0209,0.6156,0.6781,0.9,0.1,0.0,0.0,AUX,?,,,,neutron,False,False,False,,
5,210,p0210,0.3469,0.4656,0.8,0.2,0.0,0.0,AUX,?,,,,neutron,False,False,False,,
5,211,p0211,0.5562,0.5562,1.0,0.0,0.0,0.0,AUX,?,,,,proton,False,False,False,,
5,212,p0212,0.2969,0.7094,0.6,0.4,0.0,0.0,AUX,?,,,,photon,False,False,False,,
5,213,p0213,0.5562,0.5562,1.0,0.0,0.0,0.0,AUX,?,,,,photon,False,False,False,,
5,214,p0214,0.1062,0.2688,0.5,0.4,0.0,0.0,AUX,?,,,,electron,False,False,False,,
5,215,p0215,-0.2219,0.3594,0.1,0.9,0.0,0.0,AUX,?,,,,proton,False,False,False,,
5,216,p0216,0.3625,0.525,0.6,0.3,0.0,0.0,AUX,?,,,,neutron,False,False,False,,
5,217,p0217,0.1562,0.2062,0.8,0.1,0.0,0.0,AUX,?,,,,neutron,False,False,False,,
5,218,p0218,0.6938,0.825,0.9,0.1,0.0,0.0,AUX,?,,,,electron,False,False,False,,
5,219,p0219,0.05,0.2188,0.4,0.6,0.0,0.0,AUX,?,,,,electron,False,False,False,,
5,220,p0220,-0.0812,0.1562,0.3,0.5,0.0,0.0,AUX,?,,,,neutron,False,False,False,,
5,221,p0221,-0.7875,1.0625,0.1,0.8,4.0,0.4,AUX,?,,,,photon,False,False,False,,
5,222,p0222,0.5406,0.5406,1.0,0.0,0.0,0.0,AUX,?,,,,photon,False,False,False,,
5,223,p0223,-0.3469,1.1281,0.6,0.4,1.0,0.1,AUX,?,,,,photon,False,False,False,,
5,224,p0224,0.3625,0.4375,0.6,0.4,0.0,0.0,AUX,?,,,,electron,False,False,False,,
5,225,p0225,0.75,0.75,1.0,0.0,0.0,0.0,AUX,?,,,,photon,False,False,False,,
5,226,p0226,-0.2656,0.4344,0.2,0.8,0.0,0.0,AUX,?,,,,photon,False,False,False,,
5,227,p0227,0.175,0.3688,0.6,0.4,0.0,0.0,AUX,?,,,,photon,False,False,False,,
5,228,p0228,1.4312,1.5438,0.9,0.1,3.0,0.3,AUX,?,,,,photon,False,False,False,,
5,229,p0229,0.0781,0.1469,0.9,0.1,0.0,0.0,AUX,?,,,,proton,False,False,False,,
5,230,p0230,-0.5125,0.55,0.1,0.9,0.0,0.0,AUX,?,,,,neutron,False,False,False,,
5,231,p0231,0.4469,0.6656,0.9,0.1,0.0,0.0,AUX,?,,,,photon,False,False,False,,
5,232,p0232,-0.1156,0.6094,0.5,0.5,0.0,0.0,AUX,?,,,,proton,False,False,False,,
5,233,p0233,0.5094,0.5469,0.9,0.1,0.0,0.0,AUX,?,,,,photon,False,False,False,,
5,234,p0234,0.2,0.4875,0.5,0.5,0.0,0.0,AUX,?,,,,photon,False,False,False,,
5,235,p0235,0.7688,0.85,0.9,0.1,0.0,0.0,AUX,?,,,,photon,False,False,False,,
5,236,p0236,0.2312,0.3438,0.5,0.5,0.0,0.0,AUX,?,,,,electron,False,False,False,,
5,237,p0237,0.5281,0.8469,0.7,0.3,0.0,0.0,AUX,?,,,,proton,False,False,False,,
5,238,p0238,0.5188,0.5312,0.9,0.1,0.0,0.0,AUX,?,,,,proton,False,False,False,,
5,239,p0239,0.7812,0.9188,0.7,0.3,0.0,0.0,AUX,?,,,,neutron,False,False,False,,
5,240,p0240,1.4344,1.4344,1.0,0.0,2.0,0.2,AUX,?,,,,photon,False,False,False,,
5,241,p0241,0.9062,0.9812,0.7,0.3,0.0,0.0,AUX,?,,,,proton,False,False,False,,
5,242,p0242,1.5156,1.5156,1.0,0.0,0.0,0.0,AUX,?,,,,photon,False,False,False,,
5,243,p0243,0.7969,0.8781,0.8,0.2,0.0,0.0,AUX,?,,,,neutron,False,False,False,,
5,244,p0244,0.2562,0.2562,1.0,0.0,0.0,0.0,AUX,?,,,,proton,False,False,False,,
5,245,p0245,0.8844,0.8844,1.0,0.0,0.0,0.0,AUX,?,,,,photon,False,False,False,,
5,246,p0246,0.4906,0.4906,0.8,0.0,0.0,0.0,AUX,?,,,,neutron,False,False,False,,
5,247,p0247,1.5938,1.7562,0.9,0.1,1.0,0.1,AUX,?,,,,photon,False,False,False,,
5,248,p0248,0.0156,0.3781,0.6,0.4,0.0,0.0,AUX,?,,,,photon,False,False,False,,
5,249,p0249,1.4562,1.4562,1.0,0.0,0.0,0.0,AUX,?,,,,photon,False,False,False,,
5,250,p0250,1.65,1.65,1.0,0.0,1.0,0.1,AUX,?,,,,photon,False,False,False,,
5,251,p0251,0.2406,0.3719,0.9,0.1,0.0,0.0,AUX,?,,,,photon,False,False,False,,
5,252,p0252,0.1375,0.3,0.8,0.1,0.0,0.0,AUX,?,,,,neutron,False,False,False,,
5,253,p0253,0.2125,0.7,0.8,0.2,0.0,0.0,AUX,?,,,,photon,False,False,False,,
5,254,p0254,0.3875,0.5375,0.5,0.3,0.0,0.0,AUX,?,,,,neutron,False,False,False,,
5,255,p0255,0.3312,0.4,0.9,0.1,0.0,0.0,AUX,?,,,,photon,False,False,False,,
5,256,p0256,0.4156,0.4719,0.9,0.1,0.0,0.0,AUX,?,,,,photon,False,False,False,,
5,257,p0257,0.4188,0.725,0.7,0.2,0.0,0.0,AUX,?,,,,proton,False,False,False,,
5,258,p0258,0.2312,0.3062,0.9,0.1,0.0,0.0,AUX,?,,,,neutron,False,False,False,,
5,259,p0259,0.0156,0.5281,0.4,0.6,0.0,0.0,AUX,?,,,,electron,False,False,False,,
5,260,p0260,0.1672,0.2703,0.8,0.1,0.0,0.0,AUX,?,,,,electron,False,False,False,,
5,261,p0261,0.2531,0.7844,0.5,0.5,0.0,0.0,AUX,?,,,,photon,False,False,False,,
5,262,p0262,0.4344,0.5219,0.7,0.2,0.0,0.0,AUX,?,,,,neutron,False,False,False,,
5,263,p0263,0.3656,0.3844,0.9,0.1,0.0,0.0,AUX,?,,,,electron,False,False,False,,
5,264,p0264,0.4938,0.8625,0.6,0.3,1.0,0.1,AUX,?,,,,photon,False,False,False,,
5,265,p0265,0.5656,0.5656,1.0,0.0,0.0,0.0,AUX,?,,,,proton,False,False,False,,
5,266,p0266,0.2938,0.2938,1.0,0.0,0.0,0.0,AUX,?,,,,electron,False,False,False,,
5,267,p0267,0.1844,0.3656,0.6,0.4,0.0,0.0,AUX,?,,,,proton,False,False,False,,
5,268,p0268,-0.4781,0.4969,0.1,0.9,0.0,0.0,AUX,?,,,,proton,False,False,False,,
5,269,p0269,-0.1125,0.3375,0.2,0.8,0.0,0.0,AUX,?,,,,photon,False,False,False,,
5,270,p0270,0.2562,0.3062,0.7,0.3,0.0,0.0,AUX,?,,,,neutron,False,False,False,,
5,271,p0271,0.7656,0.7656,1.0,0.0,0.0,0.0,AUX,?,,,,electron,False,False,False,,
5,272,p0272,0.3938,0.3938,0.9,0.0,0.0,0.0,AUX,?,,,,neutron,False,False,False,,
5,273,p0273,0.2938,0.5312,0.9,0.1,0.0,0.0,AUX,?,,,,neutron,False,False,False,,
5,274,p0274,0.7781,0.9156,0.9,0.1,0.0,0.0,AUX,?,,,,electron,False,False,False,,
5,275,p0275,0.3125,0.3375,0.9,0.1,0.0,0.0,AUX,?,,,,neutron,False,False,False,,
5,276,p0276,0.3562,0.6375,0.9,0.1,0.0,0.0,AUX,?,,,,proton,False,False,False,,
5,277,p0277,0.1859,0.2641,0.5,0.2,0.0,0.0,AUX,?,,,,neutron,False,False,False,,
5,278,p0278,-0.1656,0.3531,0.2,0.8,0.0,0.0,AUX,?,,,,photon,False,False,False,,
5,279,p0279,0.3312,0.6188,0.6,0.4,0.0,0.0,AUX,?,,,,photon,False,False,False,,
5,280,p0280,0.8531,0.8531,1.0,0.0,0.0,0.0,AUX,?,,,,photon,False,False,False,,
5,281,p0281,-0.0906,0.1844,0.2,0.8,0.0,0.0,AUX,?,,,,proton,False,False,False,,
5,282,p0282,0.3156,0.3406,0.9,0.1,0.0,0.0,AUX,?,,,,electron,False,False,False,,
5,283,p0283,0.0031,0.2469,0.2,0.8,0.0,0.0,AUX,?,,,,neutron,False,False,False,,
5,284,p0284,-0.0062,0.4438,0.4,0.5,0.0,0.0,AUX,?,,,,proton,False,False,False,,
5,285,p0285,-0.2125,0.3312,0.3,0.7,0.0,0.0,AUX,?,,,,neutron,False,False,False,,
5,286,p0286,1.2188,1.2188,1.0,0.0,0.0,0.0,AUX,?,,,,photon,False,False,False,,
5,287,p0287,0.725,0.9625,0.9,0.1,0.0,0.0,AUX,?,,,,electron,False,False,False,,
5,288,p0288,1.0344,1.0344,1.0,0.0,0.0,0.0,AUX,?,,,,photon,False,False,False,,
5,289,p0289,0.3719,0.5719,0.7,0.2,0.0,0.0,AUX,?,,,,proton,False,False,False,,
5,290,p0290,0.2938,0.3312,0.6,0.3,0.0,0.0,AUX,?,,,,neutron,False,False,False,,
5,291,p0291,1.1688,1.175,0.9,0.1,3.0,0.3,AUX,?,,,,photon,False,False,False,,
5,292,p0292,1.75,1.8875,0.7,0.3,5.0,0.5,AUX,?,,,,photon,False,False,False,,
5,293,p0293,0.7281,0.7781,0.9,0.1,0.0,0.0,AUX,?,,,,photon,False,False,False,,
5,294,p0294,0.4844,0.4844,1.0,0.0,0.0,0.0,AUX,?,,,,photon,False,False,False,,
5,295,p0295,-0.4812,0.8062,0.2,0.8,0.0,0.0,AUX,?,,,,photon,False,False,False,,
5,296,p0296,0.2188,0.4312,0.6,0.4,0.0,0.0,AUX,?,,,,electron,False,False,False,,
5,297,p0297,0.9625,1.075,0.9,0.1,0.0,0.0,AUX,?,,,,electron,False,False,False,,
5,298,p0298,-0.0875,0.3,0.5,0.5,0.0,0.0,AUX,?,,,,neutron,False,False,False,,
5,299,p0299,-0.1344,0.2594,0.1,0.8,0.0,0.0,AUX,?,,,,proton,False,False,False,,
5,300,p0300,0.675,0.85,0.6,0.4,0.0,0.0,AUX,?,,,,neutron,False,False,False,,
5,301,p0301,0.4812,0.8062,0.9,0.1,0.0,0.0,AUX,?,,,,neutron,False,False,False,,
5,302,p0302,0.9,0.9,1.0,0.0,0.0,0.0,AUX,?,,,,neutron,False,False,False,,
5,303,p0303,0.4281,0.4906,0.6,0.4,0.0,0.0,AUX,?,,,,neutron,False,False,False,,
5,304,p0304,0.8469,0.8469,1.0,0.0,0.0,0.0,AUX,?,,,,electron,False,False,False,,
5,305,p0305,0.5219,0.5219,1.0,0.0,0.0,0.0,AUX,?,,,,photon,False,False,False,,
5,306,p0306,0.5875,0.725,0.6,0.4,0.0,0.0,AUX,?,,,,photon,False,False,False,,
5,307,p0307,0.2281,0.4406,0.7,0.3,0.0,0.0,AUX,?,,,,photon,False,False,False,,
5,308,p0308,0.2594,0.3219,0.9,0.1,0.0,0.0,AUX,?,,,,electron,False,False,False,,
5,309,p0309,0.65,0.65,1.0,0.0,0.0,0.0,AUX,?,,,,electron,False,False,False,,
5,310,p0310,0.6688,0.6688,1.0,0.0,0.0,0.0,AUX,?,,,,electron,False,False,False,,
5,311,p0311,0.2906,0.4281,0.7,0.3,0.0,0.0,AUX,?,,,,electron,False,False,False,,
5,312,p0312,1.4281,1.4281,1.0,0.0,1.0,0.1,AUX,?,,,,neutron,False,False,False,,
5,313,p0313,-0.05,0.25,0.2,0.6,0.0,0.0,AUX,?,,,,neutron,False,False,False,,
5,314,p0314,-0.0094,0.5094,0.4,0.6,0.0,0.0,AUX,?,,,,electron,False,False,False,,
5,315,p0315,0.2438,0.4688,0.5,0.5,0.0,0.0,AUX,?,,,,photon,False,False,False,,
5,316,p0316,1.4,1.4,1.0,0.0,0.0,0.0,AUX,?,,,,photon,False,False,False,,
5,317,p0317,0.5188,0.5562,0.8,0.2,0.0,0.0,AUX,?,,,,neutron,False,False,False,,
5,318,p0318,0.8125,0.9875,0.9,0.1,0.0,0.0,AUX,?,,,,photon,False,False,False,,
5,319,p0319,0.1188,0.4688,0.5,0.5,0.0,0.0,AUX,?,,,,neutron,False,False,False,,
5,320,p0320,-0.1312,0.9188,0.2,0.8,0.0,0.0,AUX,?,,,,photon,False,False,False,,
5,321,p0321,0.0688,0.0938,0.6,0.4,0.0,0.0,AUX,?,,,,proton,False,False,False,,
5,322,p0322,0.9312,0.9312,1.0,0.0,0.0,0.0,AUX,?,,,,neutron,False,False,False,,
5,323,p0323,0.2375,0.6688,0.5,0.5,0.0,0.0,AUX,?,,,,photon,False,False,False,,
5,324,p0324,0.2844,0.3031,0.8,0.2,0.0,0.0,AUX,?,,,,proton,False,False,False,,
5,325,p0325,0.6812,0.825,0.6,0.4,0.0,0.0,AUX,?,,,,photon,False,False,False,,
5,326,p0326,1.2344,1.2344,1.0,0.0,0.0,0.0,AUX,?,,,,photon,False,False,False,,
5,327,p0327,0.0406,0.6781,0.5,0.4,0.0,0.0,AUX,?,,,,electron,False,False,False,,
5,328,p0328,2.1688,2.2844,0.7,0.3,6.0,0.6,AUX,?,,,,neutron,False,False,False,,
5,329,p0329,0.8656,0.9656,0.9,0.1,0.0,0.0,AUX,?,,,,photon,False,False,False,,
5,330,p0330,0.1625,0.4875,0.5,0.4,0.0,0.0,AUX,?,,,,neutron,False,False,False,,
5,331,p0331,0.6812,0.6812,1.0,0.0,0.0,0.0,AUX,?,,,,neutron,False,False,False,,
5,332,p0332,0.4375,0.4438,0.9,0.1,0.0,0.0,AUX,?,,,,photon,False,False,False,,
5,333,p0333,0.6312,0.9,0.8,0.2,0.0,0.0,AUX,?,,,,photon,False,False,False,,
5,334,p0334,0.0547,0.5016,0.5,0.5,0.0,0.0,AUX,?,,,,neutron,False,False,False,,
5,335,p0335,0.1,0.2125,0.6,0.4,0.0,0.0,AUX,?,,,,proton,False,False,False,,
5,336,p0336,0.0312,0.1812,0.6,0.4,0.0,0.0,AUX,?,,,,electron,False,False,False,,
5,337,p0337,0.2938,0.65,0.7,0.3,0.0,0.0,AUX,?,,,,proton,False,False,False,,
5,338,p0338,-0.0312,0.125,0.3,0.6,0.0,0.0,AUX,?,,,,neutron,False,False,False,,
5,339,p0339,0.9125,1.1375,0.9,0.1,0.0,0.0,AUX,?,,,,neutron,False,False,False,,
5,340,p0340,0.8625,0.8625,1.0,0.0,0.0,0.0,AUX,?,,,,photon,False,False,False,,
5,341,p0341,0.2438,0.2688,0.7,0.1,0.0,0.0,AUX,?,,,,proton,False,False,False,,
5,342,p0342,0.125,0.125,0.9,0.0,0.0,0.0,AUX,?,,,,electron,False,False,False,,
5,343,p0343,0.85,1.4375,0.8,0.2,3.0,0.3,AUX,?,,,,neutron,False,False,False,,
5,344,p0344,0.0625,0.4875,0.5,0.5,0.0,0.0,AUX,?,,,,photon,False,False,False,,
5,345,p0345,0.6438,0.6438,1.0,0.0,0.0,0.0,AUX,?,,,,neutron,False,False,False,,
5,346,p0346,1.125,1.4125,0.7,0.3,3.0,0.3,AUX,?,,,,photon,False,False,False,,
5,347,p0347,0.3,0.3,1.0,0.0,0.0,0.0,AUX,?,,,,proton,False,False,False,,
5,348,p0348,0.5406,0.5906,0.9,0.1,0.0,0.0,AUX,?,,,,photon,False,False,False,,
5,349,p0349,0.8031,0.9344,0.9,0.1,0.0,0.0,AUX,?,,,,neutron,False,False,False,,
5,350,p0350,0.5344,0.5781,0.9,0.1,0.0,0.0,AUX,?,,,,photon,False,False,False,,
5,351,p0351,0.7625,0.775,0.8,0.2,0.0,0.0,AUX,?,,,,photon,False,False,False,,
5,352,p0352,0.3062,0.35,0.9,0.1,0.0,0.0,AUX,?,,,,neutron,False,False,False,,
5,353,p0353,0.5406,0.6344,0.9,0.1,0.0,0.0,AUX,?,,,,proton,False,False,False,,
5,354,p0354,0.2375,0.475,0.6,0.3,0.0,0.0,AUX,?,,,,photon,False,False,False,,
5,355,p0355,-0.0719,0.5906,0.4,0.6,0.0,0.0,AUX,?,,,,photon,False,False,False,,
5,356,p0356,0.375,0.3875,0.9,0.1,0.0,0.0,AUX,?,,,,electron,False,False,False,,
5,357,p0357,0.3719,0.4656,0.6,0.3,0.0,0.0,AUX,?,,,,photon,False,False,False,,
5,358,p0358,1.1156,1.3469,0.8,0.2,3.0,0.3,AUX,?,,,,photon,False,False,False,,
5,359,p0359,-0.1344,0.1844,0.3,0.5,0.0,0.0,AUX,?,,,,proton,False,False,False,,
5,360,p0360,0.3,0.475,0.8,0.2,0.0,0.0,AUX,?,,,,photon,False,False,False,,
5,361,p0361,0.0938,0.175,0.5,0.3,0.0,0.0,AUX,?,,,,proton,False,False,False,,
5,362,p0362,0.4938,0.4938,1.0,0.0,0.0,0.0,AUX,?,,,,neutron,False,False,False,,
5,363,p0363,0.7438,0.7438,1.0,0.0,0.0,0.0,AUX,?,,,,neutron,False,False,False,,
5,364,p0364,0.4281,0.6281,0.8,0.2,0.0,0.0,AUX,?,,,,proton,False,False,False,,
5,365,p0365,0.3312,0.4188,0.6,0.4,0.0,0.0,AUX,?,,,,neutron,False,False,False,,
5,366,p0366,0.7562,0.7562,1.0,0.0,0.0,0.0,AUX,?,,,,photon,False,False,False,,
5,367,p0367,-1.2281,1.3031,0.1,0.9,2.0,0.2,AUX,?,,,,neutron,False,False,False,,
5,368,p0368,0.5297,0.7922,0.5,0.5,0.0,0.0,AUX,?,,,,photon,False,False,False,,
5,369,p0369,-0.1062,0.3812,0.2,0.4,0.0,0.0,AUX,?,,,,photon,False,False,False,,
5,370,p0370,0.4219,0.8344,0.5,0.5,0.0,0.0,AUX,?,,,,electron,False,False,False,,
5,371,p0371,1.0688,1.0938,0.7,0.1,0.0,0.0,AUX,?,,,,photon,False,False,False,,
5,372,p0372,0.3375,0.5562,0.5,0.2,0.0,0.0,AUX,?,,,,photon,False,False,False,,
5,373,p0373,0.2531,0.4594,0.7,0.3,0.0,0.0,AUX,?,,,,proton,False,False,False,,
5,374,p0374,-0.1188,0.1625,0.1,0.8,0.0,0.0,AUX,?,,,,proton,False,False,False,,
5,375,p0375,0.675,0.7125,0.9,0.1,0.0,0.0,AUX,?,,,,photon,False,False,False,,
5,376,p0376,0.4156,0.4531,0.9,0.1,0.0,0.0,AUX,?,,,,electron,False,False,False,,
5,377,p0377,0.8875,0.8875,1.0,0.0,0.0,0.0,AUX,?,,,,electron,False,False,False,,
5,378,p0378,0.5969,0.7219,0.6,0.4,0.0,0.0,AUX,?,,,,photon,False,False,False,,
5,379,p0379,0.2312,0.5688,0.5,0.5,0.0,0.0,AUX,?,,,,proton,False,False,False,,
5,380,p0380,1.1781,1.2719,0.9,0.1,1.0,0.1,AUX,?,,,,photon,False,False,False,,
5,381,p0381,0.1688,0.1875,0.8,0.1,0.0,0.0,AUX,?,,,,neutron,False,False,False,,
5,382,p0382,0.5656,1.0031,0.6,0.4,0.0,0.0,AUX,?,,,,photon,False,False,False,,
5,383,p0383,0.4438,0.4875,0.8,0.2,0.0,0.0,AUX,?,,,,photon,False,False,False,,
5,384,p0384,-0.0625,0.25,0.5,0.4,0.0,0.0,AUX,?,,,,proton,False,False,False,,
5,385,p0385,0.1031,0.3344,0.3,0.7,0.0,0.0,AUX,?,,,,neutron,False,False,False,,
5,386,p0386,0.6406,0.6406,1.0,0.0,0.0,0.0,AUX,?,,,,electron,False,False,False,,
5,387,p0387,0.0375,0.2125,0.5,0.4,0.0,0.0,AUX,?,,,,neutron,False,False,False,,
5,388,p0388,0.3312,0.3625,0.8,0.2,0.0,0.0,AUX,?,,,,electron,False,False,False,,
5,389,p0389,0.0625,0.125,0.4,0.3,0.0,0.0,AUX,?,,,,neutron,False,False,False,,
5,390,p0390,0.2375,0.325,0.9,0.1,0.0,0.0,AUX,?,,,,neutron,False,False,False,,
5,391,p0391,1.6781,1.6781,1.0,0.0,5.0,0.5,AUX,?,,,,photon,False,False,False,,
5,392,p0392,0.4219,0.4219,1.0,0.0,0.0,0.0,AUX,?,,,,electron,False,False,False,,
5,393,p0393,0.1281,0.3281,0.5,0.5,0.0,0.0,AUX,?,,,,proton,False,False,False,,
5,394,p0394,0.3625,0.5375,0.6,0.4,0.0,0.0,AUX,?,,,,photon,False,False,False,,
5,395,p0395,-0.0562,1.6312,0.7,0.3,3.0,0.3,AUX,?,,,,neutron,False,False,False,,
5,396,p0396,0.675,0.675,1.0,0.0,0.0,0.0,AUX,?,,,,neutron,False,False,False,,
5,397,p0397,0.3562,0.3625,0.9,0.1,0.0,0.0,AUX,?,,,,electron,False,False,False,,
5,398,p0398,0.7,0.7,1.0,0.0,0.0,0.0,AUX,?,,,,neutron,False,False,False,,
5,399,p0399,1.1875,1.1875,1.0,0.0,1.0,0.1,AUX,?,,,,photon,False,False,False,,
5,400,p0400,0.8594,0.8594,1.0,0.0,0.0,0.0,AUX,?,,,,photon,False,False,False,,
5,401,p0401,0.3438,0.4062,0.8,0.2,0.0,0.0,AUX,?,,,,neutron,False,False,False,,
5,402,p0402,-0.1406,0.7094,0.5,0.5,0.0,0.0,AUX,?,,,,photon,False,False,False,,
5,403,p0403,0.3844,0.4469,0.9,0.1,0.0,0.0,AUX,?,,,,proton,False,False,False,,
5,404,p0404,0.8125,0.9,0.9,0.1,0.0,0.0,AUX,?,,,,electron,False,False,False,,
5,405,p0405,0.5688,0.5812,0.9,0.1,0.0,0.0,AUX,?,,,,photon,False,False,False,,
5,406,p0406,0.2469,0.3656,0.7,0.2,0.0,0.0,AUX,?,,,,neutron,False,False,False,,
5,407,p0407,1.3938,1.3938,1.0,0.0,0.0,0.0,AUX,?,,,,photon,False,False,False,,
5,408,p0408,0.4156,0.5156,0.6,0.4,0.0,0.0,AUX,?,,,,photon,False,False,False,,
5,409,p0409,0.1156,0.4469,0.8,0.2,0.0,0.0,AUX,?,,,,proton,False,False,False,,
5,410,p0410,-0.2156,0.3594,0.2,0.8,0.0,0.0,AUX,?,,,,photon,False,False,False,,
5,411,p0411,0.9969,1.1281,0.9,0.1,0.0,0.0,AUX,?,,,,electron,False,False,False,,
5,412,p0412,0.0938,0.4062,0.5,0.5,0.0,0.0,AUX,?,,,,proton,False,False,False,,
5,413,p0413,-0.8031,1.2531,0.1,0.9,1.0,0.1,AUX,?,,,,photon,False,False,False,,
5,414,p0414,-0.0219,0.5594,0.5,0.5,0.0,0.0,AUX,?,,,,neutron,False,False,False,,
5,415,p0415,-0.3688,0.5062,0.3,0.5,0.0,0.0,AUX,?,,,,proton,False,False,False,,
5,416,p0416,0.4,0.4875,0.9,0.1,0.0,0.0,AUX,?,,,,neutron,False,False,False,,
5,417,p0417,1.9625,1.9625,1.0,0.0,5.0,0.5,AUX,?,,,,photon,False,False,False,,
5,418,p0418,0.0781,0.6219,0.5,0.5,0.0,0.0,AUX,?,,,,photon,False,False,False,,
5,419,p0419,1.0906,1.0906,1.0,0.0,0.0,0.0,AUX,?,,,,photon,False,False,False,,
5,420,p0420,0.425,0.4375,0.9,0.1,0.0,0.0,AUX,?,,,,photon,False,False,False,,
5,421,p0421,0.0688,0.225,0.6,0.4,0.0,0.0,AUX,?,,,,proton,False,False,False,,
5,422,p0422,0.1438,0.3812,0.4,0.6,0.0,0.0,AUX,?,,,,neutron,False,False,False,,
5,423,p0423,-0.0062,0.2562,0.4,0.6,0.0,0.0,AUX,?,,,,electron,False,False,False,,
5,424,p0424,0.8125,0.8125,1.0,0.0,0.0,0.0,AUX,?,,,,photon,False,False,False,,
5,425,p0425,-0.0906,0.1969,0.3,0.6,0.0,0.0,AUX,?,,,,neutron,False,False,False,,
5,426,p0426,0.725,0.725,1.0,0.0,0.0,0.0,AUX,?,,,,proton,False,False,False,,
5,427,p0427,0.3844,0.5719,0.6,0.4,0.0,0.0,AUX,?,,,,proton,False,False,False,,
5,428,p0428,0.3625,0.4625,0.6,0.4,0.0,0.0,AUX,?,,,,electron,False,False,False,,
5,429,p0429,0.2312,0.4812,0.4,0.6,0.0,0.0,AUX,?,,,,electron,False,False,False,,
5,430,p0430,0.1875,0.1875,0.7,0.0,0.0,0.0,AUX,?,,,,electron,False,False,False,,
5,431,p0431,0.4906,0.4906,1.0,0.0,0.0,0.0,AUX,?,,,,neutron,False,False,False,,
5,432,p0432,0.6188,1.2062,0.5,0.4,3.0,0.3,AUX,?,,,,photon,False,False,False,,
5,433,p0433,0.1188,0.1938,0.5,0.4,0.0,0.0,AUX,?,,,,electron,False,False,False,,
5,434,p0434,-0.7,0.8125,0.1,0.9,0.0,0.0,AUX,?,,,,neutron,False,False,False,,
5,435,p0435,-0.0062,0.2062,0.3,0.7,0.0,0.0,AUX,?,,,,photon,False,False,False,,
5,436,p0436,0.6094,0.6969,0.9,0.1,0.0,0.0,AUX,?,,,,photon,False,False,False,,
5,437,p0437,0.4,0.4,1.0,0.0,0.0,0.0,AUX,?,,,,electron,False,False,False,,
5,438,p0438,1.2312,1.2312,1.0,0.0,0.0,0.0,AUX,?,,,,photon,False,False,False,,
5,439,p0439,0.5844,0.5844,0.9,0.0,0.0,0.0,AUX,?,,,,electron,False,False,False,,
5,440,p0440,0.1156,0.1844,0.6,0.4,0.0,0.0,AUX,?,,,,proton,False,False,False,,
5,441,p0441,0.175,0.3312,0.8,0.2,0.0,0.0,AUX,?,,,,proton,False,False,False,,
5,442,p0442,0.6,0.6875,0.8,0.2,0.0,0.0,AUX,?,,,,proton,False,False,False,,
5,443,p0443,2.625,2.625,1.0,0.0,8.0,0.8,AUX,?,,,,photon,False,False,False,,
5,444,p0444,0.7594,0.7844,0.9,0.1,0.0,0.0,AUX,?,,,,electron,False,False,False,,
5,445,p0445,0.9188,0.9188,1.0,0.0,0.0,0.0,AUX,?,,,,electron,False,False,False,,
5,446,p0446,0.175,0.3312,0.8,0.2,0.0,0.0,AUX,?,,,,photon,False,False,False,,
6,0,p0000,-1.7422,1.7422,0.0,1.0,0.0,0.0,AUX,?,,,,electron,False,False,False,,
6,1,p0001,-1.8594,1.8594,0.0,1.0,0.0,0.0,AUX,?,,,,electron,False,False,False,,
6,2,p0002,-0.3438,0.3438,0.0,1.0,0.0,0.0,AUX,?,,,,neutron,False,False,False,,
6,3,p0003,-0.6094,0.6094,0.0,1.0,0.0,0.0,AUX,?,,,,neutron,False,False,False,,
6,4,p0004,-0.7344,0.7344,0.0,1.0,0.0,0.0,AUX,?,,,,neutron,False,False,False,,
6,5,p0005,-0.5156,0.5156,0.0,1.0,0.0,0.0,AUX,?,,,,photon,False,False,False,,
6,6,p0006,0.0469,0.0781,0.75,0.25,0.0,0.0,AUX,?,,,,neutron,False,False,False,,
6,7,p0007,-1.1484,1.1484,0.0,1.0,0.0,0.0,AUX,?,,,,electron,False,False,False,,
6,8,p0008,-0.6719,0.6719,0.0,1.0,0.0,0.0,AUX,?,,,,proton,False,False,False,,
6,9,p0009,-0.5625,0.5625,0.0,1.0,0.0,0.0,AUX,?,,,,proton,False,False,False,,
6,10,p0010,-0.3203,0.3203,0.0,1.0,0.0,0.0,AUX,?,,,,proton,False,False,False,,
6,11,p0011,-1.0703,1.0703,0.0,1.0,0.0,0.0,AUX,?,,,,photon,False,False,False,,
6,12,p0012,-0.4609,0.4609,0.0,1.0,0.0,0.0,AUX,?,,,,neutron,False,False,False,,
6,13,p0013,-0.3438,0.3438,0.0,1.0,0.0,0.0,AUX,?,,,,neutron,False,False,False,,
6,14,p0014,0.0781,0.1406,0.5,0.25,0.0,0.0,AUX,?,,,,neutron,False,False,False,,
6,15,p0015,-0.9102,0.9102,0.0,1.0,0.0,0.0,AUX,?,,,,neutron,False,False,False,,
6,16,p0016,-0.6719,0.6719,0.0,1.0,0.0,0.0,AUX,?,,,,photon,False,False,False,,
6,17,p0017,1.4609,1.4609,1.0,0.0,1.0,0.25,AUX,?,,,,photon,False,False,False,,
6,18,p0018,0.7969,0.7969,1.0,0.0,0.0,0.0,AUX,?,,,,neutron,False,False,False,,
6,19,p0019,-0.3047,0.3047,0.0,1.0,0.0,0.0,AUX,?,,,,proton,False,False,False,,
6,20,p0020,-0.1172,0.1172,0.0,1.0,0.0,0.0,AUX,?,,,,photon,False,False,False,,
6,21,p0021,-0.0469,0.0469,0.0,0.5,0.0,0.0,AUX,?,,,,electron,False,False,False,,
6,22,p0022,-1.5859,1.5859,0.0,1.0,0.0,0.0,AUX,?,,,,proton,False,False,False,,
6,23,p0023,0.4414,0.4414,1.0,0.0,0.0,0.0,AUX,?,,,,proton,False,False,False,,
6,24,p0024,-1.5469,1.5469,0.0,1.0,0.0,0.0,AUX,?,,,,electron,False,False,False,,
6,25,p0025,-0.7422,0.7422,0.0,1.0,0.0,0.0,AUX,?,,,,photon,False,False,False,,
6,26,p0026,0.0391,0.0391,0.5,0.0,0.0,0.0,AUX,?,,,,proton,False,False,False,,
6,27,p0027,-0.625,0.625,0.0,1.0,0.0,0.0,AUX,?,,,,proton,False,False,False,,
6,28,p0028,-1.0156,1.0156,0.0,1.0,0.0,0.0,AUX,?,,,,photon,False,False,False,,
6,29,p0029,0.0469,0.0469,0.5,0.0,0.0,0.0,AUX,?,,,,electron,False,False,False,,
6,30,p0030,0.1484,0.1484,1.0,0.0,0.0,0.0,AUX,?,,,,proton,False,False,False,,
6,31,p0031,-1.0781,1.0781,0.0,1.0,0.0,0.0,AUX,?,,,,electron,False,False,False,,
6,32,p0032,-0.8086,0.8086,0.0,1.0,0.0,0.0,AUX,?,,,,electron,False,False,False,,
6,33,p0033,-0.6641,0.6641,0.0,1.0,0.0,0.0,AUX,?,,,,proton,False,False,False,,
6,34,p0034,-1.9062,1.9062,0.0,1.0,0.0,0.0,AUX,?,,,,photon,False,False,False,,
6,35,p0035,1.0625,1.0625,1.0,0.0,0.0,0.0,AUX,?,,,,photon,False,False,False,,
6,36,p0036,-0.3828,0.3828,0.0,1.0,0.0,0.0,AUX,?,,,,neutron,False,False,False,,
6,37,p0037,-1.0859,1.0859,0.0,1.0,0.0,0.0,AUX,?,,,,neutron,False,False,False,,
6,38,p0038,0.0625,0.0625,0.75,0.0,0.0,0.0,AUX,?,,,,neutron,False,False,False,,
6,39,p0039,-0.8594,0.8594,0.0,1.0,0.0,0.0,AUX,?,,,,proton,False,False,False,,
6,40,p0040,-0.7305,0.7305,0.0,1.0,0.0,0.0,AUX,?,,,,proton,False,False,False,,
6,41,p0041,-0.6562,0.6562,0.0,1.0,0.0,0.0,AUX,?,,,,electron,False,False,False,,
6,42,p0042,-0.5156,0.5156,0.0,1.0,0.0,0.0,AUX,?,,,,electron,False,False,False,,
6,43,p0043,0.0,0.0312,0.25,0.25,0.0,0.0,AUX,?,,,,photon,False,False,False,,
6,44,p0044,-0.8438,0.8438,0.0,1.0,0.0,0.0,AUX,?,,,,neutron,False,False,False,,
6,45,p0045,-1.2969,1.2969,0.0,1.0,0.0,0.0,AUX,?,,,,neutron,False,False,False,,
6,46,p0046,0.3281,0.3281,1.0,0.0,0.0,0.0,AUX,?,,,,neutron,False,False,False,,
6,47,p0047,0.4297,0.4297,1.0,0.0,0.0,0.0,AUX,?,,,,photon,False,False,False,,
6,48,p0048,0.4531,0.4531,1.0,0.0,0.0,0.0,AUX,?,,,,electron,False,False,False,,
6,49,p0049,0.8203,0.8203,1.0,0.0,0.0,0.0,AUX,?,,,,photon,False,False,False,,
6,50,p0050,-0.3594,0.3594,0.0,0.75,0.0,0.0,AUX,?,,,,neutron,False,False,False,,
6,51,p0051,-1.9844,1.9844,0.0,1.0,2.0,0.5,AUX,?,,,,proton,False,False,False,,
6,52,p0052,0.0391,0.0703,0.5,0.25,0.0,0.0,AUX,?,,,,neutron,False,False,False,,
6,53,p0053,0.2266,0.2266,0.75,0.0,0.0,0.0,AUX,?,,,,photon,False,False,False,,
6,54,p0054,-0.9531,0.9531,0.0,1.0,0.0,0.0,AUX,?,,,,electron,False,False,False,,
6,55,p0055,-0.5859,0.5859,0.0,1.0,0.0,0.0,AUX,?,,,,electron,False,False,False,,
6,56,p0056,-0.5469,0.5469,0.0,1.0,0.0,0.0,AUX,?,,,,neutron,False,False,False,,
6,57,p0057,-1.1484,1.1484,0.0,1.0,0.0,0.0,AUX,?,,,,neutron,False,False,False,,
6,58,p0058,-0.8203,0.8203,0.0,1.0,0.0,0.0,AUX,?,,,,photon,False,False,False,,
6,59,p0059,0.8125,0.8125,1.0,0.0,0.0,0.0,AUX,?,,,,photon,False,False,False,,
6,60,p0060,-0.1328,0.1328,0.0,1.0,0.0,0.0,AUX,?,,,,proton,False,False,False,,
6,61,p0061,-2.1875,2.1875,0.0,1.0,3.0,0.75,AUX,?,,,,neutron,False,False,False,,
6,62,p0062,-0.5469,0.5469,0.0,1.0,0.0,0.0,AUX,?,,,,photon,False,False,False,,
6,63,p0063,-1.0781,1.0781,0.0,1.0,0.0,0.0,AUX,?,,,,photon,False,False,False,,
6,64,p0064,-0.1797,0.1797,0.0,1.0,0.0,0.0,AUX,?,,,,proton,False,False,False,,
6,65,p0065,0.3516,0.3516,1.0,0.0,0.0,0.0,AUX,?,,,,photon,False,False,False,,
6,66,p0066,-0.4219,0.4219,0.0,1.0,0.0,0.0,AUX,?,,,,proton,False,False,False,,
6,67,p0067,0.5469,0.5469,1.0,0.0,0.0,0.0,AUX,?,,,,photon,False,False,False,,
6,68,p0068,-0.375,0.375,0.0,1.0,0.0,0.0,AUX,?,,,,neutron,False,False,False,,
6,69,p0069,-0.7656,0.7656,0.0,1.0,0.0,0.0,AUX,?,,,,photon,False,False,False,,
6,70,p0070,-1.1094,1.1094,0.0,1.0,0.0,0.0,AUX,?,,,,proton,False,False,False,,
6,71,p0071,-0.6484,0.6484,0.0,1.0,0.0,0.0,AUX,?,,,,proton,False,False,False,,
6,72,p0072,0.1797,0.2266,0.75,0.25,0.0,0.0,AUX,?,,,,electron,False,False,False,,
6,73,p0073,-0.125,0.125,0.0,1.0,0.0,0.0,AUX,?,,,,neutron,False,False,False,,
6,74,p0074,-0.875,0.875,0.0,1.0,0.0,0.0,AUX,?,,,,proton,False,False,False,,
6,75,p0075,0.5625,0.5625,1.0,0.0,0.0,0.0,AUX,?,,,,photon,False,False,False,,
6,76,p0076,-0.875,0.875,0.0,1.0,0.0,0.0,AUX,?,,,,neutron,False,False,False,,
6,77,p0077,-0.0156,0.0469,0.25,0.75,0.0,0.0,AUX,?,,,,photon,False,False,False,,
6,78,p0078,-0.5625,0.5625,0.0,1.0,0.0,0.0,AUX,?,,,,photon,False,False,False,,
6,79,p0079,0.6562,0.6562,1.0,0.0,0.0,0.0,AUX,?,,,,photon,False,False,False,,
6,80,p0080,0.5,0.5,1.0,0.0,0.0,0.0,AUX,?,,,,neutron,False,False,False,,
6,81,p0081,-0.4219,0.4219,0.0,1.0,0.0,0.0,AUX,?,,,,neutron,False,False,False,,
6,82,p0082,-0.3047,0.3047,0.0,1.0,0.0,0.0,AUX,?,,,,photon,False,False,False,,
6,83,p0083,-0.3438,0.3438,0.0,1.0,0.0,0.0,AUX,?,,,,neutron,False,False,False,,
6,84,p0084,-0.4688,0.4688,0.0,1.0,0.0,0.0,AUX,?,,,,electron,False,False,False,,
6,85,p0085,-1.2031,1.2031,0.0,1.0,0.0,0.0,AUX,?,,,,proton,False,False,False,,
6,86,p0086,-0.3125,0.3125,0.0,1.0,0.0,0.0,AUX,?,,,,neutron,False,False,False,,
6,87,p0087,-0.75,0.75,0.0,1.0,0.0,0.0,AUX,?,,,,neutron,False,False,False,,
6,88,p0088,0.1719,0.1719,1.0,0.0,0.0,0.0,AUX,?,,,,neutron,False,False,False,,
6,89,p0089,-0.375,0.375,0.0,1.0,0.0,0.0,AUX,?,,,,proton,False,False,False,,
6,90,p0090,0.7969,0.7969,1.0,0.0,0.0,0.0,AUX,?,,,,neutron,False,False,False,,
6,91,p0091,-0.25,0.25,0.0,1.0,0.0,0.0,AUX,?,,,,photon,False,False,False,,
6,92,p0092,-0.8828,0.8828,0.0,1.0,0.0,0.0,AUX,?,,,,photon,False,False,False,,
6,93,p0093,-1.2188,1.2188,0.0,1.0,0.0,0.0,AUX,?,,,,neutron,False,False,False,,
6,94,p0094,-1.1094,1.1094,0.0,1.0,0.0,0.0,AUX,?,,,,electron,False,False,False,,
6,95,p0095,-0.2109,0.2109,0.0,1.0,0.0,0.0,AUX,?,,,,neutron,False,False,False,,
6,96,p0096,-1.9844,1.9844,0.0,1.0,2.0,0.5,AUX,?,,,,photon,False,False,False,,
6,97,p0097,-0.625,0.625,0.0,1.0,0.0,0.0,AUX,?,,,,neutron,False,False,False,,
6,98,p0098,-1.0781,1.0781,0.0,1.0,0.0,0.0,AUX,?,,,,electron,False,False,False,,
6,99,p0099,-0.4531,0.4531,0.0,1.0,0.0,0.0,AUX,?,,,,neutron,False,False,False,,
6,100,p0100,-1.2031,1.2031,0.0,1.0,0.0,0.0,AUX,?,,,,proton,False,False,False,,
6,101,p0101,0.1328,0.1328,1.0,0.0,0.0,0.0,AUX,?,,,,proton,False,False,False,,
6,102,p0102,-0.1094,0.1406,0.25,0.75,0.0,0.0,AUX,?,,,,neutron,False,False,False,,
6,103,p0103,-0.4453,0.4453,0.0,1.0,0.0,0.0,AUX,?,,,,proton,False,False,False,,
6,104,p0104,-0.9766,0.9766,0.0,1.0,0.0,0.0,AUX,?,,,,electron,False,False,False,,
6,105,p0105,-1.9531,1.9531,0.0,1.0,0.0,0.0,AUX,?,,,,neutron,False,False,False,,
6,106,p0106,-0.2031,0.2031,0.0,1.0,0.0,0.0,AUX,?,,,,neutron,False,False,False,,
6,107,p0107,-0.2031,0.2031,0.0,1.0,0.0,0.0,AUX,?,,,,electron,False,False,False,,
6,108,p0108,-1.8359,1.8359,0.0,1.0,1.0,0.25,AUX,?,,,,neutron,False,False,False,,
6,109,p0109,-0.4688,0.4688,0.0,1.0,0.0,0.0,AUX,?,,,,photon,False,False,False,,
6,110,p0110,0.0156,0.0469,0.25,0.25,0.0,0.0,AUX,?,,,,neutron,False,False,False,,
6,111,p0111,-0.6016,0.6016,0.0,1.0,0.0,0.0,AUX,?,,,,electron,False,False,False,,
6,112,p0112,-0.2344,0.2344,0.0,1.0,0.0,0.0,AUX,?,,,,electron,False,False,False,,
6,113,p0113,-0.625,0.625,0.0,1.0,0.0,0.0,AUX,?,,,,neutron,False,False,False,,
6,114,p0114,-0.0781,0.1094,0.25,0.75,0.0,0.0,AUX,?,,,,neutron,False,False,False,,
6,115,p0115,-0.4141,0.4141,0.0,1.0,0.0,0.0,AUX,?,,,,photon,False,False,False,,
6,116,p0116,0.2656,0.2656,1.0,0.0,0.0,0.0,AUX,?,,,,electron,False,False,False,,
6,117,p0117,-1.0742,1.0742,0.0,1.0,0.0,0.0,AUX,?,,,,electron,False,False,False,,
6,118,p0118,-0.3438,0.3438,0.0,1.0,0.0,0.0,AUX,?,,,,electron,False,False,False,,
6,119,p0119,-0.8438,0.8438,0.0,1.0,0.0,0.0,AUX,?,,,,neutron,False,False,False,,
6,120,p0120,-1.0859,1.0859,0.0,1.0,0.0,0.0,AUX,?,,,,neutron,False,False,False,,
6,121,p0121,-2.9375,2.9375,0.0,1.0,4.0,1.0,AUX,?,,,,neutron,False,False,False,,
6,122,p0122,0.4141,0.4141,1.0,0.0,0.0,0.0,AUX,?,,,,photon,False,False,False,,
6,123,p0123,-0.125,0.125,0.0,1.0,0.0,0.0,AUX,?,,,,photon,False,False,False,,
6,124,p0124,-1.3125,1.3125,0.0,1.0,0.0,0.0,AUX,?,,,,neutron,False,False,False,,
6,125,p0125,-0.0312,0.0625,0.25,0.5,0.0,0.0,AUX,?,,,,neutron,False,False,False,,
6,126,p0126,-0.5547,0.5547,0.0,1.0,0.0,0.0,AUX,?,,,,electron,False,False,False,,
6,127,p0127,-1.7188,1.7188,0.0,1.0,0.0,0.0,AUX,?,,,,photon,False,False,False,,
6,128,p0128,-0.9531,0.9531,0.0,1.0,0.0,0.0,AUX,?,,,,photon,False,False,False,,
6,129,p0129,-0.5234,0.5234,0.0,1.0,0.0,0.0,AUX,?,,,,electron,False,False,False,,
6,130,p0130,-0.5,0.5,0.0,1.0,0.0,0.0,AUX,?,,,,photon,False,False,False,,
6,131,p0131,-0.9375,0.9375,0.0,1.0,0.0,0.0,AUX,?,,,,neutron,False,False,False,,
6,132,p0132,-0.0312,0.2188,0.5,0.5,0.0,0.0,AUX,?,,,,photon,False,False,False,,
6,133,p0133,-1.8281,1.8281,0.0,1.0,0.0,0.0,AUX,?,,,,neutron,False,False,False,,
6,134,p0134,-0.5156,0.5156,0.0,0.75,0.0,0.0,AUX,?,,,,neutron,False,False,False,,
6,135,p0135,-0.7578,0.7578,0.0,1.0,0.0,0.0,AUX,?,,,,proton,False,False,False,,
6,136,p0136,0.0898,0.0898,1.0,0.0,0.0,0.0,AUX,?,,,,neutron,False,False,False,,
6,137,p0137,-1.25,1.25,0.0,1.0,0.0,0.0,AUX,?,,,,proton,False,False,False,,
6,138,p0138,-0.7969,0.7969,0.0,1.0,0.0,0.0,AUX,?,,,,neutron,False,False,False,,
6,139,p0139,0.1875,0.1875,1.0,0.0,0.0,0.0,AUX,?,,,,electron,False,False,False,,
6,140,p0140,-0.2656,0.2656,0.0,1.0,0.0,0.0,AUX,?,,,,electron,False,False,False,,
6,141,p0141,-1.2656,1.2656,0.0,1.0,0.0,0.0,AUX,?,,,,electron,False,False,False,,
6,142,p0142,-2.7188,2.7188,0.0,1.0,4.0,1.0,AUX,?,,,,neutron,False,False,False,,
6,143,p0143,0.125,0.125,0.75,0.0,0.0,0.0,AUX,?,,,,electron,False,False,False,,
6,144,p0144,0.7344,0.7344,1.0,0.0,0.0,0.0,AUX,?,,,,proton,False,False,False,,
6,145,p0145,0.2891,0.4609,0.5,0.5,0.0,0.0,AUX,?,,,,photon,False,False,False,,
6,146,p0146,-0.0273,0.0742,0.25,0.5,0.0,0.0,AUX,?,,,,neutron,False,False,False,,
6,147,p0147,0.8125,0.8125,1.0,0.0,0.0,0.0,AUX,?,,,,photon,False,False,False,,
6,148,p0148,0.2656,0.2656,1.0,0.0,0.0,0.0,AUX,?,,,,photon,False,False,False,,
6,149,p0149,-0.7344,0.7344,0.0,1.0,0.0,0.0,AUX,?,,,,electron,False,False,False,,
6,150,p0150,-0.8125,0.8125,0.0,1.0,0.0,0.0,AUX,?,,,,proton,False,False,False,,
6,151,p0151,0.2188,0.2188,0.75,0.0,0.0,0.0,AUX,?,,,,photon,False,False,False,,
6,152,p0152,-0.7188,0.7188,0.0,1.0,0.0,0.0,AUX,?,,,,proton,False,False,False,,
6,153,p0153,0.4766,0.4766,1.0,0.0,0.0,0.0,AUX,?,,,,neutron,False,False,False,,
6,154,p0154,0.375,0.375,1.0,0.0,0.0,0.0,AUX,?,,,,neutron,False,False,False,,
6,155,p0155,-1.5938,1.5938,0.0,1.0,0.0,0.0,AUX,?,,,,neutron,False,False,False,,
6,156,p0156,-0.2969,0.2969,0.0,1.0,0.0,0.0,AUX,?,,,,neutron,False,False,False,,
6,157,p0157,0.375,0.375,1.0,0.0,0.0,0.0,AUX,?,,,,neutron,False,False,False,,
6,158,p0158,-0.5391,0.5391,0.0,1.0,0.0,0.0,AUX,?,,,,neutron,False,False,False,,
6,159,p0159,0.0547,0.0703,0.75,0.25,0.0,0.0,AUX,?,,,,photon,False,False,False,,
6,160,p0160,-1.2109,1.2109,0.0,1.0,0.0,0.0,AUX,?,,,,electron,False,False,False,,
6,161,p0161,0.3594,0.3594,1.0,0.0,0.0,0.0,AUX,?,,,,photon,False,False,False,,
6,162,p0162,-0.1484,0.2109,0.25,0.75,0.0,0.0,AUX,?,,,,photon,False,False,False,,
6,163,p0163,-0.3672,0.3672,0.0,1.0,0.0,0.0,AUX,?,,,,photon,False,False,False,,
6,164,p0164,-1.4453,1.4453,0.0,1.0,0.0,0.0,AUX,?,,,,neutron,False,False,False,,
6,165,p0165,0.5078,0.5078,1.0,0.0,0.0,0.0,AUX,?,,,,photon,False,False,False,,
6,166,p0166,0.1328,0.1484,0.75,0.25,0.0,0.0,AUX,?,,,,neutron,False,False,False,,
6,167,p0167,1.0703,1.0703,1.0,0.0,0.0,0.0,AUX,?,,,,photon,False,False,False,,
6,168,p0168,-0.2188,0.2188,0.0,1.0,0.0,0.0,AUX,?,,,,proton,False,False,False,,
6,169,p0169,-0.7109,0.7109,0.0,1.0,0.0,0.0,AUX,?,,,,electron,False,False,False,,
6,170,p0170,-0.7344,0.7344,0.0,1.0,0.0,0.0,AUX,?,,,,neutron,False,False,False,,
6,171,p0171,-0.6953,0.6953,0.0,1.0,0.0,0.0,AUX,?,,,,proton,False,False,False,,
6,172,p0172,-0.375,0.375,0.0,1.0,0.0,0.0,AUX,?,,,,neutron,False,False,False,,
6,173,p0173,1.125,1.125,1.0,0.0,0.0,0.0,AUX,?,,,,photon,False,False,False,,
6,174,p0174,-0.1094,0.1719,0.25,0.75,0.0,0.0,AUX,?,,,,neutron,False,False,False,,
6,175,p0175,-0.75,0.75,0.0,1.0,0.0,0.0,AUX,?,,,,neutron,False,False,False,,
6,176,p0176,0.5469,0.5469,1.0,0.0,0.0,0.0,AUX,?,,,,photon,False,False,False,,
6,177,p0177,-1.9375,1.9375,0.0,1.0,1.0,0.25,AUX,?,,,,photon,False,False,False,,
6,178,p0178,-1.2031,1.2031,0.0,1.0,0.0,0.0,AUX,?,,,,neutron,False,False,False,,
6,179,p0179,-1.3359,1.3359,0.0,1.0,0.0,0.0,AUX,?,,,,photon,False,False,False,,
6,180,p0180,0.0312,0.0938,0.75,0.25,0.0,0.0,AUX,?,,,,photon,False,False,False,,
6,181,p0181,-1.7812,1.7812,0.0,1.0,0.0,0.0,AUX,?,,,,electron,False,False,False,,
6,182,p0182,0.2656,0.2656,1.0,0.0,0.0,0.0,AUX,?,,,,neutron,False,False,False,,
6,183,p0183,0.1172,0.1172,1.0,0.0,0.0,0.0,AUX,?,,,,proton,False,False,False,,
6,184,p0184,-0.0781,0.0781,0.0,0.75,0.0,0.0,AUX,?,,,,neutron,False,False,False,,
6,185,p0185,-1.0,1.0,0.0,1.0,0.0,0.0,AUX,?,,,,electron,False,False,False,,
6,186,p0186,1.5234,1.5234,1.0,0.0,0.0,0.0,AUX,?,,,,photon,False,False,False,,
6,187,p0187,-1.6875,1.6875,0.0,1.0,0.0,0.0,AUX,?,,,,neutron,False,False,False,,
6,188,p0188,0.0547,0.1016,0.75,0.25,0.0,0.0,AUX,?,,,,photon,False,False,False,,
6,189,p0189,-0.0469,0.1094,0.25,0.75,0.0,0.0,AUX,?,,,,photon,False,False,False,,
6,190,p0190,-1.3516,1.3516,0.0,1.0,0.0,0.0,AUX,?,,,,neutron,False,False,False,,
6,191,p0191,0.6719,0.6719,1.0,0.0,0.0,0.0,AUX,?,,,,photon,False,False,False,,
6,192,p0192,-0.0156,0.1094,0.25,0.5,0.0,0.0,AUX,?,,,,proton,False,False,False,,
6,193,p0193,-0.8828,0.8828,0.0,1.0,0.0,0.0,AUX,?,,,,photon,False,False,False,,
6,194,p0194,-0.3594,0.3594,0.0,1.0,0.0,0.0,AUX,?,,,,proton,False,False,False,,
6,195,p0195,-0.8281,0.8281,0.0,1.0,0.0,0.0,AUX,?,,,,photon,False,False,False,,
6,196,p0196,-1.0,1.0,0.0,1.0,0.0,0.0,AUX,?,,,,neutron,False,False,False,,
6,197,p0197,-0.4609,0.4609,0.0,1.0,0.0,0.0,AUX,?,,,,neutron,False,False,False,,
6,198,p0198,0.4453,0.4453,1.0,0.0,0.0,0.0,AUX,?,,,,photon,False,False,False,,
6,199,p0199,-0.625,0.625,0.0,1.0,0.0,0.0,AUX,?,,,,electron,False,False,False,,
6,200,p0200,-0.2969,0.2969,0.0,1.0,0.0,0.0,AUX,?,,,,proton,False,False,False,,
6,201,p0201,-0.5469,0.5469,0.0,1.0,0.0,0.0,AUX,?,,,,photon,False,False,False,,
6,202,p0202,0.5234,0.5234,1.0,0.0,0.0,0.0,AUX,?,,,,neutron,False,False,False,,
6,203,p0203,-0.1406,0.1406,0.0,1.0,0.0,0.0,AUX,?,,,,electron,False,False,False,,
6,204,p0204,-0.5156,0.5156,0.0,1.0,0.0,0.0,AUX,?,,,,proton,False,False,False,,
6,205,p0205,-0.7969,0.7969,0.0,1.0,0.0,0.0,AUX,?,,,,proton,False,False,False,,
6,206,p0206,0.2031,0.3281,0.75,0.25,0.0,0.0,AUX,?,,,,proton,False,False,False,,
6,207,p0207,-2.0,2.0,0.0,1.0,2.0,0.5,AUX,?,,,,neutron,False,False,False,,
6,208,p0208,-0.6406,0.6406,0.0,1.0,0.0,0.0,AUX,?,,,,photon,False,False,False,,
6,209,p0209,-1.4219,1.4219,0.0,1.0,0.0,0.0,AUX,?,,,,neutron,False,False,False,,
6,210,p0210,-0.9688,0.9688,0.0,1.0,0.0,0.0,AUX,?,,,,neutron,False,False,False,,
6,211,p0211,-0.0547,0.0703,0.25,0.75,0.0,0.0,AUX,?,,,,proton,False,False,False,,
6,212,p0212,-2.1562,2.1562,0.0,1.0,4.0,1.0,AUX,?,,,,photon,False,False,False,,
6,213,p0213,-0.5078,0.5078,0.0,1.0,0.0,0.0,AUX,?,,,,photon,False,False,False,,
6,214,p0214,-0.4844,0.4844,0.0,1.0,0.0,0.0,AUX,?,,,,electron,False,False,False,,
6,215,p0215,-0.3984,0.3984,0.0,1.0,0.0,0.0,AUX,?,,,,proton,False,False,False,,
6,216,p0216,0.6094,0.6094,1.0,0.0,0.0,0.0,AUX,?,,,,neutron,False,False,False,,
6,217,p0217,-0.9062,0.9062,0.0,1.0,0.0,0.0,AUX,?,,,,neutron,False,False,False,,
6,218,p0218,-0.6406,0.6406,0.0,1.0,0.0,0.0,AUX,?,,,,electron,False,False,False,,
6,219,p0219,-0.4219,0.4219,0.0,1.0,0.0,0.0,AUX,?,,,,electron,False,False,False,,
6,220,p0220,-0.0469,0.1406,0.5,0.5,0.0,0.0,AUX,?,,,,neutron,False,False,False,,
6,221,p0221,-0.625,0.625,0.0,1.0,0.0,0.0,AUX,?,,,,photon,False,False,False,,
6,222,p0222,-0.6484,0.6484,0.0,1.0,0.0,0.0,AUX,?,,,,photon,False,False,False,,
6,223,p0223,-1.1875,1.1875,0.0,1.0,0.0,0.0,AUX,?,,,,photon,False,False,False,,
6,224,p0224,-1.3125,1.3125,0.0,1.0,0.0,0.0,AUX,?,,,,electron,False,False,False,,
6,225,p0225,-0.5625,0.5625,0.0,1.0,0.0,0.0,AUX,?,,,,photon,False,False,False,,
6,226,p0226,-0.6641,0.6641,0.0,1.0,0.0,0.0,AUX,?,,,,photon,False,False,False,,
6,227,p0227,0.7578,0.7578,1.0,0.0,0.0,0.0,AUX,?,,,,photon,False,False,False,,
6,228,p0228,0.4219,0.4219,1.0,0.0,0.0,0.0,AUX,?,,,,photon,False,False,False,,
6,229,p0229,-0.0234,0.0234,0.0,0.25,0.0,0.0,AUX,?,,,,proton,False,False,False,,
6,230,p0230,-0.1719,0.1719,0.0,1.0,0.0,0.0,AUX,?,,,,neutron,False,False,False,,
6,231,p0231,0.5,0.5,1.0,0.0,0.0,0.0,AUX,?,,,,photon,False,False,False,,
6,232,p0232,-0.0391,0.1484,0.25,0.75,0.0,0.0,AUX,?,,,,proton,False,False,False,,
6,233,p0233,-1.3516,1.3516,0.0,1.0,0.0,0.0,AUX,?,,,,photon,False,False,False,,
6,234,p0234,0.2188,0.2188,1.0,0.0,0.0,0.0,AUX,?,,,,photon,False,False,False,,
6,235,p0235,-0.125,0.125,0.0,1.0,0.0,0.0,AUX,?,,,,photon,False,False,False,,
6,236,p0236,-0.3281,0.3281,0.0,1.0,0.0,0.0,AUX,?,,,,electron,False,False,False,,
6,237,p0237,-1.8281,1.8281,0.0,1.0,0.0,0.0,AUX,?,,,,proton,False,False,False,,
6,238,p0238,-0.5078,0.5078,0.0,1.0,0.0,0.0,AUX,?,,,,proton,False,False,False,,
6,239,p0239,0.6094,0.6094,1.0,0.0,0.0,0.0,AUX,?,,,,neutron,False,False,False,,
6,240,p0240,0.8438,0.8438,1.0,0.0,0.0,0.0,AUX,?,,,,photon,False,False,False,,
6,241,p0241,-0.5391,0.5391,0.0,1.0,0.0,0.0,AUX,?,,,,proton,False,False,False,,
6,242,p0242,0.2734,0.2734,1.0,0.0,0.0,0.0,AUX,?,,,,photon,False,False,False,,
6,243,p0243,-0.8359,0.8359,0.0,1.0,0.0,0.0,AUX,?,,,,neutron,False,False,False,,
6,244,p0244,-0.3516,0.3516,0.0,1.0,0.0,0.0,AUX,?,,,,proton,False,False,False,,
6,245,p0245,-0.5391,0.5391,0.0,1.0,0.0,0.0,AUX,?,,,,photon,False,False,False,,
6,246,p0246,-3.7422,3.7422,0.0,1.0,4.0,1.0,AUX,?,,,,neutron,False,False,False,,
6,247,p0247,0.1328,0.1797,0.5,0.5,0.0,0.0,AUX,?,,,,photon,False,False,False,,
6,248,p0248,-0.4688,0.4688,0.0,1.0,0.0,0.0,AUX,?,,,,photon,False,False,False,,
6,249,p0249,0.6562,0.6562,1.0,0.0,0.0,0.0,AUX,?,,,,photon,False,False,False,,
6,250,p0250,0.5,0.5,1.0,0.0,0.0,0.0,AUX,?,,,,photon,False,False,False,,
6,251,p0251,-0.1641,0.1641,0.0,1.0,0.0,0.0,AUX,?,,,,photon,False,False,False,,
6,252,p0252,-0.4375,0.4375,0.0,1.0,0.0,0.0,AUX,?,,,,neutron,False,False,False,,
6,253,p0253,-1.1094,1.1094,0.0,1.0,0.0,0.0,AUX,?,,,,photon,False,False,False,,
6,254,p0254,-0.3438,0.3438,0.0,1.0,0.0,0.0,AUX,?,,,,neutron,False,False,False,,
6,255,p0255,0.1094,0.1094,1.0,0.0,0.0,0.0,AUX,?,,,,photon,False,False,False,,
6,256,p0256,-0.3516,0.3516,0.0,1.0,0.0,0.0,AUX,?,,,,photon,False,False,False,,
6,257,p0257,-0.0625,0.0938,0.25,0.5,0.0,0.0,AUX,?,,,,proton,False,False,False,,
6,258,p0258,-0.4531,0.4531,0.0,1.0,0.0,0.0,AUX,?,,,,neutron,False,False,False,,
6,259,p0259,-0.2344,0.2344,0.0,1.0,0.0,0.0,AUX,?,,,,electron,False,False,False,,
6,260,p0260,-0.9766,0.9766,0.0,1.0,0.0,0.0,AUX,?,,,,electron,False,False,False,,
6,261,p0261,0.8906,0.8906,1.0,0.0,0.0,0.0,AUX,?,,,,photon,False,False,False,,
6,262,p0262,-1.3906,1.3906,0.0,1.0,0.0,0.0,AUX,?,,,,neutron,False,False,False,,
6,263,p0263,-0.9297,0.9297,0.0,1.0,0.0,0.0,AUX,?,,,,electron,False,False,False,,
6,264,p0264,0.3906,0.3906,1.0,0.0,0.0,0.0,AUX,?,,,,photon,False,False,False,,
6,265,p0265,-1.2344,1.2344,0.0,1.0,0.0,0.0,AUX,?,,,,proton,False,False,False,,
6,266,p0266,-1.5938,1.5938,0.0,1.0,0.0,0.0,AUX,?,,,,electron,False,False,False,,
6,267,p0267,-1.9531,1.9531,0.0,1.0,1.0,0.25,AUX,?,,,,proton,False,False,False,,
6,268,p0268,-1.0,1.0,0.0,1.0,0.0,0.0,AUX,?,,,,proton,False,False,False,,
6,269,p0269,-1.1406,1.1406,0.0,1.0,0.0,0.0,AUX,?,,,,photon,False,False,False,,
6,270,p0270,-0.7344,0.7344,0.0,1.0,0.0,0.0,AUX,?,,,,neutron,False,False,False,,
6,271,p0271,-0.4219,0.4219,0.0,1.0,0.0,0.0,AUX,?,,,,electron,False,False,False,,
6,272,p0272,-1.4531,1.4531,0.0,1.0,0.0,0.0,AUX,?,,,,neutron,False,False,False,,
6,273,p0273,0.5469,0.5469,1.0,0.0,0.0,0.0,AUX,?,,,,neutron,False,False,False,,
6,274,p0274,-1.1914,1.1914,0.0,1.0,0.0,0.0,AUX,?,,,,electron,False,False,False,,
6,275,p0275,-1.0391,1.0391,0.0,1.0,0.0,0.0,AUX,?,,,,neutron,False,False,False,,
6,276,p0276,-0.2188,0.2188,0.0,1.0,0.0,0.0,AUX,?,,,,proton,False,False,False,,
6,277,p0277,-0.8633,0.8633,0.0,1.0,0.0,0.0,AUX,?,,,,neutron,False,False,False,,
6,278,p0278,-1.1172,1.1172,0.0,1.0,0.0,0.0,AUX,?,,,,photon,False,False,False,,
6,279,p0279,0.7109,0.7109,1.0,0.0,0.0,0.0,AUX,?,,,,photon,False,False,False,,
6,280,p0280,-0.0625,0.2812,0.25,0.75,0.0,0.0,AUX,?,,,,photon,False,False,False,,
6,281,p0281,-0.6172,0.6172,0.0,1.0,0.0,0.0,AUX,?,,,,proton,False,False,False,,
6,282,p0282,-0.3984,0.3984,0.0,1.0,0.0,0.0,AUX,?,,,,electron,False,False,False,,
6,283,p0283,-1.4609,1.4609,0.0,1.0,0.0,0.0,AUX,?,,,,neutron,False,False,False,,
6,284,p0284,-0.7812,0.7812,0.0,1.0,0.0,0.0,AUX,?,,,,proton,False,False,False,,
6,285,p0285,-1.3359,1.3359,0.0,1.0,0.0,0.0,AUX,?,,,,neutron,False,False,False,,
6,286,p0286,0.0859,0.1016,0.5,0.25,0.0,0.0,AUX,?,,,,photon,False,False,False,,
6,287,p0287,-0.1953,0.1953,0.0,0.75,0.0,0.0,AUX,?,,,,electron,False,False,False,,
6,288,p0288,-0.0312,0.1719,0.25,0.75,0.0,0.0,AUX,?,,,,photon,False,False,False,,
6,289,p0289,-0.0781,0.1094,0.25,0.75,0.0,0.0,AUX,?,,,,proton,False,False,False,,
6,290,p0290,-0.1719,0.1719,0.0,1.0,0.0,0.0,AUX,?,,,,neutron,False,False,False,,
6,291,p0291,0.9297,0.9297,1.0,0.0,0.0,0.0,AUX,?,,,,photon,False,False,False,,
6,292,p0292,0.1719,0.1719,1.0,0.0,0.0,0.0,AUX,?,,,,photon,False,False,False,,
6,293,p0293,-0.1719,0.1719,0.0,1.0,0.0,0.0,AUX,?,,,,photon,False,False,False,,
6,294,p0294,-0.6953,0.6953,0.0,1.0,0.0,0.0,AUX,?,,,,photon,False,False,False,,
6,295,p0295,-1.4219,1.4219,0.0,1.0,0.0,0.0,AUX,?,,,,photon,False,False,False,,
6,296,p0296,-2.0391,2.0391,0.0,1.0,2.0,0.5,AUX,?,,,,electron,False,False,False,,
6,297,p0297,-0.4062,0.4062,0.0,1.0,0.0,0.0,AUX,?,,,,electron,False,False,False,,
6,298,p0298,0.1094,0.1094,0.75,0.0,0.0,0.0,AUX,?,,,,neutron,False,False,False,,
6,299,p0299,-0.1641,0.1641,0.0,1.0,0.0,0.0,AUX,?,,,,proton,False,False,False,,
6,300,p0300,0.7188,0.7188,1.0,0.0,0.0,0.0,AUX,?,,,,neutron,False,False,False,,
6,301,p0301,-0.4688,0.4688,0.0,1.0,0.0,0.0,AUX,?,,,,neutron,False,False,False,,
6,302,p0302,-1.6406,1.6406,0.0,1.0,0.0,0.0,AUX,?,,,,neutron,False,False,False,,
6,303,p0303,-1.1562,1.1562,0.0,1.0,0.0,0.0,AUX,?,,,,neutron,False,False,False,,
6,304,p0304,-1.1953,1.1953,0.0,1.0,0.0,0.0,AUX,?,,,,electron,False,False,False,,
6,305,p0305,-0.8281,0.8281,0.0,1.0,0.0,0.0,AUX,?,,,,photon,False,False,False,,
6,306,p0306,-0.3047,0.3047,0.0,1.0,0.0,0.0,AUX,?,,,,photon,False,False,False,,
6,307,p0307,-0.2734,0.2734,0.0,1.0,0.0,0.0,AUX,?,,,,photon,False,False,False,,
6,308,p0308,-0.9844,0.9844,0.0,1.0,0.0,0.0,AUX,?,,,,electron,False,False,False,,
6,309,p0309,-0.1875,0.1875,0.0,1.0,0.0,0.0,AUX,?,,,,electron,False,False,False,,
6,310,p0310,-1.1953,1.1953,0.0,1.0,0.0,0.0,AUX,?,,,,electron,False,False,False,,
6,311,p0311,-0.6172,0.6172,0.0,1.0,0.0,0.0,AUX,?,,,,electron,False,False,False,,
6,312,p0312,-2.0625,2.0625,0.0,1.0,2.0,0.5,AUX,?,,,,neutron,False,False,False,,
6,313,p0313,-2.0,2.0,0.0,1.0,2.0,0.5,AUX,?,,,,neutron,False,False,False,,
6,314,p0314,-0.5312,0.5312,0.0,1.0,0.0,0.0,AUX,?,,,,electron,False,False,False,,
6,315,p0315,-0.6094,0.6094,0.0,1.0,0.0,0.0,AUX,?,,,,photon,False,False,False,,
6,316,p0316,-0.125,0.2969,0.25,0.75,0.0,0.0,AUX,?,,,,photon,False,False,False,,
6,317,p0317,-0.4062,0.4062,0.0,1.0,0.0,0.0,AUX,?,,,,neutron,False,False,False,,
6,318,p0318,-0.5859,0.5859,0.0,1.0,0.0,0.0,AUX,?,,,,photon,False,False,False,,
6,319,p0319,-0.7656,0.7656,0.0,1.0,0.0,0.0,AUX,?,,,,neutron,False,False,False,,
6,320,p0320,0.1641,0.1797,0.75,0.25,0.0,0.0,AUX,?,,,,photon,False,False,False,,
6,321,p0321,-0.7812,0.7812,0.0,1.0,0.0,0.0,AUX,?,,,,proton,False,False,False,,
6,322,p0322,-0.8281,0.8281,0.0,1.0,0.0,0.0,AUX,?,,,,neutron,False,False,False,,
6,323,p0323,0.0547,0.0547,1.0,0.0,0.0,0.0,AUX,?,,,,photon,False,False,False,,
6,324,p0324,-0.7344,0.7344,0.0,1.0,0.0,0.0,AUX,?,,,,proton,False,False,False,,
6,325,p0325,-0.3828,0.3828,0.0,1.0,0.0,0.0,AUX,?,,,,photon,False,False,False,,
6,326,p0326,0.7734,0.7734,1.0,0.0,0.0,0.0,AUX,?,,,,photon,False,False,False,,
6,327,p0327,-1.5547,1.5547,0.0,1.0,0.0,0.0,AUX,?,,,,electron,False,False,False,,
6,328,p0328,0.2656,0.2734,0.5,0.25,0.0,0.0,AUX,?,,,,neutron,False,False,False,,
6,329,p0329,-1.1797,1.1797,0.0,1.0,0.0,0.0,AUX,?,,,,photon,False,False,False,,
6,330,p0330,-0.5,0.5,0.0,1.0,0.0,0.0,AUX,?,,,,neutron,False,False,False,,
6,331,p0331,-0.1875,0.1875,0.0,1.0,0.0,0.0,AUX,?,,,,neutron,False,False,False,,
6,332,p0332,0.2109,0.2109,1.0,0.0,0.0,0.0,AUX,?,,,,photon,False,False,False,,
6,333,p0333,-1.6875,1.6875,0.0,1.0,0.0,0.0,AUX,?,,,,photon,False,False,False,,
6,334,p0334,-0.4062,0.4062,0.0,1.0,0.0,0.0,AUX,?,,,,neutron,False,False,False,,
6,335,p0335,-0.3594,0.3594,0.0,1.0,0.0,0.0,AUX,?,,,,proton,False,False,False,,
6,336,p0336,-1.1562,1.1562,0.0,1.0,0.0,0.0,AUX,?,,,,electron,False,False,False,,
6,337,p0337,-0.1406,0.1406,0.0,1.0,0.0,0.0,AUX,?,,,,proton,False,False,False,,
6,338,p0338,0.2109,0.2109,1.0,0.0,0.0,0.0,AUX,?,,,,neutron,False,False,False,,
6,339,p0339,-0.6562,0.6562,0.0,1.0,0.0,0.0,AUX,?,,,,neutron,False,False,False,,
6,340,p0340,1.3281,1.3281,1.0,0.0,0.0,0.0,AUX,?,,,,photon,False,False,False,,
6,341,p0341,-1.2656,1.2656,0.0,1.0,0.0,0.0,AUX,?,,,,proton,False,False,False,,
6,342,p0342,-0.2344,0.2344,0.0,1.0,0.0,0.0,AUX,?,,,,electron,False,False,False,,
6,343,p0343,0.5,0.5,1.0,0.0,0.0,0.0,AUX,?,,,,neutron,False,False,False,,
6,344,p0344,-0.6094,0.6094,0.0,1.0,0.0,0.0,AUX,?,,,,photon,False,False,False,,
6,345,p0345,0.5938,0.5938,1.0,0.0,0.0,0.0,AUX,?,,,,neutron,False,False,False,,
6,346,p0346,1.1719,1.1719,1.0,0.0,0.0,0.0,AUX,?,,,,photon,False,False,False,,
6,347,p0347,-0.2031,0.2031,0.0,1.0,0.0,0.0,AUX,?,,,,proton,False,False,False,,
6,348,p0348,-0.8828,0.8828,0.0,1.0,0.0,0.0,AUX,?,,,,photon,False,False,False,,
6,349,p0349,-0.6484,0.6484,0.0,1.0,0.0,0.0,AUX,?,,,,neutron,False,False,False,,
6,350,p0350,0.4844,0.4844,1.0,0.0,0.0,0.0,AUX,?,,,,photon,False,False,False,,
6,351,p0351,0.9688,0.9688,1.0,0.0,0.0,0.0,AUX,?,,,,photon,False,False,False,,
6,352,p0352,-0.5703,0.5703,0.0,1.0,0.0,0.0,AUX,?,,,,neutron,False,False,False,,
6,353,p0353,-0.875,0.875,0.0,1.0,0.0,0.0,AUX,?,,,,proton,False,False,False,,
6,354,p0354,-0.1406,0.1406,0.0,1.0,0.0,0.0,AUX,?,,,,photon,False,False,False,,
6,355,p0355,0.1172,0.1172,1.0,0.0,0.0,0.0,AUX,?,,,,photon,False,False,False,,
6,356,p0356,-1.4453,1.4453,0.0,1.0,0.0,0.0,AUX,?,,,,electron,False,False,False,,
6,357,p0357,-1.5859,1.5859,0.0,1.0,0.0,0.0,AUX,?,,,,photon,False,False,False,,
6,358,p0358,-0.7031,0.7031,0.0,1.0,0.0,0.0,AUX,?,,,,photon,False,False,False,,
6,359,p0359,0.2031,0.2031,1.0,0.0,0.0,0.0,AUX,?,,,,proton,False,False,False,,
6,360,p0360,-0.8281,0.8281,0.0,1.0,0.0,0.0,AUX,?,,,,photon,False,False,False,,
6,361,p0361,-0.3047,0.3047,0.0,1.0,0.0,0.0,AUX,?,,,,proton,False,False,False,,
6,362,p0362,-0.6719,0.6719,0.0,1.0,0.0,0.0,AUX,?,,,,neutron,False,False,False,,
6,363,p0363,-0.3438,0.3438,0.0,1.0,0.0,0.0,AUX,?,,,,neutron,False,False,False,,
6,364,p0364,-0.1406,0.1406,0.0,0.75,0.0,0.0,AUX,?,,,,proton,False,False,False,,
6,365,p0365,-1.0703,1.0703,0.0,1.0,0.0,0.0,AUX,?,,,,neutron,False,False,False,,
6,366,p0366,-0.7969,0.7969,0.0,1.0,0.0,0.0,AUX,?,,,,photon,False,False,False,,
6,367,p0367,-0.375,0.375,0.0,1.0,0.0,0.0,AUX,?,,,,neutron,False,False,False,,
6,368,p0368,0.0781,0.0781,0.75,0.0,0.0,0.0,AUX,?,,,,photon,False,False,False,,
6,369,p0369,-0.3438,0.3438,0.0,1.0,0.0,0.0,AUX,?,,,,photon,False,False,False,,
6,370,p0370,-0.7656,0.7656,0.0,1.0,0.0,0.0,AUX,?,,,,electron,False,False,False,,
6,371,p0371,0.8906,0.8906,1.0,0.0,0.0,0.0,AUX,?,,,,photon,False,False,False,,
6,372,p0372,-1.0391,1.0391,0.0,1.0,0.0,0.0,AUX,?,,,,photon,False,False,False,,
6,373,p0373,-0.4531,0.4531,0.0,1.0,0.0,0.0,AUX,?,,,,proton,False,False,False,,
6,374,p0374,-0.1797,0.1797,0.0,1.0,0.0,0.0,AUX,?,,,,proton,False,False,False,,
6,375,p0375,-0.3203,0.3203,0.0,1.0,0.0,0.0,AUX,?,,,,photon,False,False,False,,
6,376,p0376,-1.5352,1.5352,0.0,1.0,0.0,0.0,AUX,?,,,,electron,False,False,False,,
6,377,p0377,-0.5,0.5,0.0,1.0,0.0,0.0,AUX,?,,,,electron,False,False,False,,
6,378,p0378,-0.7344,0.7344,0.0,1.0,0.0,0.0,AUX,?,,,,photon,False,False,False,,
6,379,p0379,-0.1953,0.1953,0.0,1.0,0.0,0.0,AUX,?,,,,proton,False,False,False,,
6,380,p0380,0.5391,0.5391,1.0,0.0,0.0,0.0,AUX,?,,,,photon,False,False,False,,
6,381,p0381,-0.3438,0.3438,0.0,1.0,0.0,0.0,AUX,?,,,,neutron,False,False,False,,
6,382,p0382,0.1406,0.1406,1.0,0.0,0.0,0.0,AUX,?,,,,photon,False,False,False,,
6,383,p0383,-0.1328,0.1328,0.0,1.0,0.0,0.0,AUX,?,,,,photon,False,False,False,,
6,384,p0384,-0.3125,0.3125,0.0,1.0,0.0,0.0,AUX,?,,,,proton,False,False,False,,
6,385,p0385,-0.0938,0.0938,0.0,1.0,0.0,0.0,AUX,?,,,,neutron,False,False,False,,
6,386,p0386,-1.0312,1.0312,0.0,1.0,0.0,0.0,AUX,?,,,,electron,False,False,False,,
6,387,p0387,-0.125,0.125,0.0,0.75,0.0,0.0,AUX,?,,,,neutron,False,False,False,,
6,388,p0388,0.0078,0.1016,0.5,0.25,0.0,0.0,AUX,?,,,,electron,False,False,False,,
6,389,p0389,-0.3281,0.3281,0.0,1.0,0.0,0.0,AUX,?,,,,neutron,False,False,False,,
6,390,p0390,-0.1094,0.1094,0.0,0.75,0.0,0.0,AUX,?,,,,neutron,False,False,False,,
6,391,p0391,1.0938,1.0938,1.0,0.0,0.0,0.0,AUX,?,,,,photon,False,False,False,,
6,392,p0392,-0.625,0.625,0.0,1.0,0.0,0.0,AUX,?,,,,electron,False,False,False,,
6,393,p0393,-0.9297,0.9297,0.0,1.0,0.0,0.0,AUX,?,,,,proton,False,False,False,,
6,394,p0394,-0.0625,0.0625,0.0,0.5,0.0,0.0,AUX,?,,,,photon,False,False,False,,
6,395,p0395,-0.9219,0.9219,0.0,1.0,0.0,0.0,AUX,?,,,,neutron,False,False,False,,
6,396,p0396,-0.2344,0.2344,0.0,1.0,0.0,0.0,AUX,?,,,,neutron,False,False,False,,
6,397,p0397,-0.5391,0.5391,0.0,1.0,0.0,0.0,AUX,?,,,,electron,False,False,False,,
6,398,p0398,-0.0469,0.0781,0.25,0.75,0.0,0.0,AUX,?,,,,neutron,False,False,False,,
6,399,p0399,0.4766,0.4766,1.0,0.0,0.0,0.0,AUX,?,,,,photon,False,False,False,,
6,400,p0400,0.8125,0.8125,1.0,0.0,0.0,0.0,AUX,?,,,,photon,False,False,False,,
6,401,p0401,0.7656,0.7656,1.0,0.0,0.0,0.0,AUX,?,,,,neutron,False,False,False,,
6,402,p0402,-1.8438,1.8438,0.0,1.0,0.0,0.0,AUX,?,,,,photon,False,False,False,,
6,403,p0403,-0.4922,0.4922,0.0,1.0,0.0,0.0,AUX,?,,,,proton,False,False,False,,
6,404,p0404,-0.2852,0.2852,0.0,1.0,0.0,0.0,AUX,?,,,,electron,False,False,False,,
6,405,p0405,0.1406,0.1406,1.0,0.0,0.0,0.0,AUX,?,,,,photon,False,False,False,,
6,406,p0406,-2.4727,2.4727,0.0,1.0,4.0,1.0,AUX,?,,,,neutron,False,False,False,,
6,407,p0407,1.5312,1.5312,1.0,0.0,0.0,0.0,AUX,?,,,,photon,False,False,False,,
6,408,p0408,0.7734,0.7734,1.0,0.0,0.0,0.0,AUX,?,,,,photon,False,False,False,,
6,409,p0409,-0.5078,0.5078,0.0,1.0,0.0,0.0,AUX,?,,,,proton,False,False,False,,
6,410,p0410,-0.9688,0.9688,0.0,1.0,0.0,0.0,AUX,?,,,,photon,False,False,False,,
6,411,p0411,0.5312,0.5312,1.0,0.0,0.0,0.0,AUX,?,,,,electron,False,False,False,,
6,412,p0412,0.3594,0.3594,1.0,0.0,0.0,0.0,AUX,?,,,,proton,False,False,False,,
6,413,p0413,-1.125,1.125,0.0,1.0,0.0,0.0,AUX,?,,,,photon,False,False,False,,
6,414,p0414,-0.7266,0.7266,0.0,1.0,0.0,0.0,AUX,?,,,,neutron,False,False,False,,
6,415,p0415,-1.1602,1.1602,0.0,1.0,0.0,0.0,AUX,?,,,,proton,False,False,False,,
6,416,p0416,-0.8359,0.8359,0.0,1.0,0.0,0.0,AUX,?,,,,neutron,False,False,False,,
6,417,p0417,1.1875,1.1875,1.0,0.0,0.0,0.0,AUX,?,,,,photon,False,False,False,,
6,418,p0418,0.0391,0.1172,0.25,0.5,0.0,0.0,AUX,?,,,,photon,False,False,False,,
6,419,p0419,0.5469,0.5469,1.0,0.0,0.0,0.0,AUX,?,,,,photon,False,False,False,,
6,420,p0420,0.5938,0.5938,1.0,0.0,0.0,0.0,AUX,?,,,,photon,False,False,False,,
6,421,p0421,-0.4766,0.4766,0.0,1.0,0.0,0.0,AUX,?,,,,proton,False,False,False,,
6,422,p0422,-0.5,0.5,0.0,1.0,0.0,0.0,AUX,?,,,,neutron,False,False,False,,
6,423,p0423,-0.4531,0.4531,0.0,1.0,0.0,0.0,AUX,?,,,,electron,False,False,False,,
6,424,p0424,0.0547,0.0703,0.25,0.25,0.0,0.0,AUX,?,,,,photon,False,False,False,,
6,425,p0425,-1.0625,1.0625,0.0,1.0,0.0,0.0,AUX,?,,,,neutron,False,False,False,,
6,426,p0426,-0.2969,0.2969,0.0,1.0,0.0,0.0,AUX,?,,,,proton,False,False,False,,
6,427,p0427,-0.1875,0.1875,0.0,1.0,0.0,0.0,AUX,?,,,,proton,False,False,False,,
6,428,p0428,-0.9609,0.9609,0.0,1.0,0.0,0.0,AUX,?,,,,electron,False,False,False,,
6,429,p0429,-1.7656,1.7656,0.0,1.0,0.0,0.0,AUX,?,,,,electron,False,False,False,,
6,430,p0430,0.375,0.375,1.0,0.0,0.0,0.0,AUX,?,,,,electron,False,False,False,,
6,431,p0431,0.4492,0.4492,1.0,0.0,0.0,0.0,AUX,?,,,,neutron,False,False,False,,
6,432,p0432,0.0781,0.25,0.5,0.5,0.0,0.0,AUX,?,,,,photon,False,False,False,,
6,433,p0433,-0.7031,0.7031,0.0,1.0,0.0,0.0,AUX,?,,,,electron,False,False,False,,
6,434,p0434,-0.0312,0.125,0.5,0.5,0.0,0.0,AUX,?,,,,neutron,False,False,False,,
6,435,p0435,0.2188,0.2188,1.0,0.0,0.0,0.0,AUX,?,,,,photon,False,False,False,,
6,436,p0436,-0.3984,0.3984,0.0,1.0,0.0,0.0,AUX,?,,,,photon,False,False,False,,
6,437,p0437,-0.8047,0.8047,0.0,1.0,0.0,0.0,AUX,?,,,,electron,False,False,False,,
6,438,p0438,0.6719,0.6719,1.0,0.0,0.0,0.0,AUX,?,,,,photon,False,False,False,,
6,439,p0439,-0.1094,0.1406,0.25,0.75,0.0,0.0,AUX,?,,,,electron,False,False,False,,
6,440,p0440,-0.3047,0.3047,0.0,1.0,0.0,0.0,AUX,?,,,,proton,False,False,False,,
6,441,p0441,-0.1719,0.1719,0.0,1.0,0.0,0.0,AUX,?,,,,proton,False,False,False,,
6,442,p0442,-0.375,0.375,0.0,1.0,0.0,0.0,AUX,?,,,,proton,False,False,False,,
6,443,p0443,1.6953,1.6953,1.0,0.0,1.0,0.25,AUX,?,,,,photon,False,False,False,,
6,444,p0444,-0.75,0.75,0.0,1.0,0.0,0.0,AUX,?,,,,electron,False,False,False,,
6,445,p0445,-0.0938,0.125,0.25,0.75,0.0,0.0,AUX,?,,,,electron,False,False,False,,
6,446,p0446,-0.4922,0.4922,0.0,1.0,0.0,0.0,AUX,?,,,,photon,False,False,False,,
7,0,p0000,-0.5938,0.5938,0.0,1.0,0.0,0.0,AUX,?,,,,electron,False,False,False,,
7,1,p0001,-0.5365,0.5365,0.0,1.0,0.0,0.0,AUX,?,,,,electron,False,False,False,,
7,2,p0002,0.1042,0.1042,0.8333,0.0,0.0,0.0,AUX,?,,,,neutron,False,False,False,,
7,3,p0003,-0.5729,0.5729,0.0,1.0,0.0,0.0,AUX,?,,,,neutron,False,False,False,,
7,4,p0004,-1.7604,1.7604,0.0,1.0,0.0,0.0,AUX,?,,,,neutron,False,False,False,,
7,5,p0005,-0.9062,0.9062,0.0,1.0,0.0,0.0,AUX,?,,,,photon,False,False,False,,
7,6,p0006,0.3854,0.3854,1.0,0.0,0.0,0.0,AUX,?,,,,neutron,False,False,False,,
7,7,p0007,-0.1875,0.1875,0.0,1.0,0.0,0.0,AUX,?,,,,electron,False,False,False,,
7,8,p0008,-0.0677,0.0677,0.0,1.0,0.0,0.0,AUX,?,,,,proton,False,False,False,,
7,9,p0009,0.2396,0.2396,0.8333,0.0,0.0,0.0,AUX,?,,,,proton,False,False,False,,
7,10,p0010,-0.3333,0.3333,0.0,1.0,0.0,0.0,AUX,?,,,,proton,False,False,False,,
7,11,p0011,-1.6927,1.6927,0.0,1.0,0.0,0.0,AUX,?,,,,photon,False,False,False,,
7,12,p0012,1.1354,1.1354,1.0,0.0,0.0,0.0,AUX,?,,,,neutron,False,False,False,,
7,13,p0013,-0.7812,0.7812,0.0,1.0,0.0,0.0,AUX,?,,,,neutron,False,False,False,,
7,14,p0014,-0.2083,0.25,0.1667,0.6667,0.0,0.0,AUX,?,,,,neutron,False,False,False,,
7,15,p0015,-1.1641,1.1641,0.0,1.0,0.0,0.0,AUX,?,,,,neutron,False,False,False,,
7,16,p0016,-1.8229,1.8229,0.0,1.0,0.0,0.0,AUX,?,,,,photon,False,False,False,,
7,17,p0017,-2.5,2.5,0.0,1.0,4.0,0.6667,AUX,?,,,,photon,False,False,False,,
7,18,p0018,-0.4167,0.4167,0.0,1.0,0.0,0.0,AUX,?,,,,neutron,False,False,False,,
7,19,p0019,-0.1302,0.151,0.1667,0.8333,0.0,0.0,AUX,?,,,,proton,False,False,False,,
7,20,p0020,-1.0365,1.0365,0.0,1.0,0.0,0.0,AUX,?,,,,photon,False,False,False,,
7,21,p0021,-0.1979,0.1979,0.0,1.0,0.0,0.0,AUX,?,,,,electron,False,False,False,,
7,22,p0022,-1.599,1.599,0.0,1.0,0.0,0.0,AUX,?,,,,proton,False,False,False,,
7,23,p0023,1.2865,1.2865,1.0,0.0,0.0,0.0,AUX,?,,,,proton,False,False,False,,
7,24,p0024,-0.625,0.625,0.0,1.0,0.0,0.0,AUX,?,,,,electron,False,False,False,,
7,25,p0025,-1.2344,1.2344,0.0,1.0,0.0,0.0,AUX,?,,,,photon,False,False,False,,
7,26,p0026,-0.1354,0.1354,0.0,0.8333,0.0,0.0,AUX,?,,,,proton,False,False,False,,
7,27,p0027,-1.0703,1.0703,0.0,1.0,0.0,0.0,AUX,?,,,,proton,False,False,False,,
7,28,p0028,-0.2604,0.2604,0.0,1.0,0.0,0.0,AUX,?,,,,photon,False,False,False,,
7,29,p0029,1.0052,1.0052,1.0,0.0,0.0,0.0,AUX,?,,,,electron,False,False,False,,
7,30,p0030,-0.1354,0.1354,0.0,1.0,0.0,0.0,AUX,?,,,,proton,False,False,False,,
7,31,p0031,1.0312,1.0312,1.0,0.0,0.0,0.0,AUX,?,,,,electron,False,False,False,,
7,32,p0032,0.5625,0.5625,1.0,0.0,0.0,0.0,AUX,?,,,,electron,False,False,False,,
7,33,p0033,0.125,0.1458,0.8333,0.1667,0.0,0.0,AUX,?,,,,proton,False,False,False,,
7,34,p0034,-1.7188,1.7188,0.0,1.0,0.0,0.0,AUX,?,,,,photon,False,False,False,,
7,35,p0035,0.1458,0.1458,1.0,0.0,0.0,0.0,AUX,?,,,,photon,False,False,False,,
7,36,p0036,-1.8854,1.8854,0.0,1.0,0.0,0.0,AUX,?,,,,neutron,False,False,False,,
7,37,p0037,-0.724,0.724,0.0,1.0,0.0,0.0,AUX,?,,,,neutron,False,False,False,,
7,38,p0038,-0.5729,0.5729,0.0,1.0,0.0,0.0,AUX,?,,,,neutron,False,False,False,,
7,39,p0039,-0.2656,0.2656,0.0,1.0,0.0,0.0,AUX,?,,,,proton,False,False,False,,
7,40,p0040,-0.7135,0.7135,0.0,1.0,0.0,0.0,AUX,?,,,,proton,False,False,False,,
7,41,p0041,0.9375,0.9375,1.0,0.0,0.0,0.0,AUX,?,,,,electron,False,False,False,,
7,42,p0042,-0.9688,0.9688,0.0,1.0,0.0,0.0,AUX,?,,,,electron,False,False,False,,
7,43,p0043,0.4167,0.4167,1.0,0.0,0.0,0.0,AUX,?,,,,photon,False,False,False,,
7,44,p0044,-0.2708,0.2708,0.0,1.0,0.0,0.0,AUX,?,,,,neutron,False,False,False,,
7,45,p0045,-0.3542,0.3542,0.0,1.0,0.0,0.0,AUX,?,,,,neutron,False,False,False,,
7,46,p0046,1.1042,1.1042,1.0,0.0,0.0,0.0,AUX,?,,,,neutron,False,False,False,,
7,47,p0047,0.6771,0.6771,1.0,0.0,0.0,0.0,AUX,?,,,,photon,False,False,False,,
7,48,p0048,0.1146,0.1146,1.0,0.0,0.0,0.0,AUX,?,,,,electron,False,False,False,,
7,49,p0049,0.7344,0.7344,1.0,0.0,0.0,0.0,AUX,?,,,,photon,False,False,False,,
7,50,p0050,-0.1458,0.1458,0.0,0.8333,0.0,0.0,AUX,?,,,,neutron,False,False,False,,
7,51,p0051,-1.4531,1.4531,0.0,1.0,0.0,0.0,AUX,?,,,,proton,False,False,False,,
7,52,p0052,-0.0417,0.1875,0.3333,0.5,0.0,0.0,AUX,?,,,,neutron,False,False,False,,
7,53,p0053,0.0417,0.125,0.1667,0.6667,0.0,0.0,AUX,?,,,,photon,False,False,False,,
7,54,p0054,-0.7292,0.7292,0.0,1.0,0.0,0.0,AUX,?,,,,electron,False,False,False,,
7,55,p0055,-0.75,0.75,0.0,1.0,0.0,0.0,AUX,?,,,,electron,False,False,False,,
7,56,p0056,0.2083,0.25,0.8333,0.1667,0.0,0.0,AUX,?,,,,neutron,False,False,False,,
7,57,p0057,-0.4271,0.4271,0.0,1.0,0.0,0.0,AUX,?,,,,neutron,False,False,False,,
7,58,p0058,-1.5833,1.5833,0.0,1.0,0.0,0.0,AUX,?,,,,photon,False,False,False,,
7,59,p0059,-0.8438,0.8438,0.0,1.0,0.0,0.0,AUX,?,,,,photon,False,False,False,,
7,60,p0060,0.1719,0.1719,1.0,0.0,0.0,0.0,AUX,?,,,,proton,False,False,False,,
7,61,p0061,0.9427,0.9427,1.0,0.0,0.0,0.0,AUX,?,,,,neutron,False,False,False,,
7,62,p0062,-1.4792,1.4792,0.0,1.0,0.0,0.0,AUX,?,,,,photon,False,False,False,,
7,63,p0063,-1.0729,1.0729,0.0,1.0,0.0,0.0,AUX,?,,,,photon,False,False,False,,
7,64,p0064,-0.2812,0.2812,0.0,1.0,0.0,0.0,AUX,?,,,,proton,False,False,False,,
7,65,p0065,-0.4167,0.4167,0.0,1.0,0.0,0.0,AUX,?,,,,photon,False,False,False,,
7,66,p0066,-0.4531,0.4531,0.0,1.0,0.0,0.0,AUX,?,,,,proton,False,False,False,,
7,67,p0067,0.0677,0.1094,0.3333,0.5,0.0,0.0,AUX,?,,,,photon,False,False,False,,
7,68,p0068,-0.6458,0.6458,0.0,1.0,0.0,0.0,AUX,?,,,,neutron,False,False,False,,
7,69,p0069,-1.4583,1.4583,0.0,1.0,0.0,0.0,AUX,?,,,,photon,False,False,False,,
7,70,p0070,0.5208,0.5208,1.0,0.0,0.0,0.0,AUX,?,,,,proton,False,False,False,,
7,71,p0071,-0.2812,0.2812,0.0,1.0,0.0,0.0,AUX,?,,,,proton,False,False,False,,
7,72,p0072,-0.5156,0.5156,0.0,1.0,0.0,0.0,AUX,?,,,,electron,False,False,False,,
7,73,p0073,-0.0104,0.0521,0.3333,0.5,0.0,0.0,AUX,?,,,,neutron,False,False,False,,
7,74,p0074,-1.1719,1.1719,0.0,1.0,0.0,0.0,AUX,?,,,,proton,False,False,False,,
7,75,p0075,-0.4688,0.4688,0.0,1.0,0.0,0.0,AUX,?,,,,photon,False,False,False,,
7,76,p0076,-1.3542,1.3542,0.0,1.0,0.0,0.0,AUX,?,,,,neutron,False,False,False,,
7,77,p0077,-0.526,0.526,0.0,1.0,0.0,0.0,AUX,?,,,,photon,False,False,False,,
7,78,p0078,-1.0,1.0,0.0,1.0,0.0,0.0,AUX,?,,,,photon,False,False,False,,
7,79,p0079,0.7708,0.7708,1.0,0.0,0.0,0.0,AUX,?,,,,photon,False,False,False,,
7,80,p0080,-0.0729,0.1979,0.5,0.5,0.0,0.0,AUX,?,,,,neutron,False,False,False,,
7,81,p0081,-0.7396,0.7396,0.0,1.0,0.0,0.0,AUX,?,,,,neutron,False,False,False,,
7,82,p0082,-1.5208,1.5208,0.0,1.0,0.0,0.0,AUX,?,,,,photon,False,False,False,,
7,83,p0083,-0.2083,0.2083,0.0,1.0,0.0,0.0,AUX,?,,,,neutron,False,False,False,,
7,84,p0084,-0.5729,0.5729,0.0,1.0,0.0,0.0,AUX,?,,,,electron,False,False,False,,
7,85,p0085,-1.7188,1.7188,0.0,1.0,0.0,0.0,AUX,?,,,,proton,False,False,False,,
7,86,p0086,-0.7708,0.7708,0.0,1.0,0.0,0.0,AUX,?,,,,neutron,False,False,False,,
7,87,p0087,-1.1823,1.1823,0.0,1.0,0.0,0.0,AUX,?,,,,neutron,False,False,False,,
7,88,p0088,-0.5729,0.5729,0.0,1.0,0.0,0.0,AUX,?,,,,neutron,False,False,False,,
7,89,p0089,-0.3906,0.3906,0.0,1.0,0.0,0.0,AUX,?,,,,proton,False,False,False,,
7,90,p0090,0.6458,0.6458,1.0,0.0,0.0,0.0,AUX,?,,,,neutron,False,False,False,,
7,91,p0091,-1.2812,1.2812,0.0,1.0,0.0,0.0,AUX,?,,,,photon,False,False,False,,
7,92,p0092,-0.75,0.75,0.0,1.0,0.0,0.0,AUX,?,,,,photon,False,False,False,,
7,93,p0093,-0.5729,0.5729,0.0,1.0,0.0,0.0,AUX,?,,,,neutron,False,False,False,,
7,94,p0094,-1.0521,1.0521,0.0,1.0,0.0,0.0,AUX,?,,,,electron,False,False,False,,
7,95,p0095,-0.7917,0.7917,0.0,1.0,0.0,0.0,AUX,?,,,,neutron,False,False,False,,
7,96,p0096,-1.2396,1.2396,0.0,1.0,0.0,0.0,AUX,?,,,,photon,False,False,False,,
7,97,p0097,-0.3854,0.3854,0.0,1.0,0.0,0.0,AUX,?,,,,neutron,False,False,False,,
7,98,p0098,-0.4896,0.4896,0.0,1.0,0.0,0.0,AUX,?,,,,electron,False,False,False,,
7,99,p0099,-1.4375,1.4375,0.0,1.0,0.0,0.0,AUX,?,,,,neutron,False,False,False,,
7,100,p0100,0.1458,0.1458,1.0,0.0,0.0,0.0,AUX,?,,,,proton,False,False,False,,
7,101,p0101,0.0521,0.1042,0.8333,0.1667,0.0,0.0,AUX,?,,,,proton,False,False,False,,
7,102,p0102,0.4792,0.4792,1.0,0.0,0.0,0.0,AUX,?,,,,neutron,False,False,False,,
7,103,p0103,-0.4375,0.4375,0.0,0.8333,0.0,0.0,AUX,?,,,,proton,False,False,False,,
7,104,p0104,-0.0521,0.0521,0.0,0.5,0.0,0.0,AUX,?,,,,electron,False,False,False,,
7,105,p0105,-0.651,0.651,0.0,1.0,0.0,0.0,AUX,?,,,,neutron,False,False,False,,
7,106,p0106,0.6875,0.6875,1.0,0.0,0.0,0.0,AUX,?,,,,neutron,False,False,False,,
7,107,p0107,-0.8021,0.8021,0.0,1.0,0.0,0.0,AUX,?,,,,electron,False,False,False,,
7,108,p0108,-2.2396,2.2396,0.0,1.0,1.0,0.1667,AUX,?,,,,neutron,False,False,False,,
7,109,p0109,-1.1562,1.1562,0.0,1.0,0.0,0.0,AUX,?,,,,photon,False,False,False,,
7,110,p0110,0.0312,0.0729,0.5,0.1667,0.0,0.0,AUX,?,,,,neutron,False,False,False,,
7,111,p0111,-0.724,0.724,0.0,1.0,0.0,0.0,AUX,?,,,,electron,False,False,False,,
7,112,p0112,-0.1823,0.1823,0.0,0.8333,0.0,0.0,AUX,?,,,,electron,False,False,False,,
7,113,p0113,0.2708,0.2708,1.0,0.0,0.0,0.0,AUX,?,,,,neutron,False,False,False,,
7,114,p0114,0.2292,0.2292,0.8333,0.0,0.0,0.0,AUX,?,,,,neutron,False,False,False,,
7,115,p0115,-2.2396,2.2396,0.0,1.0,1.0,0.1667,AUX,?,,,,photon,False,False,False,,
7,116,p0116,-0.7292,0.7292,0.0,1.0,0.0,0.0,AUX,?,,,,electron,False,False,False,,
7,117,p0117,-0.2656,0.2656,0.0,1.0,0.0,0.0,AUX,?,,,,electron,False,False,False,,
7,118,p0118,0.3333,0.3333,1.0,0.0,0.0,0.0,AUX,?,,,,electron,False,False,False,,
7,119,p0119,0.0625,0.1042,0.8333,0.1667,0.0,0.0,AUX,?,,,,neutron,False,False,False,,
7,120,p0120,0.1979,0.1979,0.8333,0.0,0.0,0.0,AUX,?,,,,neutron,False,False,False,,
7,121,p0121,-0.5625,0.5625,0.0,1.0,0.0,0.0,AUX,?,,,,neutron,False,False,False,,
7,122,p0122,0.5417,0.5417,1.0,0.0,0.0,0.0,AUX,?,,,,photon,False,False,False,,
7,123,p0123,0.2917,0.2917,1.0,0.0,0.0,0.0,AUX,?,,,,photon,False,False,False,,
7,124,p0124,0.5104,0.5104,1.0,0.0,0.0,0.0,AUX,?,,,,neutron,False,False,False,,
7,125,p0125,-0.0208,0.1042,0.5,0.5,0.0,0.0,AUX,?,,,,neutron,False,False,False,,
7,126,p0126,-0.4375,0.4375,0.0,1.0,0.0,0.0,AUX,?,,,,electron,False,False,False,,
7,127,p0127,-3.5365,3.5365,0.0,1.0,6.0,1.0,AUX,?,,,,photon,False,False,False,,
7,128,p0128,-0.25,0.25,0.0,1.0,0.0,0.0,AUX,?,,,,photon,False,False,False,,
7,129,p0129,0.0573,0.0885,0.6667,0.1667,0.0,0.0,AUX,?,,,,electron,False,False,False,,
7,130,p0130,-2.5208,2.5208,0.0,1.0,5.0,0.8333,AUX,?,,,,photon,False,False,False,,
7,131,p0131,-0.6979,0.6979,0.0,1.0,0.0,0.0,AUX,?,,,,neutron,False,False,False,,
7,132,p0132,-2.6146,2.6146,0.0,1.0,4.0,0.6667,AUX,?,,,,photon,False,False,False,,
7,133,p0133,-2.0625,2.0625,0.0,1.0,0.0,0.0,AUX,?,,,,neutron,False,False,False,,
7,134,p0134,-1.1667,1.1667,0.0,1.0,0.0,0.0,AUX,?,,,,neutron,False,False,False,,
7,135,p0135,-0.2188,0.2188,0.0,1.0,0.0,0.0,AUX,?,,,,proton,False,False,False,,
7,136,p0136,0.0312,0.0312,0.5,0.0,0.0,0.0,AUX,?,,,,neutron,False,False,False,,
7,137,p0137,-1.5312,1.5312,0.0,1.0,0.0,0.0,AUX,?,,,,proton,False,False,False,,
7,138,p0138,-1.5625,1.5625,0.0,1.0,0.0,0.0,AUX,?,,,,neutron,False,False,False,,
7,139,p0139,-0.75,0.75,0.0,1.0,0.0,0.0,AUX,?,,,,electron,False,False,False,,
7,140,p0140,-0.5208,0.5208,0.0,1.0,0.0,0.0,AUX,?,,,,electron,False,False,False,,
7,141,p0141,0.2161,0.2526,0.8333,0.1667,0.0,0.0,AUX,?,,,,electron,False,False,False,,
7,142,p0142,0.9115,0.9115,1.0,0.0,0.0,0.0,AUX,?,,,,neutron,False,False,False,,
7,143,p0143,-0.4688,0.4688,0.0,1.0,0.0,0.0,AUX,?,,,,electron,False,False,False,,
7,144,p0144,0.3229,0.3229,1.0,0.0,0.0,0.0,AUX,?,,,,proton,False,False,False,,
7,145,p0145,-0.4792,0.4792,0.0,1.0,0.0,0.0,AUX,?,,,,photon,False,False,False,,
7,146,p0146,-1.4297,1.4297,0.0,1.0,0.0,0.0,AUX,?,,,,neutron,False,False,False,,
7,147,p0147,0.8021,0.8021,1.0,0.0,0.0,0.0,AUX,?,,,,photon,False,False,False,,
7,148,p0148,-0.9635,0.9635,0.0,1.0,0.0,0.0,AUX,?,,,,photon,False,False,False,,
7,149,p0149,0.2812,0.2812,0.8333,0.0,0.0,0.0,AUX,?,,,,electron,False,False,False,,
7,150,p0150,-0.1875,0.1875,0.0,1.0,0.0,0.0,AUX,?,,,,proton,False,False,False,,
7,151,p0151,-0.3021,0.3021,0.0,1.0,0.0,0.0,AUX,?,,,,photon,False,False,False,,
7,152,p0152,-0.8125,0.8125,0.0,1.0,0.0,0.0,AUX,?,,,,proton,False,False,False,,
7,153,p0153,-1.5104,1.5104,0.0,1.0,0.0,0.0,AUX,?,,,,neutron,False,False,False,,
7,154,p0154,-0.4375,0.4375,0.0,1.0,0.0,0.0,AUX,?,,,,neutron,False,False,False,,
7,155,p0155,-0.3021,0.3021,0.0,1.0,0.0,0.0,AUX,?,,,,neutron,False,False,False,,
7,156,p0156,-1.0208,1.0208,0.0,1.0,0.0,0.0,AUX,?,,,,neutron,False,False,False,,
7,157,p0157,-0.8802,0.8802,0.0,1.0,0.0,0.0,AUX,?,,,,neutron,False,False,False,,
7,158,p0158,-0.8333,0.8333,0.0,1.0,0.0,0.0,AUX,?,,,,neutron,False,False,False,,
7,159,p0159,-2.3646,2.3646,0.0,1.0,2.0,0.3333,AUX,?,,,,photon,False,False,False,,
7,160,p0160,-0.349,0.349,0.0,1.0,0.0,0.0,AUX,?,,,,electron,False,False,False,,
7,161,p0161,-0.4896,0.4896,0.0,1.0,0.0,0.0,AUX,?,,,,photon,False,False,False,,
7,162,p0162,-0.0729,0.1458,0.3333,0.6667,0.0,0.0,AUX,?,,,,photon,False,False,False,,
7,163,p0163,-1.3021,1.3021,0.0,1.0,0.0,0.0,AUX,?,,,,photon,False,False,False,,
7,164,p0164,-1.9375,1.9375,0.0,1.0,0.0,0.0,AUX,?,,,,neutron,False,False,False,,
7,165,p0165,-0.625,0.625,0.0,1.0,0.0,0.0,AUX,?,,,,photon,False,False,False,,
7,166,p0166,-0.0208,0.1667,0.5,0.5,0.0,0.0,AUX,?,,,,neutron,False,False,False,,
7,167,p0167,0.2396,0.2396,0.8333,0.0,0.0,0.0,AUX,?,,,,photon,False,False,False,,
7,168,p0168,0.3229,0.3229,1.0,0.0,0.0,0.0,AUX,?,,,,proton,False,False,False,,
7,169,p0169,0.0208,0.1354,0.6667,0.3333,0.0,0.0,AUX,?,,,,electron,False,False,False,,
7,170,p0170,0.8333,0.8333,1.0,0.0,0.0,0.0,AUX,?,,,,neutron,False,False,False,,
7,171,p0171,-0.6927,0.6927,0.0,1.0,0.0,0.0,AUX,?,,,,proton,False,False,False,,
7,172,p0172,1.1146,1.1146,1.0,0.0,0.0,0.0,AUX,?,,,,neutron,False,False,False,,
7,173,p0173,0.7135,0.7135,1.0,0.0,0.0,0.0,AUX,?,,,,photon,False,False,False,,
7,174,p0174,-0.8646,0.8646,0.0,1.0,0.0,0.0,AUX,?,,,,neutron,False,False,False,,
7,175,p0175,-1.9323,1.9323,0.0,1.0,0.0,0.0,AUX,?,,,,neutron,False,False,False,,
7,176,p0176,-0.7812,0.7812,0.0,1.0,0.0,0.0,AUX,?,,,,photon,False,False,False,,
7,177,p0177,-1.3229,1.3229,0.0,1.0,0.0,0.0,AUX,?,,,,photon,False,False,False,,
7,178,p0178,-1.6771,1.6771,0.0,1.0,0.0,0.0,AUX,?,,,,neutron,False,False,False,,
7,179,p0179,-1.2083,1.2083,0.0,1.0,0.0,0.0,AUX,?,,,,photon,False,False,False,,
7,180,p0180,-1.1406,1.1406,0.0,1.0,0.0,0.0,AUX,?,,,,photon,False,False,False,,
7,181,p0181,-1.2292,1.2292,0.0,1.0,0.0,0.0,AUX,?,,,,electron,False,False,False,,
7,182,p0182,-0.0625,0.0625,0.0,0.5,0.0,0.0,AUX,?,,,,neutron,False,False,False,,
7,183,p0183,-0.4167,0.4167,0.0,1.0,0.0,0.0,AUX,?,,,,proton,False,False,False,,
7,184,p0184,0.5417,0.5417,1.0,0.0,0.0,0.0,AUX,?,,,,neutron,False,False,False,,
7,185,p0185,-0.6354,0.6354,0.0,1.0,0.0,0.0,AUX,?,,,,electron,False,False,False,,
7,186,p0186,0.2604,0.2604,1.0,0.0,0.0,0.0,AUX,?,,,,photon,False,False,False,,
7,187,p0187,-0.4583,0.4583,0.0,1.0,0.0,0.0,AUX,?,,,,neutron,False,False,False,,
7,188,p0188,-1.1667,1.1667,0.0,1.0,0.0,0.0,AUX,?,,,,photon,False,False,False,,
7,189,p0189,-0.5417,0.5417,0.0,1.0,0.0,0.0,AUX,?,,,,photon,False,False,False,,
7,190,p0190,0.4948,0.4948,1.0,0.0,0.0,0.0,AUX,?,,,,neutron,False,False,False,,
7,191,p0191,0.4167,0.4167,1.0,0.0,0.0,0.0,AUX,?,,,,photon,False,False,False,,
7,192,p0192,-1.0052,1.0052,0.0,1.0,0.0,0.0,AUX,?,,,,proton,False,False,False,,
7,193,p0193,-1.0208,1.0208,0.0,1.0,0.0,0.0,AUX,?,,,,photon,False,False,False,,
7,194,p0194,-0.2656,0.2656,0.0,1.0,0.0,0.0,AUX,?,,,,proton,False,False,False,,
7,195,p0195,-1.776,1.776,0.0,1.0,0.0,0.0,AUX,?,,,,photon,False,False,False,,
7,196,p0196,-2.0599,2.0599,0.0,1.0,0.0,0.0,AUX,?,,,,neutron,False,False,False,,
7,197,p0197,-0.7422,0.7422,0.0,1.0,0.0,0.0,AUX,?,,,,neutron,False,False,False,,
7,198,p0198,-1.3542,1.3542,0.0,1.0,0.0,0.0,AUX,?,,,,photon,False,False,False,,
7,199,p0199,0.9896,0.9896,1.0,0.0,0.0,0.0,AUX,?,,,,electron,False,False,False,,
7,200,p0200,-0.2604,0.2604,0.0,1.0,0.0,0.0,AUX,?,,,,proton,False,False,False,,
7,201,p0201,-2.0417,2.0417,0.0,1.0,0.0,0.0,AUX,?,,,,photon,False,False,False,,
7,202,p0202,-1.6667,1.6667,0.0,1.0,0.0,0.0,AUX,?,,,,neutron,False,False,False,,
7,203,p0203,0.25,0.25,1.0,0.0,0.0,0.0,AUX,?,,,,electron,False,False,False,,
7,204,p0204,0.2917,0.2917,1.0,0.0,0.0,0.0,AUX,?,,,,proton,False,False,False,,
7,205,p0205,0.7917,0.7917,1.0,0.0,0.0,0.0,AUX,?,,,,proton,False,False,False,,
7,206,p0206,-0.5365,0.5365,0.0,1.0,0.0,0.0,AUX,?,,,,proton,False,False,False,,
7,207,p0207,-1.0417,1.0417,0.0,1.0,0.0,0.0,AUX,?,,,,neutron,False,False,False,,
7,208,p0208,-0.8854,0.8854,0.0,1.0,0.0,0.0,AUX,?,,,,photon,False,False,False,,
7,209,p0209,1.3802,1.3802,1.0,0.0,0.0,0.0,AUX,?,,,,neutron,False,False,False,,
7,210,p0210,-0.4531,0.4531,0.0,1.0,0.0,0.0,AUX,?,,,,neutron,False,False,False,,
7,211,p0211,0.125,0.125,1.0,0.0,0.0,0.0,AUX,?,,,,proton,False,False,False,,
7,212,p0212,-2.3125,2.3125,0.0,1.0,0.0,0.0,AUX,?,,,,photon,False,False,False,,
7,213,p0213,-0.8073,0.8073,0.0,1.0,0.0,0.0,AUX,?,,,,photon,False,False,False,,
7,214,p0214,0.4271,0.4271,1.0,0.0,0.0,0.0,AUX,?,,,,electron,False,False,False,,
7,215,p0215,0.3854,0.3854,1.0,0.0,0.0,0.0,AUX,?,,,,proton,False,False,False,,
7,216,p0216,1.125,1.125,1.0,0.0,0.0,0.0,AUX,?,,,,neutron,False,False,False,,
7,217,p0217,-0.1042,0.1042,0.0,0.8333,0.0,0.0,AUX,?,,,,neutron,False,False,False,,
7,218,p0218,-0.5729,0.5729,0.0,1.0,0.0,0.0,AUX,?,,,,electron,False,False,False,,
7,219,p0219,-0.2083,0.2083,0.0,1.0,0.0,0.0,AUX,?,,,,electron,False,False,False,,
7,220,p0220,1.4583,1.4583,1.0,0.0,0.0,0.0,AUX,?,,,,neutron,False,False,False,,
7,221,p0221,-2.4531,2.4531,0.0,1.0,3.0,0.5,AUX,?,,,,photon,False,False,False,,
7,222,p0222,-1.0052,1.0052,0.0,1.0,0.0,0.0,AUX,?,,,,photon,False,False,False,,
7,223,p0223,-2.3073,2.3073,0.0,1.0,1.0,0.1667,AUX,?,,,,photon,False,False,False,,
7,224,p0224,-0.4271,0.4271,0.0,1.0,0.0,0.0,AUX,?,,,,electron,False,False,False,,
7,225,p0225,-1.8854,1.8854,0.0,1.0,0.0,0.0,AUX,?,,,,photon,False,False,False,,
7,226,p0226,-0.9427,0.9427,0.0,1.0,0.0,0.0,AUX,?,,,,photon,False,False,False,,
7,227,p0227,-0.25,0.25,0.0,1.0,0.0,0.0,AUX,?,,,,photon,False,False,False,,
7,228,p0228,0.375,0.375,1.0,0.0,0.0,0.0,AUX,?,,,,photon,False,False,False,,
7,229,p0229,-0.3906,0.3906,0.0,1.0,0.0,0.0,AUX,?,,,,proton,False,False,False,,
7,230,p0230,0.6771,0.6771,1.0,0.0,0.0,0.0,AUX,?,,,,neutron,False,False,False,,
7,231,p0231,0.3438,0.3438,1.0,0.0,0.0,0.0,AUX,?,,,,photon,False,False,False,,
7,232,p0232,0.1823,0.1823,1.0,0.0,0.0,0.0,AUX,?,,,,proton,False,False,False,,
7,233,p0233,-2.1875,2.1875,0.0,1.0,0.0,0.0,AUX,?,,,,photon,False,False,False,,
7,234,p0234,-0.9792,0.9792,0.0,1.0,0.0,0.0,AUX,?,,,,photon,False,False,False,,
7,235,p0235,-1.5938,1.5938,0.0,1.0,0.0,0.0,AUX,?,,,,photon,False,False,False,,
7,236,p0236,-0.2604,0.2604,0.0,1.0,0.0,0.0,AUX,?,,,,electron,False,False,False,,
7,237,p0237,-0.5417,0.5417,0.0,1.0,0.0,0.0,AUX,?,,,,proton,False,False,False,,
7,238,p0238,-0.0208,0.0417,0.1667,0.3333,0.0,0.0,AUX,?,,,,proton,False,False,False,,
7,239,p0239,0.7708,0.7708,1.0,0.0,0.0,0.0,AUX,?,,,,neutron,False,False,False,,
7,240,p0240,-1.5625,1.5625,0.0,1.0,0.0,0.0,AUX,?,,,,photon,False,False,False,,
7,241,p0241,-0.8125,0.8125,0.0,1.0,0.0,0.0,AUX,?,,,,proton,False,False,False,,
7,242,p0242,-0.6875,0.6875,0.0,1.0,0.0,0.0,AUX,?,,,,photon,False,False,False,,
7,243,p0243,0.7865,0.7865,1.0,0.0,0.0,0.0,AUX,?,,,,neutron,False,False,False,,
7,244,p0244,-0.6406,0.6406,0.0,1.0,0.0,0.0,AUX,?,,,,proton,False,False,False,,
7,245,p0245,-0.3438,0.3438,0.0,1.0,0.0,0.0,AUX,?,,,,photon,False,False,False,,
7,246,p0246,-0.1771,0.2396,0.3333,0.6667,0.0,0.0,AUX,?,,,,neutron,False,False,False,,
7,247,p0247,1.6458,1.6458,1.0,0.0,0.0,0.0,AUX,?,,,,photon,False,False,False,,
7,248,p0248,-1.7604,1.7604,0.0,1.0,0.0,0.0,AUX,?,,,,photon,False,False,False,,
7,249,p0249,0.1094,0.1719,0.6667,0.3333,0.0,0.0,AUX,?,,,,photon,False,False,False,,
7,250,p0250,-0.1146,0.2396,0.3333,0.6667,0.0,0.0,AUX,?,,,,photon,False,False,False,,
7,251,p0251,-1.3438,1.3438,0.0,1.0,0.0,0.0,AUX,?,,,,photon,False,False,False,,
7,252,p0252,0.1146,0.1146,0.8333,0.0,0.0,0.0,AUX,?,,,,neutron,False,False,False,,
7,253,p0253,-1.7812,1.7812,0.0,1.0,0.0,0.0,AUX,?,,,,photon,False,False,False,,
7,254,p0254,-0.0417,0.0833,0.1667,0.5,0.0,0.0,AUX,?,,,,neutron,False,False,False,,
7,255,p0255,-1.8021,1.8021,0.0,1.0,0.0,0.0,AUX,?,,,,photon,False,False,False,,
7,256,p0256,-1.0938,1.0938,0.0,1.0,0.0,0.0,AUX,?,,,,photon,False,False,False,,
7,257,p0257,0.5885,0.5885,1.0,0.0,0.0,0.0,AUX,?,,,,proton,False,False,False,,
7,258,p0258,-1.0104,1.0104,0.0,1.0,0.0,0.0,AUX,?,,,,neutron,False,False,False,,
7,259,p0259,-0.4583,0.5833,0.1667,0.8333,0.0,0.0,AUX,?,,,,electron,False,False,False,,
7,260,p0260,-0.6276,0.6276,0.0,1.0,0.0,0.0,AUX,?,,,,electron,False,False,False,,
7,261,p0261,0.6302,0.6302,1.0,0.0,0.0,0.0,AUX,?,,,,photon,False,False,False,,
7,262,p0262,0.349,0.349,1.0,0.0,0.0,0.0,AUX,?,,,,neutron,False,False,False,,
7,263,p0263,-1.5521,1.5521,0.0,1.0,0.0,0.0,AUX,?,,,,electron,False,False,False,,
7,264,p0264,0.4479,0.4479,1.0,0.0,0.0,0.0,AUX,?,,,,photon,False,False,False,,
7,265,p0265,-0.0156,0.0365,0.3333,0.3333,0.0,0.0,AUX,?,,,,proton,False,False,False,,
7,266,p0266,-1.2708,1.2708,0.0,1.0,0.0,0.0,AUX,?,,,,electron,False,False,False,,
7,267,p0267,-0.6667,0.6667,0.0,1.0,0.0,0.0,AUX,?,,,,proton,False,False,False,,
7,268,p0268,-0.3542,0.3542,0.0,1.0,0.0,0.0,AUX,?,,,,proton,False,False,False,,
7,269,p0269,-1.0833,1.0833,0.0,1.0,0.0,0.0,AUX,?,,,,photon,False,False,False,,
7,270,p0270,-0.5885,0.5885,0.0,1.0,0.0,0.0,AUX,?,,,,neutron,False,False,False,,
7,271,p0271,-0.2552,0.2552,0.0,1.0,0.0,0.0,AUX,?,,,,electron,False,False,False,,
7,272,p0272,0.4479,0.4479,1.0,0.0,0.0,0.0,AUX,?,,,,neutron,False,False,False,,
7,273,p0273,-0.3958,0.3958,0.0,1.0,0.0,0.0,AUX,?,,,,neutron,False,False,False,,
7,274,p0274,0.6042,0.6042,1.0,0.0,0.0,0.0,AUX,?,,,,electron,False,False,False,,
7,275,p0275,-1.6302,1.6302,0.0,1.0,0.0,0.0,AUX,?,,,,neutron,False,False,False,,
7,276,p0276,-0.0208,0.1146,0.1667,0.8333,0.0,0.0,AUX,?,,,,proton,False,False,False,,
7,277,p0277,0.125,0.125,0.6667,0.0,0.0,0.0,AUX,?,,,,neutron,False,False,False,,
7,278,p0278,-0.776,0.776,0.0,1.0,0.0,0.0,AUX,?,,,,photon,False,False,False,,
7,279,p0279,-1.0521,1.0521,0.0,1.0,0.0,0.0,AUX,?,,,,photon,False,False,False,,
7,280,p0280,-1.5573,1.5573,0.0,1.0,0.0,0.0,AUX,?,,,,photon,False,False,False,,
7,281,p0281,-0.349,0.349,0.0,1.0,0.0,0.0,AUX,?,,,,proton,False,False,False,,
7,282,p0282,-1.0417,1.0417,0.0,1.0,0.0,0.0,AUX,?,,,,electron,False,False,False,,
7,283,p0283,-0.1771,0.1771,0.0,1.0,0.0,0.0,AUX,?,,,,neutron,False,False,False,,
7,284,p0284,-0.1719,0.1719,0.0,1.0,0.0,0.0,AUX,?,,,,proton,False,False,False,,
7,285,p0285,-0.2969,0.2969,0.0,1.0,0.0,0.0,AUX,?,,,,neutron,False,False,False,,
7,286,p0286,-0.849,0.849,0.0,1.0,0.0,0.0,AUX,?,,,,photon,False,False,False,,
7,287,p0287,0.7708,0.7708,1.0,0.0,0.0,0.0,AUX,?,,,,electron,False,False,False,,
7,288,p0288,0.1615,0.1927,0.6667,0.1667,0.0,0.0,AUX,?,,,,photon,False,False,False,,
7,289,p0289,0.0521,0.1042,0.3333,0.1667,0.0,0.0,AUX,?,,,,proton,False,False,False,,
7,290,p0290,0.2604,0.2604,1.0,0.0,0.0,0.0,AUX,?,,,,neutron,False,False,False,,
7,291,p0291,-0.4375,0.4375,0.0,1.0,0.0,0.0,AUX,?,,,,photon,False,False,False,,
7,292,p0292,0.6979,0.6979,1.0,0.0,0.0,0.0,AUX,?,,,,photon,False,False,False,,
7,293,p0293,-0.4062,0.4062,0.0,1.0,0.0,0.0,AUX,?,,,,photon,False,False,False,,
7,294,p0294,-0.4896,0.4896,0.0,1.0,0.0,0.0,AUX,?,,,,photon,False,False,False,,
7,295,p0295,-1.4323,1.4323,0.0,1.0,0.0,0.0,AUX,?,,,,photon,False,False,False,,
7,296,p0296,-0.0521,0.2812,0.3333,0.6667,0.0,0.0,AUX,?,,,,electron,False,False,False,,
7,297,p0297,0.3281,0.3281,1.0,0.0,0.0,0.0,AUX,?,,,,electron,False,False,False,,
7,298,p0298,-0.0938,0.1354,0.1667,0.6667,0.0,0.0,AUX,?,,,,neutron,False,False,False,,
7,299,p0299,0.2656,0.2656,1.0,0.0,0.0,0.0,AUX,?,,,,proton,False,False,False,,
7,300,p0300,-1.0104,1.0104,0.0,1.0,0.0,0.0,AUX,?,,,,neutron,False,False,False,,
7,301,p0301,-1.7031,1.7031,0.0,1.0,0.0,0.0,AUX,?,,,,neutron,False,False,False,,
7,302,p0302,-0.1458,0.1458,0.0,1.0,0.0,0.0,AUX,?,,,,neutron,False,False,False,,
7,303,p0303,-1.6042,1.6042,0.0,1.0,0.0,0.0,AUX,?,,,,neutron,False,False,False,,
7,304,p0304,-1.6094,1.6094,0.0,1.0,0.0,0.0,AUX,?,,,,electron,False,False,False,,
7,305,p0305,-4.2344,4.2344,0.0,1.0,6.0,1.0,AUX,?,,,,photon,False,False,False,,
7,306,p0306,-1.3281,1.3281,0.0,1.0,0.0,0.0,AUX,?,,,,photon,False,False,False,,
7,307,p0307,-0.5469,0.5469,0.0,1.0,0.0,0.0,AUX,?,,,,photon,False,False,False,,
7,308,p0308,0.625,0.625,1.0,0.0,0.0,0.0,AUX,?,,,,electron,False,False,False,,
7,309,p0309,-0.75,0.75,0.0,1.0,0.0,0.0,AUX,?,,,,electron,False,False,False,,
7,310,p0310,-0.8854,0.8854,0.0,1.0,0.0,0.0,AUX,?,,,,electron,False,False,False,,
7,311,p0311,-0.6875,0.6875,0.0,1.0,0.0,0.0,AUX,?,,,,electron,False,False,False,,
7,312,p0312,-0.8438,0.8438,0.0,1.0,0.0,0.0,AUX,?,,,,neutron,False,False,False,,
7,313,p0313,-0.7604,0.7604,0.0,1.0,0.0,0.0,AUX,?,,,,neutron,False,False,False,,
7,314,p0314,-0.3906,0.3906,0.0,0.8333,0.0,0.0,AUX,?,,,,electron,False,False,False,,
7,315,p0315,-0.9375,0.9375,0.0,1.0,0.0,0.0,AUX,?,,,,photon,False,False,False,,
7,316,p0316,-1.3073,1.3073,0.0,1.0,0.0,0.0,AUX,?,,,,photon,False,False,False,,
7,317,p0317,-1.0677,1.0677,0.0,1.0,0.0,0.0,AUX,?,,,,neutron,False,False,False,,
7,318,p0318,-1.6979,1.6979,0.0,1.0,0.0,0.0,AUX,?,,,,photon,False,False,False,,
7,319,p0319,0.625,0.625,1.0,0.0,0.0,0.0,AUX,?,,,,neutron,False,False,False,,
7,320,p0320,-0.4583,0.4583,0.0,1.0,0.0,0.0,AUX,?,,,,photon,False,False,False,,
7,321,p0321,-0.2396,0.2396,0.0,1.0,0.0,0.0,AUX,?,,,,proton,False,False,False,,
7,322,p0322,-1.7969,1.7969,0.0,1.0,0.0,0.0,AUX,?,,,,neutron,False,False,False,,
7,323,p0323,-1.1146,1.1146,0.0,1.0,0.0,0.0,AUX,?,,,,photon,False,False,False,,
7,324,p0324,-0.474,0.474,0.0,1.0,0.0,0.0,AUX,?,,,,proton,False,False,False,,
7,325,p0325,-0.8021,0.8125,0.1667,0.8333,0.0,0.0,AUX,?,,,,photon,False,False,False,,
7,326,p0326,-1.974,1.974,0.0,1.0,0.0,0.0,AUX,?,,,,photon,False,False,False,,
7,327,p0327,-0.4583,0.4583,0.0,1.0,0.0,0.0,AUX,?,,,,electron,False,False,False,,
7,328,p0328,-0.6146,0.6146,0.0,1.0,0.0,0.0,AUX,?,,,,neutron,False,False,False,,
7,329,p0329,-2.9375,2.9375,0.0,1.0,6.0,1.0,AUX,?,,,,photon,False,False,False,,
7,330,p0330,-1.1979,1.1979,0.0,1.0,0.0,0.0,AUX,?,,,,neutron,False,False,False,,
7,331,p0331,0.1667,0.1875,0.8333,0.1667,0.0,0.0,AUX,?,,,,neutron,False,False,False,,
7,332,p0332,-1.6406,1.6406,0.0,1.0,0.0,0.0,AUX,?,,,,photon,False,False,False,,
7,333,p0333,-1.25,1.25,0.0,1.0,0.0,0.0,AUX,?,,,,photon,False,False,False,,
7,334,p0334,-1.5208,1.5208,0.0,1.0,0.0,0.0,AUX,?,,,,neutron,False,False,False,,
7,335,p0335,0.4375,0.4375,1.0,0.0,0.0,0.0,AUX,?,,,,proton,False,False,False,,
7,336,p0336,-0.7344,0.7344,0.0,1.0,0.0,0.0,AUX,?,,,,electron,False,False,False,,
7,337,p0337,-1.2917,1.2917,0.0,1.0,0.0,0.0,AUX,?,,,,proton,False,False,False,,
7,338,p0338,-0.5938,0.5938,0.0,1.0,0.0,0.0,AUX,?,,,,neutron,False,False,False,,
7,339,p0339,-1.349,1.349,0.0,1.0,0.0,0.0,AUX,?,,,,neutron,False,False,False,,
7,340,p0340,1.1562,1.1562,1.0,0.0,0.0,0.0,AUX,?,,,,photon,False,False,False,,
7,341,p0341,-0.3594,0.3594,0.0,1.0,0.0,0.0,AUX,?,,,,proton,False,False,False,,
7,342,p0342,-0.3125,0.3125,0.0,1.0,0.0,0.0,AUX,?,,,,electron,False,False,False,,
7,343,p0343,-2.3542,2.3542,0.0,1.0,2.0,0.3333,AUX,?,,,,neutron,False,False,False,,
7,344,p0344,-0.8229,0.8229,0.0,1.0,0.0,0.0,AUX,?,,,,photon,False,False,False,,
7,345,p0345,0.7083,0.7083,1.0,0.0,0.0,0.0,AUX,?,,,,neutron,False,False,False,,
7,346,p0346,1.5,1.5,1.0,0.0,0.0,0.0,AUX,?,,,,photon,False,False,False,,
7,347,p0347,0.2812,0.2812,1.0,0.0,0.0,0.0,AUX,?,,,,proton,False,False,False,,
7,348,p0348,-1.8438,1.8438,0.0,1.0,0.0,0.0,AUX,?,,,,photon,False,False,False,,
7,349,p0349,-1.2917,1.2917,0.0,1.0,0.0,0.0,AUX,?,,,,neutron,False,False,False,,
7,350,p0350,-0.2604,0.2604,0.0,1.0,0.0,0.0,AUX,?,,,,photon,False,False,False,,
7,351,p0351,-0.9948,0.9948,0.0,1.0,0.0,0.0,AUX,?,,,,photon,False,False,False,,
7,352,p0352,-1.0833,1.0833,0.0,1.0,0.0,0.0,AUX,?,,,,neutron,False,False,False,,
7,353,p0353,0.0365,0.0781,0.6667,0.1667,0.0,0.0,AUX,?,,,,proton,False,False,False,,
7,354,p0354,-0.8021,0.8021,0.0,1.0,0.0,0.0,AUX,?,,,,photon,False,False,False,,
7,355,p0355,-0.5208,0.5208,0.0,1.0,0.0,0.0,AUX,?,,,,photon,False,False,False,,
7,356,p0356,-1.5104,1.5104,0.0,1.0,0.0,0.0,AUX,?,,,,electron,False,False,False,,
7,357,p0357,-0.75,0.75,0.0,1.0,0.0,0.0,AUX,?,,,,photon,False,False,False,,
7,358,p0358,-3.0417,3.0417,0.0,1.0,6.0,1.0,AUX,?,,,,photon,False,False,False,,
7,359,p0359,1.599,1.599,1.0,0.0,0.0,0.0,AUX,?,,,,proton,False,False,False,,
7,360,p0360,-0.9062,0.9062,0.0,1.0,0.0,0.0,AUX,?,,,,photon,False,False,False,,
7,361,p0361,-0.5521,0.5521,0.0,1.0,0.0,0.0,AUX,?,,,,proton,False,False,False,,
7,362,p0362,-0.8594,0.8594,0.0,1.0,0.0,0.0,AUX,?,,,,neutron,False,False,False,,
7,363,p0363,-0.4479,0.4479,0.0,1.0,0.0,0.0,AUX,?,,,,neutron,False,False,False,,
7,364,p0364,-0.099,0.099,0.0,1.0,0.0,0.0,AUX,?,,,,proton,False,False,False,,
7,365,p0365,-1.2708,1.2708,0.0,1.0,0.0,0.0,AUX,?,,,,neutron,False,False,False,,
7,366,p0366,-2.9583,2.9583,0.0,1.0,6.0,1.0,AUX,?,,,,photon,False,False,False,,
7,367,p0367,0.6979,0.6979,1.0,0.0,0.0,0.0,AUX,?,,,,neutron,False,False,False,,
7,368,p0368,-1.0234,1.0234,0.0,1.0,0.0,0.0,AUX,?,,,,photon,False,False,False,,
7,369,p0369,-1.2708,1.2708,0.0,1.0,0.0,0.0,AUX,?,,,,photon,False,False,False,,
7,370,p0370,-0.8229,0.8229,0.0,1.0,0.0,0.0,AUX,?,,,,electron,False,False,False,,
7,371,p0371,0.5208,0.5208,1.0,0.0,0.0,0.0,AUX,?,,,,photon,False,False,False,,
7,372,p0372,-2.1823,2.1823,0.0,1.0,1.0,0.1667,AUX,?,,,,photon,False,False,False,,
7,373,p0373,0.1771,0.1771,1.0,0.0,0.0,0.0,AUX,?,,,,proton,False,False,False,,
7,374,p0374,-0.4948,0.4948,0.0,1.0,0.0,0.0,AUX,?,,,,proton,False,False,False,,
7,375,p0375,-1.7448,1.7448,0.0,1.0,0.0,0.0,AUX,?,,,,photon,False,False,False,,
7,376,p0376,0.2552,0.2552,1.0,0.0,0.0,0.0,AUX,?,,,,electron,False,False,False,,
7,377,p0377,-1.0312,1.0312,0.0,1.0,0.0,0.0,AUX,?,,,,electron,False,False,False,,
7,378,p0378,-0.7292,0.7292,0.0,1.0,0.0,0.0,AUX,?,,,,photon,False,False,False,,
7,379,p0379,0.099,0.1198,0.8333,0.1667,0.0,0.0,AUX,?,,,,proton,False,False,False,,
7,380,p0380,0.4948,0.4948,1.0,0.0,0.0,0.0,AUX,?,,,,photon,False,False,False,,
7,381,p0381,-1.5,1.5,0.0,1.0,0.0,0.0,AUX,?,,,,neutron,False,False,False,,
7,382,p0382,-0.5938,0.5938,0.0,1.0,0.0,0.0,AUX,?,,,,photon,False,False,False,,
7,383,p0383,-0.9896,0.9896,0.0,1.0,0.0,0.0,AUX,?,,,,photon,False,False,False,,
7,384,p0384,-0.8854,0.8854,0.0,1.0,0.0,0.0,AUX,?,,,,proton,False,False,False,,
7,385,p0385,-0.5,0.5,0.0,1.0,0.0,0.0,AUX,?,,,,neutron,False,False,False,,
7,386,p0386,-0.8229,0.8229,0.0,1.0,0.0,0.0,AUX,?,,,,electron,False,False,False,,
7,387,p0387,-0.5,0.5,0.0,1.0,0.0,0.0,AUX,?,,,,neutron,False,False,False,,
7,388,p0388,-0.7812,0.7812,0.0,1.0,0.0,0.0,AUX,?,,,,electron,False,False,False,,
7,389,p0389,-0.4062,0.4062,0.0,1.0,0.0,0.0,AUX,?,,,,neutron,False,False,False,,
7,390,p0390,0.5104,0.5104,1.0,0.0,0.0,0.0,AUX,?,,,,neutron,False,False,False,,
7,391,p0391,1.6146,1.6146,1.0,0.0,0.0,0.0,AUX,?,,,,photon,False,False,False,,
7,392,p0392,-1.4167,1.4167,0.0,1.0,0.0,0.0,AUX,?,,,,electron,False,False,False,,
7,393,p0393,-0.5208,0.5208,0.0,1.0,0.0,0.0,AUX,?,,,,proton,False,False,False,,
7,394,p0394,-2.0469,2.0469,0.0,1.0,0.0,0.0,AUX,?,,,,photon,False,False,False,,
7,395,p0395,-0.5677,0.5677,0.0,1.0,0.0,0.0,AUX,?,,,,neutron,False,False,False,,
7,396,p0396,-0.1771,0.1771,0.0,0.8333,0.0,0.0,AUX,?,,,,neutron,False,False,False,,
7,397,p0397,-0.2708,0.2708,0.0,1.0,0.0,0.0,AUX,?,,,,electron,False,False,False,,
7,398,p0398,-0.8125,0.8125,0.0,1.0,0.0,0.0,AUX,?,,,,neutron,False,False,False,,
7,399,p0399,0.4271,0.4271,1.0,0.0,0.0,0.0,AUX,?,,,,photon,False,False,False,,
7,400,p0400,1.5833,1.5833,1.0,0.0,0.0,0.0,AUX,?,,,,photon,False,False,False,,
7,401,p0401,1.7917,1.7917,1.0,0.0,0.0,0.0,AUX,?,,,,neutron,False,False,False,,
7,402,p0402,-1.5729,1.5729,0.0,1.0,0.0,0.0,AUX,?,,,,photon,False,False,False,,
7,403,p0403,-0.2604,0.2604,0.0,1.0,0.0,0.0,AUX,?,,,,proton,False,False,False,,
7,404,p0404,-1.3099,1.3099,0.0,1.0,0.0,0.0,AUX,?,,,,electron,False,False,False,,
7,405,p0405,0.6875,0.6875,1.0,0.0,0.0,0.0,AUX,?,,,,photon,False,False,False,,
7,406,p0406,1.125,1.125,1.0,0.0,0.0,0.0,AUX,?,,,,neutron,False,False,False,,
7,407,p0407,0.875,0.875,1.0,0.0,0.0,0.0,AUX,?,,,,photon,False,False,False,,
7,408,p0408,-0.4844,0.4844,0.0,1.0,0.0,0.0,AUX,?,,,,photon,False,False,False,,
7,409,p0409,-0.8542,0.8542,0.0,1.0,0.0,0.0,AUX,?,,,,proton,False,False,False,,
7,410,p0410,-0.8333,0.8333,0.0,1.0,0.0,0.0,AUX,?,,,,photon,False,False,False,,
7,411,p0411,0.9375,0.9375,1.0,0.0,0.0,0.0,AUX,?,,,,electron,False,False,False,,
7,412,p0412,-0.7031,0.7031,0.0,1.0,0.0,0.0,AUX,?,,,,proton,False,False,False,,
7,413,p0413,-4.0,4.0,0.0,1.0,6.0,1.0,AUX,?,,,,photon,False,False,False,,
7,414,p0414,-0.7812,0.7812,0.0,1.0,0.0,0.0,AUX,?,,,,neutron,False,False,False,,
7,415,p0415,0.3906,0.3906,1.0,0.0,0.0,0.0,AUX,?,,,,proton,False,False,False,,
7,416,p0416,-0.3073,0.3073,0.0,1.0,0.0,0.0,AUX,?,,,,neutron,False,False,False,,
7,417,p0417,-0.0312,0.1562,0.3333,0.6667,0.0,0.0,AUX,?,,,,photon,False,False,False,,
7,418,p0418,-0.0833,0.0833,0.0,1.0,0.0,0.0,AUX,?,,,,photon,False,False,False,,
7,419,p0419,-1.3802,1.3802,0.0,1.0,0.0,0.0,AUX,?,,,,photon,False,False,False,,
7,420,p0420,0.9792,0.9792,1.0,0.0,0.0,0.0,AUX,?,,,,photon,False,False,False,,
7,421,p0421,0.3073,0.3073,1.0,0.0,0.0,0.0,AUX,?,,,,proton,False,False,False,,
7,422,p0422,1.3646,1.3646,1.0,0.0,0.0,0.0,AUX,?,,,,neutron,False,False,False,,
7,423,p0423,0.0625,0.125,0.6667,0.1667,0.0,0.0,AUX,?,,,,electron,False,False,False,,
7,424,p0424,-1.0469,1.0469,0.0,1.0,0.0,0.0,AUX,?,,,,photon,False,False,False,,
7,425,p0425,-0.3333,0.3333,0.0,1.0,0.0,0.0,AUX,?,,,,neutron,False,False,False,,
7,426,p0426,0.0625,0.0625,0.8333,0.0,0.0,0.0,AUX,?,,,,proton,False,False,False,,
7,427,p0427,0.0781,0.099,0.6667,0.3333,0.0,0.0,AUX,?,,,,proton,False,False,False,,
7,428,p0428,-0.8542,0.8542,0.0,1.0,0.0,0.0,AUX,?,,,,electron,False,False,False,,
7,429,p0429,-0.8542,0.8542,0.0,1.0,0.0,0.0,AUX,?,,,,electron,False,False,False,,
7,430,p0430,-0.0417,0.0417,0.0,0.5,0.0,0.0,AUX,?,,,,electron,False,False,False,,
7,431,p0431,0.5547,0.5547,1.0,0.0,0.0,0.0,AUX,?,,,,neutron,False,False,False,,
7,432,p0432,-1.4583,1.4583,0.0,1.0,0.0,0.0,AUX,?,,,,photon,False,False,False,,
7,433,p0433,-0.3281,0.3281,0.0,1.0,0.0,0.0,AUX,?,,,,electron,False,False,False,,
7,434,p0434,1.5208,1.5208,1.0,0.0,0.0,0.0,AUX,?,,,,neutron,False,False,False,,
7,435,p0435,-0.0521,0.0521,0.0,0.8333,0.0,0.0,AUX,?,,,,photon,False,False,False,,
7,436,p0436,-1.7812,1.7812,0.0,1.0,0.0,0.0,AUX,?,,,,photon,False,False,False,,
7,437,p0437,-1.4792,1.4792,0.0,1.0,0.0,0.0,AUX,?,,,,electron,False,False,False,,
7,438,p0438,-0.4948,0.4948,0.0,1.0,0.0,0.0,AUX,?,,,,photon,False,False,False,,
7,439,p0439,-0.7318,0.7318,0.0,1.0,0.0,0.0,AUX,?,,,,electron,False,False,False,,
7,440,p0440,-0.5312,0.5312,0.0,1.0,0.0,0.0,AUX,?,,,,proton,False,False,False,,
7,441,p0441,-0.0208,0.0312,0.1667,0.3333,0.0,0.0,AUX,?,,,,proton,False,False,False,,
7,442,p0442,-0.5938,0.5938,0.0,1.0,0.0,0.0,AUX,?,,,,proton,False,False,False,,
7,443,p0443,0.3333,0.3333,1.0,0.0,0.0,0.0,AUX,?,,,,photon,False,False,False,,
7,444,p0444,-0.4479,0.4479,0.0,1.0,0.0,0.0,AUX,?,,,,electron,False,False,False,,
7,445,p0445,-0.375,0.375,0.0,1.0,0.0,0.0,AUX,?,,,,electron,False,False,False,,
7,446,p0446,-0.9271,0.9271,0.0,1.0,0.0,0.0,AUX,?,,,,photon,False,False,False,,
