{
  "behaviour": "grammar_agreement",
  "n_prompts": 20,
  "full_matrix_missingness": 0.9484289617486339,
  "structural_missingness": 0.9375,
  "effective_missingness": 0.17486338797814208,
  "n_features": 61,
  "n_experiment_types": 3,
  "subsampling_curve": {
    "ks": [
      1,
      2,
      3,
      4,
      5,
      6,
      7,
      8,
      9,
      10,
      11,
      12,
      13,
      14,
      15,
      16,
      17,
      18,
      19,
      20
    ],
    "coverages": [
      0.9602649006622517,
      0.9801324503311258,
      0.9867549668874173,
      0.9933774834437086,
      0.9933774834437086,
      0.9933774834437086,
      1.0,
      0.9933774834437086,
      1.0,
      1.0,
      1.0,
      1.0,
      1.0,
      1.0,
      1.0,
      1.0,
      1.0,
      1.0,
      1.0,
      1.0
    ]
  },
  "target_n": {
    "0.8": 1,
    "0.9": 1
  }
}